Name,BSE Code,NSE Code,ISIN Code,Industry Group,Industry,Current Price,Intrinsic Value,Market Capitalization,Price to Earning,Industry PE,Return on capital employed,Return on equity,Debt to equity,Current ratio,Interest Coverage Ratio,Debt,Reserves,Sales growth,Profit growth,Promoter holding,Change in promoter holding,FII holding,Change in FII holding,DII holding,Change in DII holding,Public holding,QoQ Based on net profit,QoQ Based on EBIT,QoQ OperatingProfit per,Receivables to Sales,Receivables to Sales Ratio,YoY operting profit per,YoY Based on operating profit,YoY Based on net profit quarterly,EPS latest quarter,EPS preceding year quarter,Profit after tax preceding year,Profit before tax preceding year,Other income preceding year,Operating profit preceding year,Sales preceding year,EBIT preceding year,EBIDT preceding year,OPM preceding year,EPS preceding year,Sales preceding year quarter,Operating profit preceding year quarter,Other income preceding year quarter,EBIDT preceding year quarter,Depreciation preceding year quarter,EBIT preceding year quarter,Net Profit preceding year quarter,OPM preceding year quarter,NPM preceding year quarter,Equity Capital preceding year quarter,Profit before tax preceding year quarter,Interest preceding year quarter,Extraordinary items preceding year quarter,Profit after tax preceding year quarter,Tax preceding year quarter
20 Microns,533022,20MICRONS,INE144J01027,Minerals & Mining,Industrial Minerals,196.03,371.40,690.32,10.15,17.89,17.31,14.54,0.32,1.92,6.65,156.00,465.98,2.36,9.01,45.04,0.00,0.41,0.00,0.07,-0.03,54.49,0.85,-1.44,1.68,18.57,18.57,1.97,0.29,5.16,5.04,4.78,63.89,82.70,1.73,117.39,912.79,102.87,121.13,12.86,17.68,247.16,31.51,1.06,32.60,5.00,27.60,16.87,12.75,6.83,17.64,22.87,4.70,-0.03,16.88,6.00
360 ONE,542772,360ONE,INE466L01038,Capital Markets,Stockbroking & Allied,1147.80,697.54,46690.40,37.00,19.99,12.13,14.39,1.62,2.69,2.34,15931.31,9794.94,36.82,19.48,6.20,-0.04,58.55,-4.78,18.70,5.95,16.53,14.47,15.28,16.48,10.90,10.90,36.52,17.20,16.11,8.13,7.04,1081.34,1346.82,-87.11,2391.48,3683.87,2321.44,2391.97,64.92,25.83,911.46,565.89,68.58,634.47,32.13,602.34,284.67,62.09,31.23,40.42,373.80,228.54,0.00,284.67,89.13
3i Infotech,532628,3IINFOLTD,INE748C01038,IT - Software,Computers - Software & Consulting,24.39,18.73,506.29,13.43,23.39,12.99,11.08,0.16,1.13,12.31,61.57,173.78,-2.21,-9.74,0.00,0.00,0.50,0.19,14.26,0.00,85.25,-10.32,-7.86,-152.65,15.42,15.42,-246.53,178.32,-13.64,0.31,0.37,24.85,11.61,23.22,23.76,725.76,18.50,46.28,3.27,1.22,170.55,-3.46,21.53,18.07,4.62,13.45,7.55,-2.03,4.43,169.63,12.10,1.35,0.00,7.62,4.55
3P Land Hold.,516092,3PLAND,INE105C01023,Finance,Investment Company,31.63,53.02,56.14,24.73,36.02,2.38,1.78,0.00,0.45,,0.00,101.06,7.13,9.66,73.30,0.00,0.00,0.00,0.00,0.00,26.70,9.52,10.71,10.34,0.00,0.00,28.00,16.00,24.32,0.26,0.21,2.07,2.76,0.01,2.79,4.47,2.75,2.79,62.42,1.16,0.91,0.50,0.00,0.50,0.01,0.49,0.37,54.95,40.66,3.60,0.49,0.00,0.00,0.37,0.12
5paisa Capital,540776,5PAISA,INE618L01018,Capital Markets,Stockbroking & Allied,353.25,194.65,1653.99,37.41,19.99,9.93,7.05,0.58,1.74,2.76,378.56,617.97,-1.44,-25.95,36.50,3.74,15.11,2.70,0.00,-0.01,48.38,6.54,1.31,1.40,0.06,0.06,3.45,2.02,0.17,2.47,2.46,68.22,91.22,0.01,127.41,359.84,115.19,127.41,35.41,14.55,77.69,25.19,0.08,25.27,2.50,22.77,11.55,32.42,14.87,31.24,15.49,7.28,0.00,11.55,3.95
7NR Retail Ltd,540615,,INE413X01035,Retailing,Speciality Retail,5.91,11.33,16.55,11.99,49.88,0.62,0.48,0.16,5.90,12.20,4.74,1.18,-52.88,91.67,0.00,-10.04,0.00,0.00,0.00,0.00,100.00,-453.13,-926.32,-218.11,79.22,79.22,-982.35,647.06,-1127.27,0.20,-0.02,0.33,0.43,0.09,0.45,21.47,0.74,0.54,2.10,0.06,4.95,-0.17,0.13,-0.04,0.04,-0.08,-0.11,-3.43,-2.22,28.01,-0.11,0.03,0.00,-0.11,0.00
A B B,500002,ABB,INE117A01022,Electrical Equipment,Heavy Electrical Equipment,7601.00,2482.54,161039.50,104.49,33.62,29.93,22.39,0.02,2.19,126.41,144.52,9297.10,10.22,-13.03,75.00,0.00,7.67,-0.52,9.89,0.61,7.44,-79.69,7.47,9.46,24.31,24.31,11.44,1.80,3.00,17.10,16.60,1876.15,2510.29,344.38,2311.28,12188.31,2535.76,2664.68,18.96,88.33,2940.47,401.16,108.94,500.91,35.35,465.56,351.74,13.64,11.65,42.38,470.57,4.18,9.19,342.55,118.83
A B Lifestyle,544403,ABLBL,INE14LE01019,Retailing,Speciality Retail,95.91,18.43,11718.40,54.89,49.88,15.02,14.87,2.14,1.06,1.77,3018.10,191.66,9.07,31.53,46.60,0.00,12.70,-0.08,20.80,0.56,19.42,-46.77,-25.55,-12.56,13.93,13.93,17.09,33.91,20.62,0.24,0.20,127.05,83.41,-20.62,1223.23,7829.96,588.14,1293.87,15.62,,1840.58,263.12,22.53,285.65,172.51,113.14,24.06,14.30,1.31,1220.29,28.17,84.97,0.00,24.06,4.11
A C J K Exports,544743,AEROPLANE,INE05TO01019,Agricultural Food & other Products,Other Agricultural Products,198.62,,2059.21,16.63,19.09,15.70,15.85,0.82,1.70,3.09,758.09,820.58,14.51,72.25,78.78,0.00,1.89,-1.61,5.44,2.81,12.98,83.52,34.42,39.14,19.63,19.63,39.58,0.32,127.52,3.54,1.96,59.97,80.22,2.38,163.65,1997.25,157.87,164.90,8.19,7.41,427.95,44.34,0.05,44.39,1.92,42.47,16.10,10.36,3.76,82.04,21.11,21.36,0.00,16.10,5.02
A-1,542012,,INE911Z01025,Chemicals & Petrochemicals,Trading - Chemicals,5.23,1.65,240.58,28.14,24.02,11.66,11.55,0.77,1.73,6.22,41.69,8.07,38.86,150.73,70.03,0.00,2.51,-3.77,0.00,0.00,27.47,-27.52,-18.14,-16.08,17.21,17.21,219.89,281.18,426.67,0.07,0.01,3.81,4.99,0.17,10.07,331.49,6.89,10.48,3.04,0.08,64.69,1.86,0.09,1.95,0.69,1.26,0.60,2.88,0.93,11.50,0.84,0.42,0.00,0.60,0.24
Aadhar Hsg. Fin.,544176,AADHARHFC,INE883F01010,Finance,Housing Finance Company,504.15,413.40,22061.67,19.13,15.36,11.38,15.94,2.49,1.61,2.05,18743.78,7105.19,17.72,21.54,64.66,-0.24,5.80,-0.33,9.92,0.77,19.61,-9.19,-0.21,0.08,0.71,0.71,16.19,16.10,19.00,6.46,5.49,912.04,1173.26,-0.04,2372.31,3108.68,2347.30,2372.54,76.31,21.14,848.18,641.05,3.16,644.21,7.12,637.09,237.28,75.58,27.98,432.06,305.15,331.94,0.00,237.28,67.87
Aar Shyam (I),542377,,INE512R01010,Finance,Non Banking Financial Company (NBFC),14.24,,4.27,,21.17,-23.85,-26.43,0.12,13.83,,0.34,-0.28,-68.00,69.57,40.54,31.96,0.00,-4.72,0.00,0.00,59.47,133.33,133.33,133.33,0.00,0.00,-89.71,-95.59,-89.71,-0.23,-2.27,-0.02,-0.02,0.00,-0.02,0.28,-0.02,-0.02,-7.14,-0.07,0.04,-0.68,0.00,-0.68,0.00,-0.68,-0.68,-1700.00,-1700.00,3.00,-0.68,0.00,0.00,-0.68,0.00
Aarnav Fashions,539562,AARNAV,INE750R01016,Textiles & Apparels,Trading - Textile Products,30.44,30.42,128.21,14.04,30.14,7.63,4.88,0.56,1.65,2.35,109.17,154.34,16.47,-2.25,66.53,0.00,0.00,0.00,0.00,0.00,33.47,-47.99,-31.49,-24.04,28.99,28.99,-4.01,26.36,-11.11,0.40,0.45,9.04,12.26,0.95,29.52,381.33,22.17,30.19,7.74,2.19,97.16,6.98,0.08,7.06,2.01,5.05,1.89,7.18,1.95,42.24,2.53,2.52,0.00,1.89,0.63
Aarti Drugs,524348,AARTIDRUGS,INE767A01016,Pharmaceuticals & Biotechnology,Pharmaceuticals,407.25,275.34,3710.39,19.26,33.57,11.90,13.36,0.37,1.59,7.72,576.64,1457.59,10.54,2.04,54.43,-0.60,1.52,-0.05,10.29,0.07,33.76,-9.28,2.59,2.51,30.99,30.99,32.56,29.32,-7.12,5.50,5.91,168.16,211.77,16.36,290.23,2387.03,250.81,306.59,12.16,18.42,590.51,74.08,0.31,74.39,14.72,59.67,53.97,12.55,9.14,91.27,51.11,8.56,0.00,53.91,-2.86
Aarti Industries,524208,AARTIIND,INE769A01020,Chemicals & Petrochemicals,Specialty Chemicals,486.80,257.77,17641.30,33.78,28.94,6.85,7.13,0.83,0.83,2.35,4966.00,5774.00,26.99,122.25,41.82,-0.27,7.00,-0.38,21.11,0.99,30.08,13.14,17.04,12.02,15.57,15.57,80.19,60.85,260.47,4.27,1.19,328.70,307.23,16.49,1000.45,7271.32,580.03,1014.30,13.76,9.13,1675.00,212.00,4.00,216.00,114.00,102.00,43.00,12.66,2.57,181.00,42.00,60.00,0.00,43.00,-1.00
Aarti Surfactant,543210,AARTISURF,INE09EO01013,Chemicals & Petrochemicals,Specialty Chemicals,481.00,368.52,405.63,22.03,28.94,8.53,5.17,0.43,1.32,3.02,104.19,236.45,25.23,46.23,49.84,-0.04,0.08,-0.06,0.00,0.00,50.07,114.80,75.73,53.60,11.42,11.42,74.46,13.59,206.12,10.62,3.48,11.59,20.70,7.68,41.92,659.09,28.05,45.40,6.36,17.19,215.90,11.63,0.04,11.67,4.35,7.32,2.94,5.39,1.36,8.47,4.04,3.28,0.00,2.94,1.10
AAVAS Financiers,541988,AAVAS,INE216P01012,Finance,Housing Finance Company,1439.00,1359.80,11395.59,16.59,15.36,9.92,13.92,3.11,7.44,1.79,15685.57,4971.56,13.32,16.97,48.88,0.00,16.28,-0.46,22.15,0.01,12.69,-5.72,1.69,1.43,0.54,0.54,13.92,12.31,23.01,21.60,17.59,573.74,732.59,3.91,1772.60,2354.51,1739.58,1776.03,75.29,72.53,627.56,459.45,0.37,459.82,9.34,450.48,139.23,73.21,22.19,79.15,179.13,271.35,0.00,139.23,39.89
Abhishek Finle.,538935,,INE723C01015,Finance,Non Banking Financial Company (NBFC),50.71,4.01,23.39,,21.17,1.81,1.15,0.00,13.50,,0.01,1.50,1.85,-380.00,72.28,0.00,0.00,0.00,0.00,0.00,27.72,-400.00,100.00,-100.00,1.82,1.82,,,50.00,0.07,0.04,0.11,0.12,-0.04,0.19,0.80,0.17,0.19,23.75,0.20,0.07,0.00,0.03,0.03,0.00,0.03,0.02,0.00,28.57,4.61,0.03,0.00,0.00,0.02,0.00
Abirami Fin.,511756,,INE195I01013,Finance,Non Banking Financial Company (NBFC),31.76,,17.16,35.01,21.17,3.45,2.59,0.00,36.42,,0.00,14.24,,-2.00,65.65,0.00,0.00,0.00,0.00,0.00,34.36,-23.08,-6.67,6.25,,,13.33,6.67,-16.67,0.19,0.22,0.58,0.81,1.45,-0.63,0.00,0.82,0.82,,1.07,0.00,-0.15,0.34,0.19,0.00,0.19,0.12,,,5.40,0.19,0.00,0.00,0.12,0.06
ACC,500410,ACC,INE012A01025,Cement & Cement Products,Cement & Cement Products,1398.00,2310.00,26248.79,13.82,31.16,11.25,10.86,0.02,1.97,17.48,428.61,20362.55,11.55,-18.63,56.69,0.00,5.83,-0.10,21.12,-0.50,16.19,-38.31,-37.54,-27.06,15.10,15.10,-41.26,-19.47,-60.84,7.83,19.99,2307.05,3126.78,1174.95,3061.36,21762.31,3111.64,4112.95,14.07,127.92,6087.23,778.01,69.97,847.98,254.58,593.40,375.42,12.78,6.17,187.99,562.95,30.45,0.00,375.38,187.53
Accelya Solution,532268,ACCELYA,INE793A01012,IT - Software,Computers - Software & Consulting,1141.90,952.70,1705.10,16.43,23.39,49.42,39.33,0.06,2.55,21.56,15.70,235.22,0.67,-18.54,74.66,0.00,0.11,-0.05,0.01,-0.04,25.22,42.42,37.18,34.67,22.94,22.94,-9.96,-33.14,-10.31,20.40,22.75,127.43,174.60,11.67,194.38,528.72,175.84,203.87,36.76,86.44,131.76,51.21,2.86,54.07,7.54,46.53,33.95,38.87,25.77,14.93,45.51,1.02,0.00,33.95,11.56
ACE EduTremd Ltd,530093,,INE715F01014,Other Consumer Services,Education,4.70,,4.31,,21.81,-1.25,-2.00,0.00,1.23,,0.00,-1.23,,74.60,5.01,0.00,0.00,0.00,0.00,0.00,95.00,-133.33,-133.33,-133.33,18266.67,18266.67,-120.00,-40.00,-120.00,0.01,-0.05,-0.66,-0.60,0.00,-0.60,0.00,-0.60,-0.60,,-0.72,0.00,-0.05,0.00,-0.05,0.00,-0.05,-0.05,,,9.16,-0.05,0.00,0.00,-0.05,0.00
Ace Soft. Exp.,531525,,INE849B01010,IT - Software,Software Products,158.20,87.61,237.60,55.64,28.92,5.83,4.19,0.12,2.86,5.68,14.80,105.01,46.15,-24.16,62.03,0.11,0.00,0.00,0.83,0.23,37.13,-450.00,0.65,43.62,13.86,13.86,-11.76,-38.56,-2.46,0.63,0.69,4.78,6.48,1.88,6.44,31.55,6.76,7.94,20.41,2.80,13.25,1.53,0.31,1.84,0.45,1.39,1.22,11.55,9.21,12.77,1.21,0.18,0.00,1.25,0.00
ACME Solar Hold.,544283,ACMESOLAR,INE622W01025,Power,Power Generation,371.10,79.43,26242.96,44.07,22.12,8.89,10.38,3.93,2.17,1.66,19896.29,4940.40,47.52,45.44,71.40,-11.89,4.39,0.79,19.10,12.05,4.92,70.15,31.69,53.34,14.05,14.05,60.39,4.60,79.89,3.33,2.16,268.93,338.04,147.44,1237.15,1405.13,1119.95,1407.26,88.05,4.17,510.98,457.80,57.10,530.81,107.55,423.26,130.82,89.59,27.94,121.02,174.39,232.96,-15.91,142.77,43.57
Action Const.Eq.,532762,ACE,INE731H01025,"Agricultural, Commercial & Construction Vehicles",Construction Vehicles,1105.40,1105.62,13165.91,30.14,30.14,31.70,22.90,0.00,1.33,32.23,7.90,1987.17,5.21,3.34,65.42,0.00,7.82,-1.76,2.59,0.75,24.12,7.74,4.20,-31.62,8.33,8.33,27.00,85.72,22.28,10.03,8.21,407.43,549.12,100.32,505.76,3327.05,575.36,603.67,15.20,34.36,652.08,92.83,51.14,143.97,8.01,135.96,97.72,14.24,14.99,23.82,127.72,8.24,0.00,97.72,30.00
Acutaas Chemical,543349,ACUTAAS,INE00FF01025,Pharmaceuticals & Biotechnology,Pharmaceuticals,3116.40,1148.25,25555.05,66.17,33.57,31.56,24.05,0.02,3.82,141.20,35.60,1612.63,40.90,104.30,32.66,0.00,21.61,2.13,19.55,-0.05,26.16,-44.15,-43.21,-38.38,24.80,24.80,122.10,260.46,70.39,9.07,5.41,158.70,216.16,16.93,232.07,1006.88,222.37,248.99,23.05,19.38,207.24,50.91,15.94,66.85,8.13,58.72,44.01,24.57,21.24,40.93,58.08,0.64,0.00,44.29,14.07
AD Manum Finance,511359,,INE556D01017,Finance,Non Banking Financial Company (NBFC),55.77,132.89,41.83,4.20,21.17,14.92,12.45,0.26,12.78,11.55,24.05,83.85,10.52,-13.55,74.30,0.00,0.00,0.00,0.00,0.00,25.71,-30.42,-11.53,-19.05,7.40,7.40,40.21,73.20,-39.95,3.51,5.84,8.58,11.45,0.43,12.26,13.62,12.22,12.27,90.01,11.87,3.19,2.91,2.39,5.30,0.01,5.29,4.38,91.22,137.30,7.50,5.11,0.18,0.00,4.38,0.73
Adani Energy Sol,539254,ADANIENSOL,INE931S01010,Power,Power Distribution,1647.00,415.67,197467.22,67.65,67.65,9.65,9.44,1.93,1.01,2.00,49176.43,24226.26,20.91,21.81,74.71,1.99,10.14,-2.09,11.77,1.53,3.39,71.11,39.07,40.25,18.81,18.81,66.15,18.46,129.44,9.57,4.27,2289.60,1074.85,-826.56,7066.52,23767.09,5836.23,7742.18,29.73,8.82,6819.28,1810.69,206.21,2016.90,464.82,1552.08,538.94,26.55,7.90,1201.28,658.05,894.03,0.00,512.48,119.11
Adani Enterp.,512599,ADANIENT,INE423A01024,Metals & Minerals Trading,Trading - Minerals,3068.00,550.43,415365.58,174.97,121.24,5.80,-3.38,1.32,0.99,1.56,106621.79,80796.71,18.06,-36.42,71.97,-2.70,10.51,-0.29,10.75,4.05,6.78,776.28,56.43,34.54,11.26,11.26,51.63,12.70,-249.67,-8.92,6.85,2235.18,10465.78,6403.10,14252.03,97894.75,12180.53,16391.86,14.56,55.02,21961.20,3310.29,475.42,3785.71,1283.95,2501.76,976.48,15.07,4.45,115.42,1466.28,1035.48,0.00,885.23,571.25
Adani Green,541450,ADANIGREEN,INE364U01010,Power,Power Generation,1395.00,209.20,229797.69,118.52,22.12,7.39,11.40,5.19,0.49,1.29,103545.00,18318.00,10.98,4.37,62.43,-0.01,11.84,0.74,4.82,0.26,20.90,91.25,43.61,38.27,15.70,15.70,31.00,-5.26,19.30,5.13,4.39,1664.13,2215.00,1316.00,8889.00,11212.00,8045.00,10543.00,79.28,9.12,3800.00,3042.00,189.00,3248.00,767.00,2481.00,824.00,80.05,22.02,1625.00,939.00,1525.00,-17.00,724.08,232.00
Adani Ports,532921,ADANIPORTS,INE742F01042,Transport Infrastructure,Port & Port services,1701.00,1233.30,391211.64,29.44,22.03,14.12,16.38,0.66,1.31,4.17,63565.52,95497.98,23.85,16.78,66.03,-1.99,15.58,2.33,13.60,-0.26,4.79,10.31,0.52,3.87,15.79,15.79,13.78,9.54,10.24,15.71,15.34,11275.27,13029.62,1799.85,18421.37,30475.33,16062.87,20441.80,60.45,51.35,9126.14,5495.33,453.34,5948.67,1254.91,4693.76,3310.60,60.22,36.28,432.03,3847.60,846.16,0.00,3314.59,537.00
Adani Power,533096,ADANIPOWER,INE814H01029,Power,Integrated Power Utilities,213.65,106.19,412037.00,28.90,29.78,17.22,21.07,0.84,1.34,6.19,54670.29,61079.94,6.64,14.86,74.96,0.00,11.76,0.03,4.07,0.38,9.20,13.93,36.78,67.96,19.97,19.97,39.81,-16.76,47.24,2.49,1.76,12950.97,16359.51,2589.85,21418.33,56203.09,19714.95,24023.83,38.11,6.71,14109.15,5685.28,464.55,6149.83,1088.59,5061.24,3305.13,40.29,23.43,3856.94,4204.31,856.93,0.00,3384.86,899.18
Adani Total Gas,542066,ATGL,INE399L01023,Gas,LPG/CNG/PNG/LNG Supplier,667.60,125.42,73428.96,120.82,15.28,15.09,14.06,0.47,0.51,6.85,2251.76,4714.03,19.58,-4.01,74.80,0.00,12.77,0.02,6.34,0.08,6.07,-14.64,-12.84,-10.59,6.60,6.60,-8.43,2.41,-17.97,1.21,1.47,648.41,868.44,29.77,1137.03,4986.08,969.28,1167.32,22.80,5.89,1371.70,292.13,8.52,300.65,53.92,246.73,162.17,21.30,11.82,109.98,219.22,27.51,0.00,162.17,57.05
Addi Industries,507852,,INE757C01021,Textiles & Apparels,Garments & Apparels,81.42,,87.90,36.47,25.21,4.37,2.93,0.00,13.25,7.12,0.00,76.25,,-41.08,74.27,0.00,0.00,0.00,0.11,0.00,25.63,154.29,32.61,-66.67,48.27,48.27,-58.62,24.14,5.95,0.82,0.78,3.25,4.30,5.54,-1.08,0.00,4.32,4.46,,3.01,0.00,-0.29,1.42,1.13,0.03,1.10,0.84,,,5.40,1.10,0.00,0.00,0.84,0.27
ADF Foods,519183,ADFFOODS,INE982B01027,Food Products,Packaged Foods,273.75,146.36,3011.96,31.12,46.04,21.82,17.66,0.10,3.72,47.02,55.07,549.58,19.44,38.03,36.14,0.00,11.59,0.04,21.30,-1.91,30.99,-33.27,-35.14,-13.56,20.03,20.03,26.06,45.83,13.45,1.57,1.39,62.45,91.60,14.06,98.37,589.58,88.78,107.03,16.68,6.30,132.88,23.52,3.05,26.57,4.89,21.68,15.24,17.70,11.47,21.97,21.10,0.58,0.00,15.24,5.86
Adit.Birla Money,532974,BIRLAMONEY,INE865C01022,Capital Markets,Stockbroking & Allied,134.25,126.85,759.42,13.41,19.99,9.91,22.66,7.35,1.62,1.51,2205.61,294.60,9.29,-22.63,73.53,0.00,0.08,0.05,0.00,0.00,26.40,-40.58,-10.43,-4.78,8.92,8.92,13.21,18.89,-27.63,1.97,2.72,74.20,101.65,9.13,229.14,453.44,228.50,238.28,50.53,13.13,112.71,54.74,0.18,54.92,2.76,52.16,15.38,48.57,13.65,5.65,20.57,31.59,0.00,15.38,5.19
Aditya AMC,543374,ABSLAMC,INE404A01024,Capital Markets,Asset Management Company,1017.80,748.24,29378.84,29.10,38.43,32.23,25.15,0.02,1.34,270.60,63.73,3897.26,6.59,3.86,74.72,-0.10,4.41,-1.34,14.26,2.71,6.58,65.41,84.60,-3.30,2.94,2.94,-3.14,0.17,11.68,10.70,9.60,930.60,1244.54,3.54,1286.65,1982.28,1250.38,1290.19,64.91,32.26,447.39,265.98,117.88,383.86,10.27,373.59,277.11,59.45,61.94,144.28,372.28,1.31,0.00,277.11,95.17
Aditya Birla Cap,540691,ABCAPITAL,INE674K01013,Finance,Investment Company,424.35,232.59,116051.57,28.83,36.02,8.72,12.04,5.22,0.10,1.46,179537.75,31803.50,16.33,18.14,68.81,0.30,7.94,0.93,13.36,-0.35,9.77,16.93,11.09,9.35,1.75,1.75,28.79,17.78,43.25,4.30,3.21,3381.77,4842.84,508.32,14274.90,40632.23,14536.93,14783.13,35.13,12.97,9502.69,3850.37,139.05,3989.42,71.29,3918.13,854.32,40.52,8.99,2610.24,1181.94,2736.19,0.00,838.63,327.62
Aditya Vision,540205,AVL,INE679V01027,Retailing,Speciality Retail,623.65,259.49,8032.29,57.32,49.88,16.97,18.56,0.83,1.90,5.53,572.80,675.51,26.52,30.26,47.14,0.00,15.05,-1.13,21.67,2.10,16.13,255.36,171.87,146.40,0.01,0.01,38.73,-43.70,39.99,5.98,4.29,108.42,143.12,3.76,208.08,2259.78,178.84,215.86,9.21,8.20,940.23,89.73,1.72,91.45,9.21,82.24,55.16,9.54,5.87,12.86,73.37,8.87,0.00,55.16,18.21
Ador Welding,517041,ADOR,INE045A01017,Industrial Products,Other Industrial Products,1503.30,1278.75,2616.98,21.86,24.43,22.71,16.42,0.01,2.02,75.06,2.95,546.47,8.58,106.13,53.76,0.00,1.05,0.68,10.47,-2.16,34.72,-18.43,-22.05,-25.28,19.43,19.43,-906.39,-1179.22,-890.46,15.72,-1.99,67.01,58.54,-22.88,105.49,1116.83,107.82,125.72,9.45,24.97,250.54,-4.38,5.37,0.99,4.70,-3.71,-3.46,-1.75,-1.38,17.40,-4.55,0.84,0.00,-3.46,-1.09
Aequs,544634,AEQUS,INE947N01017,Aerospace & Defense,Aerospace & Defense,233.66,,15644.15,,67.91,1.55,-9.99,0.47,1.58,-0.09,700.93,815.82,33.08,-74.22,59.09,0.01,5.17,1.27,8.85,-2.54,24.62,-0.91,225.82,251.67,19.31,19.31,-45.72,-84.56,-1570.44,-0.79,0.06,-63.19,-94.01,-5.75,79.48,924.61,16.78,120.19,8.60,-1.76,255.57,27.21,13.63,41.14,24.55,16.59,3.62,10.65,1.53,599.00,6.24,10.05,-0.30,3.92,2.62
Aeroflex,543972,AEROFLEX,INE024001021,Industrial Products,Iron & Steel Products,431.40,126.93,5707.44,85.00,21.73,18.92,14.07,0.02,2.91,83.07,8.90,420.81,35.64,42.06,65.47,0.00,3.61,2.12,1.48,-2.32,29.45,6.52,14.83,11.52,25.81,25.81,116.34,93.99,162.06,1.42,0.55,52.65,69.95,2.34,79.82,376.23,71.08,82.35,21.22,4.06,84.33,15.48,0.33,15.81,5.93,9.88,7.17,18.36,8.50,25.86,9.70,0.18,0.00,7.17,2.54
Aeroflex Neu,543743,AERONEU,INE035801013,Industrial Products,Packaging,87.73,19.23,225.00,1250.03,21.77,4.56,1.84,0.23,2.58,1.97,24.15,79.40,-1.64,-74.65,60.46,0.00,4.12,0.00,0.39,0.00,35.02,-109.20,13.24,1500.00,18.09,18.09,35.21,-91.55,-90.12,0.03,0.31,0.20,0.38,2.16,4.48,129.14,3.99,6.64,3.47,0.08,29.70,0.71,1.47,2.18,0.64,1.54,0.81,2.39,2.73,25.80,0.93,0.61,0.00,0.80,0.12
Aether Industri.,543534,AETHER,INE0BWX01014,Chemicals & Petrochemicals,Specialty Chemicals,1509.50,424.12,19943.01,83.12,28.94,11.92,9.66,0.19,1.78,17.92,457.94,2323.21,34.44,30.35,74.92,-0.02,7.42,1.13,10.49,-2.17,7.17,16.18,17.95,24.29,31.70,31.70,26.58,1.85,33.45,4.73,3.55,167.25,212.99,29.77,241.16,838.69,237.79,282.80,28.75,11.95,256.63,81.18,-0.55,83.26,14.20,69.06,47.02,31.63,19.11,132.59,61.63,4.80,-2.63,49.03,14.61
AGI Greenpac,500187,AGI,INE415A01038,Industrial Products,Packaging,704.25,613.98,4556.63,12.38,21.77,19.60,15.80,0.10,1.51,12.85,241.04,2394.93,4.26,5.74,60.39,0.00,6.26,-0.52,1.06,-0.97,32.26,-13.86,-14.11,14.33,14.27,14.27,23.26,7.82,12.08,15.39,13.73,317.74,426.83,74.79,613.89,2528.82,505.30,682.48,24.28,49.84,687.66,142.02,33.50,175.52,40.66,134.86,88.85,20.65,12.92,12.94,117.79,17.07,0.00,88.85,28.94
Agri-Tech India,537292,AGRITECH,INE449G01018,Agricultural Food & other Products,Other Agricultural Products,112.00,,66.70,,19.09,-1.11,-1.11,0.00,112.07,,0.00,93.34,63.64,-85.71,30.90,0.00,0.01,0.00,0.03,0.00,69.05,-88.89,-88.00,-95.65,5.56,5.56,-88.89,155.56,-70.00,-0.05,-0.17,-1.11,-1.11,0.00,-1.05,0.18,-1.11,-1.05,-583.33,-1.87,0.12,-0.09,0.00,-0.09,0.02,-0.11,-0.10,-75.00,-83.33,5.94,-0.11,0.00,0.00,-0.10,0.00
Ajanta Pharma,532331,AJANTPHARM,INE031B01049,Pharmaceuticals & Biotechnology,Pharmaceuticals,3513.90,1519.70,43839.14,38.63,33.57,34.51,27.14,0.06,2.24,107.44,260.17,4502.02,20.19,22.04,63.49,-2.76,7.68,-0.58,21.80,3.44,7.03,25.32,28.76,27.04,32.10,32.10,20.56,-5.11,30.89,26.75,20.44,916.40,1189.16,85.08,1268.92,4648.10,1204.32,1348.43,27.30,73.68,1302.65,351.35,26.33,377.68,41.29,336.39,255.34,26.97,19.60,25.07,331.13,5.26,0.00,255.34,75.79
Akiko,,AKIKO,INE0PMR01017,Finance,Other Financial Services,337.85,681.28,363.85,18.81,26.72,37.12,29.43,0.25,2.38,20.19,14.89,49.22,126.09,107.44,67.29,0.00,0.04,0.04,1.86,1.18,30.82,26.99,34.31,28.17,29.93,29.93,145.15,91.26,247.03,6.40,1.51,7.39,10.37,0.00,11.66,76.40,10.53,11.66,15.26,6.86,29.54,4.12,0.01,4.13,0.41,3.72,2.02,13.95,6.84,10.77,3.67,0.05,0.00,1.63,1.66
Akme Fintrade,544200,AFIL,INE916Y01027,Finance,Non Banking Financial Company (NBFC),9.22,11.43,407.64,9.21,21.17,13.87,10.50,1.19,20.46,1.90,503.36,381.20,40.30,29.33,39.02,-0.51,0.35,-0.27,1.95,0.00,58.67,-5.70,6.46,6.37,0.00,0.00,35.15,27.06,20.40,0.26,0.23,33.23,42.89,0.25,78.91,102.47,78.62,79.16,77.01,0.78,31.92,23.61,0.00,23.61,0.17,23.44,9.61,73.97,30.11,42.68,12.11,11.33,0.00,9.61,2.49
Alacrity Sec.,535916,,INE030P01017,Finance,Other Financial Services,63.15,103.12,294.66,30.16,26.72,9.20,6.42,0.09,2.91,13.86,8.64,45.48,-18.38,-14.07,54.34,0.00,0.00,0.00,0.00,0.00,45.66,-233.15,-239.04,-226.28,1.43,1.43,57.74,-224.91,92.45,1.58,0.82,12.03,15.90,0.05,16.90,574.35,16.49,16.92,2.94,2.58,70.63,5.30,0.09,5.39,0.16,5.23,3.84,7.50,5.44,46.66,5.13,0.10,0.00,3.84,1.29
Alivus Life,543322,ALIVUS,INE03Q201024,Pharmaceuticals & Biotechnology,Pharmaceuticals,1214.40,651.17,14915.77,23.99,33.57,24.98,18.99,0.02,5.21,153.15,56.77,3307.59,7.93,25.42,74.87,0.00,5.54,0.24,7.18,-0.09,12.42,-1.59,-1.65,-1.31,41.42,41.42,22.87,24.50,31.71,13.04,9.91,481.33,654.13,32.74,684.41,2386.88,650.75,711.36,28.67,39.63,601.85,172.31,8.99,181.30,17.06,164.24,121.54,28.63,20.19,24.53,162.99,1.25,0.00,121.54,41.45
Alkali Metals,533029,ALKALI,INE773I01017,Chemicals & Petrochemicals,Specialty Chemicals,68.59,19.30,68.20,63.15,28.94,8.67,1.26,0.41,1.13,2.26,18.13,34.51,1.93,176.06,69.59,0.00,0.00,0.00,0.00,0.00,30.40,-115.92,-104.74,-105.59,21.57,21.57,-121.94,292.26,-44.35,-0.63,-1.13,-3.49,-8.04,-0.75,-0.63,82.33,-3.22,0.93,-0.77,-5.70,20.61,1.55,0.04,1.59,0.82,0.77,-1.15,7.52,-5.58,10.18,0.33,0.44,0.00,-1.15,1.48
Alldigi Tech,532633,ALLDIGI,INE835G01018,Commercial Services & Supplies,Business Process Outsourcing (BPO)/ Knowledge Process Outsourcing (KPO),814.40,882.78,1238.12,13.43,25.53,27.89,31.48,0.68,2.06,11.00,170.69,235.74,7.87,38.64,73.39,0.00,1.04,-0.31,1.57,0.13,23.99,-37.26,-5.31,-5.29,11.45,11.45,13.13,19.45,21.69,11.89,9.77,59.86,110.00,27.67,129.97,546.31,96.09,138.78,23.79,54.66,143.91,36.55,2.93,39.48,13.42,26.06,14.89,25.40,10.35,15.24,24.15,1.91,0.00,14.89,9.26
Allied Blenders,544203,ABDL,INE552Z01027,Beverages,Breweries & Distilleries,619.55,125.31,17301.51,77.56,51.47,18.38,14.29,0.69,1.35,3.53,1150.53,1606.72,7.97,-7.15,80.91,0.00,3.24,0.01,5.07,0.25,10.77,20.73,-36.55,-31.72,45.28,45.28,3.49,51.56,-18.65,1.76,2.02,194.61,265.73,20.87,431.08,3519.88,390.97,451.61,12.25,6.97,922.86,111.58,7.09,118.67,15.55,103.12,55.83,12.09,6.05,55.94,75.64,27.48,0.00,56.56,19.81
Almondz Global,531400,ALMONDZ,INE326B01035,Capital Markets,Stockbroking & Allied,13.80,40.76,240.71,7.05,19.99,11.74,11.25,0.18,3.64,9.87,49.34,251.86,33.47,88.20,50.82,-0.36,0.00,-0.02,0.37,0.25,48.81,141.89,100.15,242.61,26.75,26.75,75.84,-48.68,81.59,0.72,0.40,17.32,20.28,10.94,16.91,149.71,23.58,27.85,11.30,1.01,31.63,5.67,4.99,10.66,1.39,9.27,6.90,17.93,21.81,17.36,8.07,1.20,0.00,6.90,1.17
Alok Industries,521070,ALOKINDS,INE270A01029,Textiles & Apparels,Other Textile Products,12.04,,5978.15,,24.39,-3.95,,,0.61,-0.20,26105.76,-22024.32,3.86,18.60,75.00,0.00,1.90,-0.58,0.39,-0.01,22.73,-28.20,-89.93,1527.07,8.43,8.43,186.55,-82.39,-19.42,-0.28,-0.35,-908.97,-811.41,203.61,-88.75,3708.78,-275.78,22.32,-2.39,-1.64,932.49,19.93,32.59,26.92,68.21,-41.29,-171.56,2.14,-21.14,496.53,-171.56,155.87,25.60,-197.16,0.00
Amal,506597,,INE841D01013,Chemicals & Petrochemicals,Specialty Chemicals,776.95,478.98,960.52,32.33,28.94,26.05,20.39,0.00,1.24,77.92,0.00,108.01,78.18,-22.33,71.35,0.01,0.00,0.00,0.03,0.01,28.63,780.53,263.59,132.52,6.77,6.77,46.95,-36.80,77.98,13.53,7.60,29.61,32.62,0.17,43.67,135.32,35.01,44.20,32.27,23.69,47.31,11.63,0.44,12.07,2.34,9.73,9.40,24.58,19.87,12.36,9.59,0.14,0.00,9.40,0.19
Amarjothi Spg.,521097,,INE484D01012,Textiles & Apparels,Other Textile Products,171.75,233.15,115.93,9.00,24.39,9.14,4.84,0.28,5.50,2.94,55.96,192.93,20.28,-0.16,60.08,0.00,0.00,0.00,0.00,0.00,39.93,-41.80,-30.77,-21.18,20.02,20.02,15.12,46.05,24.23,4.79,3.85,11.35,16.60,1.38,31.80,230.23,24.75,33.18,13.81,16.81,52.54,7.21,0.16,7.37,2.22,5.15,2.60,13.72,4.95,6.75,3.26,1.89,0.00,2.60,0.66
Ambuja Cements,500425,AMBUJACEM,INE079A01024,Cement & Cement Products,Cement & Cement Products,444.00,375.43,110338.65,23.44,31.16,5.61,8.85,0.01,1.05,15.22,865.93,58852.96,7.07,3.82,67.33,-0.35,5.63,-0.24,19.44,-0.42,7.38,-64.46,42.70,8.46,4.69,4.69,-18.97,-25.29,-36.60,2.32,3.53,4278.09,6103.67,2646.00,5970.65,35336.44,6278.10,8575.14,16.90,17.47,10289.00,1961.00,300.00,2221.00,767.00,1454.00,1041.00,19.06,9.83,493.00,1427.00,67.00,40.00,844.64,386.00
Amco India,530133,,INE924B01011,Industrial Products,"Aluminium, Copper & Zinc Products",67.06,50.11,27.56,19.68,16.95,3.11,0.88,0.34,1.75,2.92,13.06,33.76,14.82,10.24,65.55,0.00,0.00,0.00,0.00,0.00,32.03,1780.00,241.86,1200.00,13.74,13.74,1942.86,57.14,-771.43,2.29,-0.34,1.99,2.28,1.52,3.18,105.20,3.65,4.86,3.02,4.55,26.05,0.07,0.31,0.38,0.27,0.11,-0.14,0.27,-0.54,4.11,-0.14,0.25,0.00,-0.14,0.00
Amerise BioScie,531681,,INE673C01020,Industrial Products,Plastic Products - Industrial,0.96,,6.34,,21.98,0.37,0.37,0.00,0.30,,0.00,-1.21,-24.00,-200.00,0.00,0.00,0.00,0.00,0.00,0.00,100.00,-233.33,-233.33,-233.33,0.00,0.00,700.00,-700.00,700.00,-0.01,0.00,0.01,0.01,0.00,0.01,0.19,0.01,0.01,5.26,0.00,0.06,-0.01,0.00,-0.01,0.00,-0.01,-0.01,-16.67,-16.67,6.61,-0.01,0.00,0.00,-0.01,0.00
AMJ Land Holdin.,500343,AMJLAND,INE606A01024,Realty,"Residential, Commercial Projects",38.12,110.70,156.29,10.72,28.45,10.06,6.71,0.00,5.47,,0.00,205.41,-20.73,-27.06,65.94,0.00,0.00,0.00,0.06,0.06,34.01,-37.64,-39.73,-55.62,2.02,2.02,-23.62,72.11,-6.37,0.80,0.85,17.58,32.26,7.96,27.12,77.65,28.62,30.51,34.93,4.99,14.27,3.98,1.93,5.91,0.47,5.44,3.61,27.89,25.30,8.20,5.44,0.00,0.00,3.47,1.83
Amraworld Agrico,531991,,INE735C01027,Textiles & Apparels,Other Textile Products,0.54,,6.50,,24.39,-9.96,-9.87,0.00,0.01,,0.00,-1.53,,56.00,0.00,0.00,0.00,0.00,0.00,0.00,100.00,500.00,500.00,500.00,,,20.00,-80.00,20.00,0.00,0.00,-0.13,0.28,0.46,-0.18,0.00,-0.13,-0.13,,0.02,0.00,-0.05,0.00,-0.05,0.00,-0.05,-0.05,,,12.03,-0.05,0.00,0.00,-0.05,0.00
Anand Proj.,501630,,INE134R01013,Construction,Civil Construction,28.32,,2.63,,18.04,,,0.00,0.20,,0.00,-1.33,-4.17,94.14,74.97,0.00,0.00,0.00,0.00,0.00,24.53,-98.04,-98.28,-98.36,0.00,0.00,-30.00,4170.00,-25.00,-0.64,-0.86,-12.62,-2.65,-1.04,-0.96,1.20,1.02,1.03,-80.00,-101.36,0.30,-0.10,0.01,-0.09,0.00,-0.09,-0.08,-33.33,-26.67,0.93,-0.09,0.00,0.00,-0.08,-0.01
Anand Rathi Shar,544530,ARSSBL,INE549H01021,Capital Markets,Stockbroking & Allied,511.20,649.72,3223.64,21.84,19.99,19.82,14.17,0.62,1.20,2.05,840.31,1321.60,17.09,53.07,69.62,-0.30,0.15,-0.67,4.06,-0.92,26.17,-44.01,-11.40,-12.03,32.11,32.11,29.46,47.16,0.60,3.73,5.27,103.88,140.59,1.22,311.42,843.57,287.38,312.73,36.92,23.41,201.02,75.21,0.55,75.76,6.38,69.38,23.37,37.41,11.63,22.18,31.05,38.33,0.00,23.37,7.68
Anand Rathi Wea.,543415,ANANDRATHI,INE463V01026,Capital Markets,Financial Products Distributor,2058.70,719.44,34177.15,73.91,56.74,57.47,45.30,0.08,4.12,40.79,83.25,983.55,22.89,46.60,41.37,-1.74,6.37,0.59,10.40,1.30,41.86,59.66,47.73,30.29,3.58,3.58,-13.67,-33.74,76.97,9.83,5.56,295.42,397.53,0.71,428.63,942.67,409.02,429.34,45.47,17.80,264.74,125.41,9.07,134.48,6.39,128.09,92.23,47.37,34.84,41.51,124.11,3.98,0.00,92.23,31.88
Andhra Cements,532141,ACL,INE666E01020,Cement & Cement Products,Cement & Cement Products,47.72,,441.05,,31.16,-6.01,-63.97,13.96,0.67,-0.60,1127.07,-11.43,56.40,51.63,75.00,0.00,0.00,0.00,0.34,0.00,24.64,-174.05,49.48,-57.64,9.56,9.56,-43.67,32.98,21.30,-3.90,-3.21,-151.04,-174.51,1.23,-29.25,274.05,-98.58,-26.95,-10.67,-16.50,99.53,6.64,1.05,7.69,16.77,-9.08,-29.62,6.67,-29.76,92.17,-29.62,20.54,0.00,-29.62,0.00
Angel One,543235,ANGELONE,INE732I01021,Capital Markets,Stockbroking & Allied,302.00,374.83,27574.39,26.72,19.99,14.77,15.59,1.30,1.84,3.96,7951.41,6026.71,9.09,3.84,28.59,-0.21,13.76,0.95,20.34,1.46,37.30,-27.74,-20.86,-18.99,8.01,8.01,76.53,117.93,102.15,2.53,1.26,1172.08,1591.95,8.35,1982.91,5239.22,1887.84,1991.26,37.85,12.98,1140.53,274.67,2.56,277.23,29.92,247.31,114.47,24.08,10.04,90.55,164.43,82.88,0.00,114.47,49.96
Anka India,531673,,INE067C01025,Consumer Durables,Leather And Leather Products,22.80,,117.52,,47.35,0.42,-3.39,0.10,1.48,0.41,2.71,0.23,-19.44,-8.11,91.29,0.00,0.00,0.00,0.00,0.00,8.72,-109.62,-142.50,-256.25,10.03,10.03,19.05,-176.19,-600.00,0.01,0.00,-0.36,-0.38,1.29,-0.05,12.96,-0.07,1.24,-0.39,-0.23,5.89,0.42,0.12,0.54,0.42,0.12,-0.01,7.13,-0.17,51.54,0.01,0.11,0.00,-0.01,0.02
Anlon Healthcare,544497,AHCL,INE0Y8W01025,Pharmaceuticals & Biotechnology,Pharmaceuticals,14.71,19.72,781.32,24.71,33.57,20.77,18.36,0.19,2.87,12.37,43.65,177.08,42.96,38.94,52.68,0.00,1.67,1.35,1.23,-3.37,44.43,-25.20,-2.86,1.96,60.29,60.29,149.84,145.03,133.24,0.13,0.09,20.52,26.89,0.17,32.21,120.29,30.61,32.38,26.78,0.51,33.30,6.24,0.01,6.25,0.43,5.82,3.55,18.74,10.66,39.85,5.00,0.82,0.00,3.55,1.46
Antariksh Indus.,501270,,INE825M01017,Realty,"Residential, Commercial Projects",11.29,,0.23,,28.45,5.47,3.65,0.00,21.88,,0.00,1.47,-95.46,-117.07,73.48,0.00,0.00,0.00,0.00,0.00,26.51,-244.44,-208.33,-208.33,88.70,88.70,,,,-6.34,0.00,0.55,0.75,0.00,0.75,43.79,0.75,0.75,1.71,27.50,3.40,0.00,0.00,0.00,0.00,0.00,0.00,0.00,0.00,0.20,0.00,0.00,0.00,0.00,0.00
Antelopus Selan,530075,ANTELOPUS,INE818A01017,Oil,Oil Exploration & Production,834.55,1000.71,2943.43,21.00,64.10,21.22,15.93,0.01,2.75,302.89,3.55,620.29,46.50,119.13,69.94,0.00,0.41,0.15,0.76,0.73,28.90,42.65,63.42,59.51,18.71,18.71,242.75,114.87,384.14,15.45,7.38,74.18,97.73,14.54,135.68,258.08,99.19,150.48,52.57,48.67,50.63,26.83,2.93,29.76,14.56,15.20,11.22,52.99,22.16,15.20,15.00,0.20,0.00,11.22,3.78
Anthem Bioscienc,544449,ANTHEM,INE0CZ201020,Pharmaceuticals & Biotechnology,Biotechnology,829.85,225.89,46762.75,78.82,51.11,30.37,22.28,0.02,3.49,131.79,53.93,2930.17,-2.14,17.56,71.42,-3.25,2.57,1.29,13.48,1.93,12.52,-36.79,-47.83,-43.65,29.49,29.49,-21.37,39.55,-11.67,2.13,2.42,451.51,656.87,85.27,671.50,1844.55,667.76,757.13,36.40,8.07,540.21,191.49,22.81,214.30,26.45,187.85,135.79,35.45,25.14,112.32,186.24,1.61,0.00,135.79,50.46
Apar Inds.,532259,APARINDS,INE372A01015,Electrical Equipment,Other Electrical Equipment,14746.00,7992.66,59190.76,49.11,30.76,31.12,20.23,0.18,1.45,4.40,955.51,5353.21,23.96,36.71,57.76,-0.01,10.76,1.38,23.02,-1.13,8.47,84.44,57.58,52.77,21.87,21.87,67.51,9.65,77.80,116.36,65.45,817.15,1105.64,99.40,1581.83,18581.21,1543.52,1675.67,8.51,204.46,5104.16,452.25,24.80,477.05,38.21,438.84,262.91,8.86,5.15,40.17,352.52,86.32,0.00,262.91,89.61
Apcotex Industri,523694,APCOTEXIND,INE116A01032,Industrial Products,Rubber,617.60,442.12,3208.77,19.93,23.36,19.80,17.09,0.16,1.59,22.88,96.39,610.62,11.17,175.58,58.23,0.00,0.69,0.05,1.91,-0.32,39.18,127.23,125.41,114.19,15.36,15.36,203.29,41.60,312.00,15.23,3.70,53.69,76.24,10.38,124.76,1392.36,93.04,134.62,8.96,10.43,375.76,38.61,2.64,41.25,11.26,29.99,19.16,10.28,5.10,10.37,26.34,3.65,0.00,19.16,7.17
APL Apollo Tubes,533758,APLAPOLLO,INE702C01027,Industrial Products,Iron & Steel Products,1941.50,789.11,53928.13,43.88,21.73,31.64,25.31,0.09,1.34,13.21,497.65,5240.99,10.44,53.43,28.25,0.00,35.12,-2.40,18.58,2.53,18.04,-25.75,-19.84,-19.52,1.52,1.52,10.56,37.37,10.94,9.48,8.55,740.48,960.44,95.57,1199.47,20689.54,1072.23,1273.55,5.80,27.28,5169.77,372.00,25.57,397.57,54.36,343.21,237.17,7.20,4.59,55.51,309.95,33.26,0.00,237.17,72.78
Aplab,517096,,INE273A01015,Electrical Equipment,Other Electrical Equipment,73.38,,152.59,,30.76,14.86,16.58,0.94,1.27,0.63,18.81,4.30,-23.97,-184.16,43.83,0.00,0.00,0.00,0.01,0.00,56.16,250.00,709.09,40.66,16.41,16.41,-247.13,-204.60,-396.47,-1.00,0.34,0.26,-6.57,5.09,-7.97,63.67,-3.37,-2.88,-12.52,0.10,15.45,1.74,0.19,1.93,0.12,1.81,0.85,11.26,5.50,12.57,1.13,0.68,0.00,0.85,0.28
Apollo Pipes,531761,APOLLOPIPE,INE126J01016,Industrial Products,Plastic Products - Industrial,515.85,,2275.76,,21.98,1.23,-0.88,0.15,1.37,-0.10,123.87,775.09,-1.99,-132.57,51.72,0.00,2.53,0.31,7.20,-3.57,38.29,8453.85,-314.77,-83.09,9.20,9.20,-85.25,-12.77,-236.27,-1.95,1.85,30.64,45.43,5.02,97.13,1181.64,55.97,100.50,8.22,7.41,275.00,20.68,3.00,23.68,12.12,11.56,8.16,7.52,2.97,44.05,9.12,2.44,0.00,8.14,0.96
Apt Packaging,506979,,INE046E01025,Industrial Products,Packaging,59.99,20.94,70.87,20.66,21.77,9.74,26.92,0.39,1.53,9.39,6.53,4.27,84.20,2043.75,50.17,0.00,0.00,0.00,0.11,0.00,49.72,160.00,125.88,96.36,20.66,20.66,535.29,223.53,18100.00,1.54,0.01,0.33,0.30,0.68,1.23,13.48,1.03,1.93,9.12,0.59,4.76,0.34,0.09,0.43,0.30,0.13,0.01,7.14,0.21,11.81,0.01,0.12,0.00,0.01,0.00
Aptus Value Hou.,543335,APTUS,INE852O01025,Finance,Housing Finance Company,263.60,386.69,13183.24,13.39,15.36,15.41,20.11,1.56,10.00,2.91,7903.77,4959.89,21.14,23.27,23.86,0.00,29.96,-0.38,29.90,0.47,16.27,0.00,2.19,4.02,0.00,0.00,11.99,7.66,19.01,5.21,4.39,751.25,974.84,47.99,1480.49,1750.41,1516.42,1528.48,84.58,15.03,520.26,439.22,9.88,449.10,3.13,445.97,219.25,84.42,42.14,99.98,285.54,160.43,0.00,219.25,66.29
Archean Chemical,543657,ACI,INE128X01021,Chemicals & Petrochemicals,Specialty Chemicals,535.60,166.95,6618.10,68.35,28.94,7.41,5.42,0.24,1.20,6.16,466.38,1909.70,-0.43,-49.20,53.43,0.00,11.00,-0.09,24.18,-1.65,11.40,148.24,88.93,53.91,11.41,11.41,-13.87,-44.04,-24.36,2.49,3.26,174.71,223.77,-3.32,314.57,1041.02,249.61,328.99,30.22,13.14,292.36,78.09,8.23,86.32,22.94,63.38,40.14,26.71,13.73,24.69,58.00,5.38,0.00,40.19,17.87
Arex Industries,526851,,INE480H01011,Textiles & Apparels,Other Textile Products,121.55,145.10,43.74,14.58,24.39,7.75,5.54,0.38,1.00,5.79,10.60,24.14,6.49,45.63,70.60,0.00,0.00,0.00,0.00,0.00,29.39,-29466.67,666.67,140.00,12.97,12.97,97.65,-17.65,3424.00,24.48,0.69,2.60,3.67,0.74,8.15,51.14,4.71,8.84,15.94,7.31,11.27,1.70,0.00,1.70,1.06,0.64,0.25,15.08,2.22,3.60,0.35,0.29,0.00,0.25,0.09
Arihant Capital,511605,ARIHANTCAP,INE420B01036,Capital Markets,Stockbroking & Allied,77.48,55.78,850.15,21.23,19.99,11.00,7.69,0.54,1.75,3.16,239.14,430.01,3.42,-20.10,67.68,0.00,0.03,-0.02,0.03,0.01,32.24,4198.00,399.44,346.03,42.21,42.21,74.24,-60.94,69.21,1.96,1.22,56.19,77.28,7.19,95.03,247.32,95.88,98.92,38.42,5.64,50.77,20.30,0.71,21.01,0.83,20.18,12.70,39.98,25.01,10.41,16.27,3.91,0.00,12.70,3.57
Arihant's Secur.,531017,,INE190D01015,Commercial Services & Supplies,Diversified Commercial Services,19.73,16.07,9.87,44.84,19.78,0.83,0.62,0.00,70.25,,0.00,31.69,-5.26,57.14,46.81,0.00,0.28,0.00,0.00,0.00,52.91,-131.03,-128.21,-128.21,25.56,25.56,-21.43,-378.57,-10.00,0.18,0.20,0.49,0.66,0.00,0.66,1.29,0.66,0.66,51.16,0.98,0.30,0.14,0.00,0.14,0.00,0.14,0.10,46.67,33.33,5.00,0.14,0.00,0.00,0.10,0.03
Artemis Medicare,542919,ARTEMISMED,INE025R01021,Healthcare Services,Hospital,302.20,139.46,4800.90,41.60,48.63,14.53,11.88,0.28,1.73,6.86,260.40,922.84,15.49,31.21,58.39,0.00,12.28,0.09,2.40,-0.49,20.76,5.08,6.45,10.32,10.20,10.20,35.71,23.02,44.96,1.96,1.54,83.54,109.25,32.70,150.05,913.26,139.83,182.85,16.43,6.07,249.80,40.88,6.96,47.84,10.66,37.18,21.42,16.37,8.57,13.89,30.07,7.11,0.00,21.42,8.65
Artson,522134,,INE133D01023,Industrial Manufacturing,Industrial Products,145.95,,538.85,,31.54,-14.60,-428.35,138.46,0.98,-1.26,54.00,-3.30,8.73,-374.05,75.00,0.00,0.00,0.00,0.01,0.00,24.99,-112.20,-80.32,-78.56,23.36,23.36,-64.37,66.17,-286.36,-0.11,0.06,3.48,4.80,19.47,-2.49,113.55,14.58,16.98,-2.19,0.94,44.74,3.34,0.01,3.35,0.57,2.78,0.22,7.47,0.49,3.69,0.47,2.31,0.00,0.22,0.25
Arunjyoti Bio,530881,,INE485K01022,Finance,Other Financial Services,5.22,,97.30,,26.72,-0.42,-5.42,0.78,0.43,-1.00,22.27,10.08,2.87,-207.62,47.64,0.00,0.00,0.00,0.00,0.00,52.37,-111.30,-139.87,-187.76,14.09,14.09,-42.22,-165.83,-70.24,0.03,0.11,-0.28,-0.35,0.28,5.01,27.88,2.24,5.29,17.97,-0.02,8.71,3.60,0.01,3.61,0.82,2.79,2.05,41.33,23.54,18.64,2.17,0.62,0.00,2.05,0.12
Arvind Fashions.,542484,ARVINDFASN,INE955V01021,Retailing,Speciality Retail,449.15,147.10,6004.67,45.82,49.88,19.55,14.07,1.42,1.26,2.61,1335.88,890.18,13.94,666.17,35.10,0.00,12.15,0.18,24.99,0.36,27.76,-58.38,-27.72,-15.63,13.82,13.82,19.62,41.78,11.06,0.72,0.94,-36.13,223.70,33.22,615.91,4619.84,394.53,650.25,13.33,-2.67,1107.31,133.36,14.28,147.91,68.51,79.40,24.86,12.04,2.27,53.39,38.57,40.56,-0.27,12.71,13.71
Asahi Songwon,532853,ASAHISONG,INE228I01012,Chemicals & Petrochemicals,Dyes And Pigments,391.35,482.53,461.24,13.24,18.81,8.49,7.13,0.53,1.25,4.99,143.21,259.61,-0.60,96.34,67.00,0.00,0.01,-0.04,0.32,0.01,32.67,75.79,52.04,62.83,23.96,23.96,201.71,85.29,634.36,16.31,2.68,19.99,24.98,3.64,56.58,562.36,41.85,60.62,10.06,16.76,149.88,10.54,1.46,12.00,4.64,7.36,2.59,7.03,1.73,11.79,4.22,3.14,0.00,3.16,1.64
Ashika Global Securities.,543766,ASHIKAG,INE094B01013,Finance,Non Banking Financial Company (NBFC),477.50,466.55,3528.18,46.99,21.17,13.33,7.49,0.22,1.42,7.28,261.79,1124.37,5561.56,217.09,74.32,16.32,1.45,0.72,0.44,-0.29,23.80,-384.42,-827.60,-871.34,24.57,24.57,42.56,-118.48,15.35,13.70,22.97,-51.48,-66.68,0.05,-59.14,4.24,-59.13,-59.09,-1394.81,-15.55,117.72,96.85,1.46,98.31,4.01,94.30,87.53,82.27,74.35,38.19,87.99,6.31,0.00,87.72,0.47
Ashima,514286,ASHIMASYN,INE440A01010,Textiles & Apparels,Other Textile Products,18.09,,346.52,,24.39,0.43,-7.39,0.59,2.81,0.69,164.21,85.25,81.14,70.98,73.49,0.00,0.14,0.00,0.00,0.00,26.37,-127.81,-293.41,-223.05,10.66,10.66,4037.50,-3462.50,-176.28,0.10,-0.13,-17.82,-19.03,-16.82,5.25,10.48,7.71,8.37,50.10,-0.99,2.77,0.08,-0.72,1.21,0.07,1.14,-2.53,2.89,-24.55,191.66,-2.43,1.72,-1.85,-0.68,0.10
Asi Industries,502015,,INE443A01030,Minerals & Mining,Industrial Minerals,27.61,29.91,248.69,9.91,17.89,9.02,6.35,0.11,2.79,19.13,41.36,352.57,6.41,-1.99,73.07,0.00,0.00,0.00,0.00,0.00,26.92,16.43,-8.81,-1.84,32.00,32.00,72.26,75.48,59.65,0.72,0.45,23.64,37.23,19.33,24.35,154.77,36.31,41.03,15.73,2.83,29.49,3.10,4.71,7.81,1.13,6.68,4.04,10.51,13.70,9.01,6.02,0.66,0.00,4.04,1.98
Asian Paints,500820,ASIANPAINT,INE021A01026,Consumer Durables,Paints,2810.00,581.68,269416.90,55.24,37.22,26.34,21.79,0.18,1.52,34.95,3928.93,21275.67,9.78,26.67,52.63,0.00,13.32,1.21,20.70,-1.04,13.19,31.54,28.11,21.39,12.00,12.00,33.46,9.95,39.60,16.05,11.47,3924.81,5103.07,350.22,6006.21,33905.62,5689.82,6716.16,17.71,38.23,8938.55,1624.97,229.11,1854.08,300.87,1553.21,1117.05,18.18,12.50,95.92,1508.71,44.50,0.00,1099.77,391.66
Assoc.Alcohols,507526,ASALCBR,INE073G01016,Beverages,Breweries & Distilleries,777.85,964.49,1562.57,18.89,51.47,17.98,14.56,0.10,2.58,18.00,68.92,674.61,-5.25,-5.33,62.35,0.00,0.68,0.35,1.26,0.32,35.71,-23.78,-26.00,-25.58,4.11,4.11,-19.21,8.57,-24.26,8.92,13.09,81.46,109.65,4.70,128.09,1075.32,115.35,132.79,11.91,45.06,266.69,37.12,1.82,38.94,5.60,33.34,23.66,13.92,8.87,18.08,31.78,1.56,0.00,23.66,8.12
Astec Lifescienc,533138,ASTEC,INE563J01010,Fertilizers & Agrochemicals,Pesticides & Agrochemicals,628.30,,1396.51,,22.13,-5.44,-25.19,1.15,0.89,-1.07,448.93,368.32,9.33,49.62,71.97,0.00,0.01,-0.02,3.33,0.00,24.69,141.42,-55150.00,-107.31,56.22,56.22,-93.90,-183.35,-43.35,-8.40,-14.75,-136.77,-140.98,5.63,-66.20,381.30,-106.30,-62.59,-17.36,-60.16,91.08,-10.99,0.51,-10.48,11.49,-21.97,-33.03,-12.07,-36.26,19.61,-33.01,11.04,0.00,-33.04,0.01
Atharv Enter,530187,,INE354E01031,Finance,Non Banking Financial Company (NBFC),4.70,11.53,7.99,42.04,21.17,1.40,0.94,0.02,0.68,7.75,0.49,3.23,26.92,-5.00,7.17,0.00,0.00,0.00,0.00,0.00,92.84,0.00,0.00,-39.67,1393.94,1393.94,5.80,75.36,0.00,0.03,0.03,0.19,0.25,2.96,-2.66,0.27,0.25,0.30,-985.19,0.11,0.26,-0.69,0.77,0.08,0.02,0.06,0.05,-265.38,19.23,17.00,0.06,0.00,0.00,0.05,0.02
Ather Energy,544397,ATHERENERG,INE0LEZ01016,Automobiles,2/3 Wheelers,1272.70,,50140.43,,38.00,-19.77,-33.41,0.26,2.02,-3.83,664.22,2534.36,67.15,52.35,39.58,-1.18,16.77,-0.44,29.82,0.85,13.82,-49.25,-64.39,-52.44,0.20,0.20,-75.36,-48.19,-71.46,-1.33,-4.79,-812.28,-812.28,50.21,-580.85,2255.01,-701.66,-530.64,-25.76,-27.95,644.58,-134.30,28.33,-105.97,48.14,-154.11,-178.23,-20.84,-27.65,37.20,-178.23,24.12,0.00,-178.23,0.00
Atishay,538713,,INE011R01013,IT - Software,Software Products,161.00,72.66,177.61,31.66,28.92,16.98,13.14,0.10,4.63,19.78,5.66,44.05,7.17,-25.89,74.65,0.00,0.00,0.00,0.00,0.00,25.36,-93.22,-89.11,-81.48,24.84,24.84,-75.12,34.33,-92.73,0.11,1.50,7.02,9.58,2.11,9.63,51.15,9.92,11.75,18.83,6.38,12.20,2.01,0.82,2.83,0.47,2.36,1.65,16.48,13.52,10.98,2.29,0.07,0.00,1.65,0.64
Atlanta Electric,544527,ATLANTAELE,INE0Z4F01028,Electrical Equipment,Heavy Electrical Equipment,1589.80,1186.32,12225.82,56.01,33.62,45.26,31.69,0.05,1.69,6.40,50.74,913.81,59.03,74.72,87.28,0.00,1.92,-0.48,4.76,0.45,6.05,-54.16,-53.13,-48.45,21.17,21.17,58.06,206.62,50.42,6.09,4.35,118.63,159.33,6.31,193.57,1244.18,193.55,199.86,15.56,16.57,315.11,48.78,2.41,51.19,2.35,48.84,31.14,15.48,9.88,15.38,41.97,6.87,0.00,31.14,10.83
Atul,500027,ATUL,INE100A01010,Chemicals & Petrochemicals,Specialty Chemicals,6777.00,4325.76,19963.35,25.10,28.94,14.90,11.49,0.03,2.15,64.29,183.02,6192.50,15.75,59.14,45.33,0.11,7.44,-0.06,25.93,0.04,21.30,20.29,19.75,40.19,19.13,19.13,67.11,19.20,91.85,83.32,43.40,487.30,692.49,115.39,917.90,5583.35,721.32,1038.14,16.44,164.37,1478.00,235.50,28.11,263.61,82.04,181.57,132.36,15.93,8.96,29.44,177.03,4.54,0.00,127.77,44.67
Atvo Enterprises,532090,,INE219M01021,Textiles & Apparels,Other Textile Products,32.30,0.78,345.56,1727.82,24.39,2.48,1.80,0.00,5.23,,0.00,1.05,49.42,42.86,55.80,5.29,0.00,0.00,0.00,0.00,44.20,0.00,0.00,-14.29,24.69,24.69,-14.29,0.00,-16.67,0.00,0.01,0.11,0.15,0.72,-0.54,4.45,0.17,0.18,-12.13,0.01,0.80,0.07,0.00,0.07,0.00,0.07,0.06,8.75,7.50,10.70,0.07,0.00,0.00,0.06,0.02
AU Small Finance,540611,AUBANK,INE949L01017,Banks,Other Bank,1060.00,657.73,79483.00,27.83,16.27,7.66,14.32,8.44,2.13,1.38,166532.70,18984.50,17.32,30.77,22.74,-0.02,35.98,-1.29,32.81,1.51,8.47,-4.32,4.33,6.96,0.00,0.00,29.54,21.11,37.03,10.63,7.79,2108.63,2788.06,2526.31,8572.41,16063.73,10843.82,11102.33,53.37,28.29,4378.44,2302.06,810.61,3112.67,0.00,3112.67,580.86,52.58,13.27,745.19,778.90,2333.77,0.00,580.86,198.05
Aurionpro Sol.,532668,AURIONPRO,INE132H01018,IT - Software,Computers - Software & Consulting,739.55,1204.47,4087.99,19.50,23.39,16.29,13.44,0.03,2.41,20.59,60.68,1683.74,14.76,7.52,26.86,-0.02,16.02,-0.27,1.47,0.22,55.65,-26.61,-19.76,-7.99,26.32,26.32,-9.80,-1.97,-11.08,8.30,9.29,186.17,225.21,20.17,241.73,1172.97,231.85,261.90,20.61,33.72,336.82,68.16,3.37,71.53,10.04,61.49,50.64,20.24,15.03,53.71,59.79,1.70,0.00,51.31,9.15
Aurique,517230,,INE766A01026,Agricultural Food & other Products,Other Agricultural Products,10.04,4.35,1.30,2.13,19.09,,,0.00,1.94,,0.00,0.33,,-95.43,73.08,-21.92,0.00,0.00,0.01,0.01,26.93,-92.41,-92.41,-92.31,70.67,70.67,-127.27,-454.55,-127.27,0.46,-0.31,13.48,13.48,614.22,-600.73,0.00,13.49,13.49,,19.26,0.00,-0.22,0.00,-0.22,0.00,-0.22,-0.22,,,1.00,-0.22,0.00,0.00,-0.22,0.00
Aurum Proptech,539289,AURUM,INE898S01029,IT - Services,IT Enabled Services,218.62,234.67,1577.98,1678.70,24.65,1.84,-2.68,0.44,1.21,0.97,224.76,468.04,64.50,102.88,47.89,0.48,0.42,0.29,0.00,0.00,51.69,174.82,-6.06,3.13,12.13,12.13,157.64,149.82,-550.90,6.33,-1.34,-33.22,-44.47,20.57,46.55,263.84,-15.05,67.31,17.64,-11.40,65.44,11.38,8.47,19.82,23.92,-4.10,-10.02,17.39,-15.36,35.84,-10.78,6.71,0.03,-9.46,-0.76
Authum Invest,539177,AIIL,INE206F01022,Finance,Non Banking Financial Company (NBFC),548.80,1131.89,46631.43,22.28,21.17,13.76,13.16,0.21,0.61,10.86,3099.72,14466.58,-36.77,-48.91,68.81,0.00,14.28,0.05,0.20,0.01,16.69,2348.52,577.56,587.92,0.48,0.48,13.35,-83.52,18.43,13.13,11.08,4248.11,4073.88,31.39,4094.73,4568.35,4119.95,4126.12,89.63,50.02,1210.40,1154.72,8.99,1163.71,2.26,1161.45,941.32,95.40,77.77,16.98,1141.66,19.79,0.00,941.32,200.34
Automotive Stamp,520119,ASAL,INE900C01027,Auto Components,Auto Components & Equipments,507.85,188.57,806.74,26.10,30.39,25.31,127.51,3.44,0.90,3.13,124.38,20.30,28.34,101.63,75.00,0.00,0.09,0.09,0.00,-0.01,24.90,-64.68,-29.35,-22.47,10.02,10.02,31.26,69.30,84.65,2.96,1.60,15.86,16.78,2.99,48.37,775.28,30.76,50.44,6.24,10.58,173.07,10.75,0.53,11.28,5.11,6.17,2.54,6.21,1.47,15.86,2.54,3.63,0.00,2.54,0.00
Avadh Sugar,540649,AVADHSUGAR,INE349W01017,Agricultural Food & other Products,Sugar,558.70,438.28,1116.99,16.61,15.92,6.83,5.63,1.25,1.16,2.47,1407.18,1104.44,4.23,-5.07,60.39,0.00,1.47,-0.29,0.27,0.01,37.88,-99.59,-78.54,-69.53,2.14,2.14,29.12,323.70,-102.73,0.11,-4.20,87.54,135.90,3.81,276.01,2635.59,221.39,279.52,10.47,43.93,716.61,28.23,0.30,28.53,14.99,13.54,-8.41,3.94,-1.17,20.02,-12.59,26.13,0.00,-8.41,-4.18
Avantel,532406,AVANTEL,INE005B01027,Aerospace & Defense,Aerospace & Defense,162.99,41.36,4333.23,252.37,67.91,9.63,5.29,0.10,3.72,5.25,34.38,285.09,-3.16,-67.16,37.04,0.00,1.54,0.99,1.14,0.22,60.28,13.00,14.69,28.33,29.71,29.71,66.89,30.05,66.87,0.20,0.12,56.44,79.44,1.79,92.50,249.13,82.49,94.29,37.13,2.13,51.91,10.45,0.05,10.50,4.40,6.10,3.23,20.13,6.22,48.95,5.30,0.80,0.00,3.23,2.08
Avenue Super.,540376,DMART,INE192R01011,Retailing,Diversified Retail,4015.00,1052.67,261843.37,85.62,34.12,17.18,12.94,0.10,1.98,26.19,2424.99,23812.08,15.58,12.96,74.48,-0.03,9.22,0.22,8.67,-0.10,7.55,31.08,30.92,23.86,0.21,0.21,15.42,-6.81,11.34,13.19,11.88,2689.47,3672.67,117.13,4494.51,59358.05,3727.54,4597.06,7.57,41.61,16359.70,1299.04,19.43,1318.47,231.70,1086.77,772.81,7.94,4.72,650.73,1057.47,29.30,0.00,772.97,284.66
Avonmore Capital,511589,AVONMORE,INE323B01024,Finance,Non Banking Financial Company (NBFC),11.36,23.16,319.70,20.72,21.17,5.87,3.62,0.06,3.24,19.01,24.89,357.72,12.26,-42.83,58.46,0.00,0.04,-0.02,0.01,0.00,41.49,-340.81,-397.89,-229.92,20.83,20.83,133.89,-280.03,135.53,0.40,0.14,29.00,45.00,12.86,40.47,179.58,48.63,53.33,22.54,1.03,36.64,5.96,5.51,11.47,1.54,9.93,7.29,16.27,19.90,28.87,9.15,0.78,0.00,3.84,1.86
AWL Agri Busine.,543458,AWL,INE699H01024,Agricultural Food & other Products,Edible Oil,190.30,196.64,24712.01,21.04,19.67,18.28,10.67,0.11,1.21,3.16,1109.27,10311.38,16.72,2.28,56.94,0.00,21.10,-0.76,8.46,0.09,12.91,19.90,14.97,32.37,3.38,3.38,89.48,43.14,47.67,2.70,1.82,1229.14,1600.62,233.46,2486.32,63672.24,2329.26,2724.36,3.90,9.43,17058.65,365.89,212.27,578.16,102.75,475.41,237.95,2.14,1.39,129.53,316.78,158.63,0.00,236.43,78.83
Axis Bank,532215,AXISBANK,INE238A01034,Banks,Private Sector Bank,1272.00,1112.66,395749.45,14.25,14.36,6.24,13.12,7.47,2.13,1.45,1656431.05,220980.84,5.58,-0.32,7.87,-0.27,39.91,-2.13,42.69,-0.66,9.52,0.37,15.38,17.31,0.00,0.00,23.63,5.39,22.15,24.54,20.13,28055.11,36722.16,28542.77,80979.18,127374.09,107758.47,109521.95,63.58,90.58,32348.31,18365.70,8052.69,26418.39,0.00,26418.39,6279.49,56.77,19.41,620.24,8179.70,18238.69,0.00,6243.72,1919.53
Axis Solution,511144,,INE520G01024,IT - Software,Computers - Software & Consulting,367.20,118.06,1735.40,57.10,23.39,23.07,22.18,0.56,1.85,8.03,81.34,97.14,26.51,11.93,85.64,0.00,0.00,0.00,1.74,0.00,12.62,-76.78,-77.80,-75.54,52.40,52.40,115.41,780.82,65.16,0.77,0.47,35.00,34.39,1.88,36.99,200.67,37.69,38.87,18.43,7.41,27.43,3.18,0.08,3.26,0.33,2.93,2.21,11.59,8.06,47.26,2.21,0.72,0.00,2.21,0.00
Aye Finance,544699,AYE,INE501X01029,Finance,Non Banking Financial Company (NBFC),172.60,293.10,4260.01,17.93,21.17,11.32,9.24,2.00,8.64,1.56,5065.10,2483.81,23.07,13.08,0.00,0.00,15.70,-2.96,19.75,1.36,63.81,-13.28,-7.20,-6.31,0.00,0.00,35.85,45.00,143.54,3.02,1.60,171.24,225.01,45.26,673.49,1459.73,696.55,718.71,46.14,8.93,405.46,163.15,9.17,172.32,5.10,167.22,30.59,40.24,7.54,37.79,40.89,126.33,0.00,30.59,10.30
B H E L,500103,BHEL,INE257A01026,Electrical Equipment,Heavy Electrical Equipment,411.15,121.01,143112.29,58.83,33.62,9.14,6.23,0.31,1.61,5.55,8186.95,25450.19,27.00,739.36,58.17,0.00,9.52,2.29,22.35,-1.58,9.88,-70.81,-66.36,-71.26,18.88,18.88,-193.80,-426.38,-182.70,1.08,-1.31,509.22,745.60,524.32,1399.32,28339.48,1632.46,1904.42,4.94,1.53,5486.91,-537.14,184.83,-352.31,74.52,-426.83,-455.50,-9.79,-8.30,696.41,-608.04,181.21,0.00,-455.50,-152.54
B P C L,500547,BPCL,INE029A01011,Petroleum Products,Refineries & Marketing,329.95,419.37,143148.99,9.24,10.14,25.69,28.80,0.54,0.79,8.50,54424.42,95897.68,12.33,-11.73,52.98,0.00,16.84,-2.73,21.07,2.55,8.25,-133.30,-152.30,-142.09,1.01,1.01,-141.90,-0.46,-127.38,-4.32,15.76,13587.54,18182.30,3629.05,25401.38,440271.86,22115.93,29372.62,5.77,30.74,112551.45,9677.95,1840.43,11585.76,1888.96,9696.80,6839.02,8.60,6.12,4272.58,8871.69,757.73,-67.38,6890.96,2032.67
B2B Soft.Tech.,531268,,INE151B01011,IT - Software,Software Products,26.11,38.94,45.37,14.59,28.92,16.13,11.93,0.00,11.95,,0.00,13.54,22.68,43.32,56.53,-3.06,0.00,0.00,0.00,0.00,40.52,187.50,202.50,85.71,3.47,3.47,85.71,0.00,41.54,0.53,0.37,2.61,3.26,1.46,1.93,24.14,3.23,3.36,8.00,1.51,6.47,0.28,0.60,0.88,0.03,0.85,0.65,4.33,10.05,11.59,0.85,0.00,0.00,0.65,0.20
Baba Arts,532380,,INE893A01036,Entertainment,"Film Production, Distribution & Exhibition",14.59,6.22,76.60,123.55,78.24,3.14,2.40,0.00,34.86,,0.00,22.15,37.41,-48.33,74.68,0.00,0.00,0.00,0.00,0.00,25.32,20.00,27.27,-46.51,2.11,2.11,-264.29,-407.14,-20.00,0.02,0.03,1.44,1.94,1.30,0.70,5.59,1.94,2.00,12.52,0.27,3.60,0.14,0.07,0.21,0.02,0.19,0.15,3.89,4.17,5.25,0.19,0.00,0.00,0.15,0.05
Bajaj Auto,532977,BAJAJ-AUTO,INE917I01010,Automobiles,2/3 Wheelers,11856.00,7726.68,325837.13,27.64,38.00,28.24,29.15,0.58,1.36,12.60,22713.15,38552.49,36.91,55.23,55.01,0.00,9.01,0.19,13.42,-0.93,22.44,-8.69,3.62,47.23,4.86,4.86,62.11,10.11,44.26,115.41,79.15,7301.85,10223.53,1472.06,9554.60,50994.55,10580.50,10994.73,18.74,262.29,13133.35,2792.94,508.98,3301.92,117.51,3184.41,2210.44,21.27,16.83,279.26,2960.65,223.76,0.00,2210.44,750.21
Bajaj Consumer,533229,BAJAJCON,INE933K01021,Personal Products,Personal Care,523.80,153.27,6847.67,30.70,39.68,30.05,24.66,0.02,1.38,173.72,15.80,741.92,24.92,76.43,42.97,0.00,16.11,-0.48,14.91,0.64,25.99,11.19,12.08,8.94,6.10,6.10,103.34,86.66,84.82,5.42,2.79,123.37,152.76,35.91,127.55,964.83,151.70,161.86,13.22,9.14,273.39,41.01,7.97,48.98,2.48,46.50,38.28,15.00,14.00,13.71,46.13,0.37,0.00,38.28,7.86
Bajaj Finance,500034,BAJFINANCE,INE296A01032,Finance,Non Banking Financial Company (NBFC),1153.00,563.30,717538.16,35.03,21.17,10.87,18.25,3.82,3.16,1.94,435112.49,113377.23,17.85,17.53,54.68,-0.03,20.20,-1.13,16.30,1.20,8.64,9.50,8.66,8.77,2.22,2.22,20.99,11.24,27.60,9.61,7.56,16663.99,22079.63,-2.35,47954.11,68831.64,47106.27,47987.26,69.67,26.77,19523.88,13532.15,4.60,13536.75,251.49,13285.26,4765.29,69.31,24.41,621.24,6367.58,6917.68,0.00,4699.61,1602.29
Bajaj Finserv,532978,BAJAJFINSV,INE918I01026,Finance,Holding Company,2096.00,1124.83,335425.69,32.64,14.58,10.58,13.23,5.52,0.29,1.99,429913.96,77754.66,14.54,7.91,58.72,0.00,6.90,-0.33,12.11,0.35,22.23,20.48,17.91,18.12,5.92,5.92,19.74,1.37,18.15,19.57,17.46,8885.47,23748.21,-18.35,49524.20,132944.32,48371.87,49542.19,37.25,55.57,35287.76,14315.19,12.88,14328.07,317.33,14010.74,5329.17,40.57,15.10,159.71,7203.64,6807.10,0.00,2789.05,1874.47
Bajaj Healthcare,539872,BAJAJHCARE,INE411U01027,Pharmaceuticals & Biotechnology,Pharmaceuticals,340.40,109.02,1145.20,20.35,33.57,11.47,9.40,0.47,1.71,3.77,249.09,516.17,12.27,19.55,58.59,0.30,2.19,0.21,1.92,-0.99,37.30,-159.96,25.28,26.82,37.25,37.25,17.30,-7.51,15.81,4.07,3.75,39.81,42.57,15.63,82.92,542.60,74.40,102.32,15.28,12.51,148.84,24.51,0.54,25.39,5.64,19.75,11.83,16.47,8.18,15.79,14.18,5.23,-0.34,12.17,2.35
Bajaj Holdings,500490,BAJAJHLDNG,INE118A01012,Finance,Holding Company,11599.00,8896.65,129125.12,14.58,14.58,11.00,11.90,0.00,1.45,17438.17,9.62,73039.29,30.15,27.18,51.46,0.00,9.47,-0.15,8.26,0.18,30.80,5.09,18.37,1348.32,0.00,0.00,20.28,-91.70,-22.71,243.18,313.27,6434.29,6747.83,6223.74,559.35,739.24,6664.32,6698.10,75.67,585.90,324.66,283.82,3428.13,2190.07,7.98,2182.09,3503.84,87.42,635.78,111.29,3703.77,0.20,1521.88,2053.90,199.93
Bajaj Housing,544252,BAJAJHFL,INE377Y01014,Finance,Housing Finance Company,86.85,60.39,72357.91,26.78,15.36,8.85,12.11,4.60,0.75,1.50,103703.99,14194.13,16.29,19.39,86.70,0.00,0.90,-0.09,1.00,-0.18,11.34,6.89,7.21,7.19,0.24,0.24,19.35,11.35,22.63,0.86,0.70,2165.00,2770.23,-2.37,8795.04,9553.98,8754.24,8795.39,92.06,2.60,2615.71,2371.25,2.74,2373.99,11.09,2362.90,583.30,90.65,22.30,8328.44,756.94,1605.96,0.00,583.30,173.64
Balaji Amines,530999,BALAMINES,INE050E01027,Chemicals & Petrochemicals,Specialty Chemicals,2025.20,974.90,6549.73,32.08,28.94,11.02,8.74,0.07,2.34,48.80,133.28,1969.98,11.08,34.10,54.56,-0.03,3.17,0.18,1.58,0.12,40.69,20.61,22.24,22.95,22.72,22.72,111.85,72.30,113.85,23.13,11.73,157.44,213.22,33.20,232.16,1388.80,216.86,265.30,16.72,48.62,358.34,54.70,9.02,63.72,13.97,49.75,36.53,15.26,10.19,6.48,49.02,0.73,0.00,38.00,12.49
Balkrishna Inds,502355,BALKRISIND,INE787D01026,Auto Components,Tyres & Rubber Products,2492.20,1204.51,48139.59,34.25,25.55,11.18,9.66,0.38,0.75,14.25,4110.82,10916.63,9.78,-3.28,58.30,0.00,10.33,-0.80,24.60,0.35,6.77,50.53,45.89,16.32,12.56,12.56,47.06,26.42,56.35,23.32,14.91,1431.69,2187.39,537.41,2459.15,10446.95,2136.34,2817.00,23.54,85.61,2760.02,506.20,107.14,613.34,188.17,425.17,288.30,18.34,10.45,38.66,394.38,30.79,0.00,288.30,106.08
Balmer Lawrie,523319,BALMLAWRIE,INE164A01016,Diversified,Diversified,174.14,199.89,2974.41,10.66,21.58,14.60,13.70,0.11,2.13,8.43,219.64,1898.02,8.87,2.96,0.00,0.00,2.38,0.16,1.79,0.00,95.79,-14.34,-13.63,-12.38,19.21,19.21,20.02,36.98,5.32,4.18,4.03,264.71,275.81,49.98,312.63,2504.65,300.50,360.77,12.48,15.55,680.66,83.17,9.47,92.64,14.50,78.14,67.35,12.22,9.89,171.00,71.41,6.73,0.00,68.93,19.44
Banaras Beads,526849,BANARBEADS,INE655B01011,Consumer Durables,"Gems, Jewellery And Watches",113.98,52.28,76.40,40.42,19.54,5.71,3.12,0.36,2.67,2.22,20.53,51.05,-7.69,-40.19,58.48,0.00,0.00,0.00,0.00,0.00,41.50,30.91,-27.62,-20.47,29.22,29.22,47.83,85.87,18.03,1.08,0.92,3.09,4.06,1.99,4.13,31.56,4.73,6.12,13.09,4.66,6.21,0.92,0.39,1.31,0.36,0.95,0.61,14.81,9.82,6.61,0.80,0.15,0.00,0.61,0.19
Bandhan Bank,541153,BANDHANBNK,INE545U01014,Banks,Private Sector Bank,173.65,171.25,27989.63,20.68,14.36,6.41,4.88,7.06,4.15,1.17,180647.26,23963.92,-0.20,-34.11,37.54,-1.44,18.64,-3.43,27.47,5.14,16.26,-6.08,-0.34,5.92,0.00,0.00,10.65,4.47,34.87,3.11,2.31,2745.32,3623.28,2966.60,11393.53,21948.23,14080.95,14360.15,51.91,17.04,5475.61,2513.98,725.88,3239.86,0.00,3239.86,371.96,45.91,6.79,1610.97,521.49,2718.37,0.00,371.96,149.53
Bank of Baroda,532134,BANKBARODA,INE028A01039,Banks,Public Sector Bank,247.25,372.41,127861.93,5.79,7.28,5.63,12.70,10.89,1.93,1.33,1835226.38,167463.91,4.91,13.52,63.97,0.00,10.14,0.45,18.33,-0.59,7.47,-68.68,8.77,7.61,0.00,0.00,15.28,7.12,-47.71,3.45,6.71,20676.96,27618.97,24939.37,82411.47,127944.77,105844.24,107311.19,64.41,40.06,32866.31,19938.35,5537.85,25476.20,0.00,25476.20,3517.18,60.67,10.70,1035.53,5169.66,20306.54,0.00,3469.16,1817.78
Bank of India,532149,BANKINDIA,INE084A01016,Banks,Public Sector Bank,140.50,360.53,63988.17,5.43,7.28,5.93,12.41,11.83,3.02,1.30,1076662.15,86436.24,6.21,19.41,73.38,0.00,6.87,-0.39,13.96,0.00,5.78,6.96,2.72,8.27,0.00,0.00,12.55,3.95,80.50,7.25,4.02,9345.36,12771.03,9317.43,50651.34,71307.71,59162.21,59765.77,71.03,20.97,18466.61,13067.62,1692.21,15278.63,0.00,15278.63,1830.51,70.76,11.94,4553.41,2439.00,12320.83,-518.80,2204.58,675.05
Bank of Maha,532525,MAHABANK,INE457A01014,Banks,Public Sector Bank,79.57,121.73,61193.99,8.12,7.28,6.03,22.65,10.74,2.79,1.52,383215.67,28004.26,15.83,31.03,73.60,0.00,5.82,0.27,14.28,0.35,6.32,-1.05,2.50,1.27,0.00,0.00,18.81,17.33,34.50,2.63,1.96,5541.40,5744.85,3475.93,15840.10,24947.58,19025.05,19315.65,63.49,7.21,7053.98,4639.70,825.20,5464.90,0.00,5464.90,1504.37,65.77,21.33,7691.55,1702.99,3761.91,0.00,1504.37,109.90
Bansal Wire Inds,544209,BANSALWIRE,INE0B9K01025,Industrial Products,Iron & Steel Products,318.50,183.05,4991.06,34.55,21.73,13.79,12.09,0.39,1.64,4.11,554.66,1352.39,20.92,-6.02,75.00,-2.99,1.99,1.11,15.57,-1.49,7.43,-48.94,-36.61,-26.28,13.54,13.54,-21.54,6.43,-47.91,1.31,2.51,144.72,210.25,9.31,268.77,3507.06,248.23,278.22,7.66,9.24,939.01,71.83,2.65,74.45,12.40,62.05,39.28,7.65,4.18,78.28,50.03,12.05,0.03,39.26,10.75
Banswara Syntex,503722,BANSWRAS,INE629D01020,Textiles & Apparels,Other Textile Products,127.34,151.82,436.12,10.38,24.39,8.98,6.53,0.81,1.39,2.41,474.99,567.79,2.91,113.68,54.19,0.00,7.92,0.01,0.00,0.00,37.89,-59.88,-54.02,-48.54,17.83,17.83,25.69,144.24,-436.50,1.35,-0.40,21.71,31.13,17.53,101.12,1292.53,70.37,118.30,7.82,6.47,305.97,17.63,4.35,21.98,13.04,8.94,-1.37,5.76,-0.45,17.12,-1.82,10.76,0.00,-1.37,-0.45
Basant Agro Tech,524687,,INE473E01021,Fertilizers & Agrochemicals,Fertilizers,12.18,23.51,110.39,15.20,15.20,7.03,3.87,1.00,1.42,1.76,184.30,175.30,31.65,65.38,53.09,0.00,0.00,0.00,0.02,0.00,46.90,27.60,3.25,7.28,17.26,17.26,9.86,2.41,11.90,0.31,0.28,4.16,7.06,0.40,28.08,469.69,20.83,28.47,5.98,0.46,176.41,8.72,0.02,8.74,1.94,6.80,2.52,4.94,1.43,9.06,2.92,3.88,0.00,2.52,0.39
Belding India,513307,,INE363L01045,Industrial Products,"Aluminium, Copper & Zinc Products",1028.75,,1489.51,,16.95,0.53,-0.97,0.04,4.14,-0.10,38.40,1034.88,-99.86,-2233.80,55.78,0.00,0.20,-3.40,6.36,0.00,37.67,-11.18,-177.11,-2211.11,1376.00,1376.00,,,,-2.21,,0.24,0.33,0.00,0.54,21.16,0.41,0.54,2.55,2.67,,,,,,,,,,,,,,,
BEML Land Assets,543898,BLAL,INE0N7W01012,Finance,Investment Company,174.62,,727.62,317.74,36.02,-192.83,0.90,0.00,1.50,0.89,0.00,-40.52,,152.40,54.03,0.00,0.00,-0.01,8.21,0.00,37.75,-112.53,-18.99,-18.52,0.00,0.00,-126.72,-132.79,-82.85,-0.11,-0.66,-3.75,-3.75,0.00,-2.90,0.00,-2.98,-2.90,,-0.90,0.00,-2.47,0.00,-2.47,0.02,-2.49,-2.74,,,41.64,-2.74,0.25,0.00,-2.74,0.00
Benares Hotels,509438,,INE664D01019,Leisure Services,Hotels & Resorts,10201.25,9591.51,1326.16,30.13,28.87,29.83,22.51,0.02,2.85,141.62,3.91,211.33,7.67,-0.86,62.58,0.00,0.02,0.00,0.05,0.04,37.35,-46.25,-46.28,-42.79,3.76,3.76,24.53,117.65,8.84,63.46,58.31,43.25,58.11,5.20,59.32,135.47,58.49,64.52,43.79,332.69,25.01,10.03,1.78,11.81,1.51,10.30,7.58,40.10,30.31,1.30,10.20,0.10,0.00,7.58,2.62
Best Agrolife,539660,BESTAGRO,INE052T01021,Fertilizers & Agrochemicals,Pesticides & Agrochemicals,18.89,23.31,672.79,22.73,22.13,5.16,1.16,0.58,1.53,1.71,442.42,733.30,-24.14,-56.81,50.44,0.00,5.56,0.03,2.13,0.02,41.87,-209.16,-292.84,-387.89,38.53,38.53,69.64,-158.93,104.07,1.15,0.56,69.89,96.29,4.58,200.24,1814.31,161.95,204.82,11.04,1.97,381.24,45.82,4.08,49.90,10.48,39.42,19.92,12.02,5.23,23.64,25.68,13.74,0.00,19.92,5.76
Beta Drugs Ltd,,BETA,INE351Y01019,Pharmaceuticals & Biotechnology,Pharmaceuticals,2353.00,1191.08,2451.95,53.78,33.57,19.16,18.78,0.60,3.10,5.18,147.80,234.63,6.20,-9.41,59.10,-5.53,1.02,-0.14,6.23,4.08,33.65,82.10,55.99,54.81,29.04,29.04,38.93,-10.25,40.85,15.16,11.59,45.79,56.97,1.87,74.60,362.36,68.53,81.04,20.59,42.02,100.21,19.70,2.99,22.69,3.73,18.96,11.70,19.66,11.68,10.09,15.64,3.32,0.00,11.70,3.95
BGIL Films & Tec,511664,,INE443D01018,Entertainment,"Film Production, Distribution & Exhibition",7.60,5.02,8.61,41.00,78.24,1.28,0.52,0.11,5.25,,2.09,7.89,196.97,175.00,41.84,0.00,0.00,0.00,0.00,0.00,58.16,-122.86,-119.51,-125.00,529.59,529.59,16.67,-566.67,-57.89,-0.07,-0.17,-0.17,0.07,7.96,-7.79,0.27,0.07,0.17,-2885.19,-0.15,0.06,-0.06,0.00,-0.06,0.02,-0.08,-0.19,-100.00,-316.67,11.33,-0.08,0.00,0.00,-0.19,0.11
BGR Energy Sys.,532930,BGRENERGY,INE661I01014,Construction,Civil Construction,278.40,,2010.73,,18.04,-26.94,,,1.43,-0.48,4534.56,-2932.89,-38.23,-11.41,51.01,0.00,0.01,-0.09,0.00,0.00,48.98,-71.02,-88.32,-56.31,38.36,38.36,-2.87,122.31,-16.07,-31.06,-36.74,-968.74,-973.10,205.52,-566.08,452.48,-369.84,-356.90,-125.11,-134.75,88.61,-105.28,24.51,-80.77,2.80,-83.57,-266.03,-118.81,-300.23,72.16,-266.03,182.46,0.00,-265.12,0.00
Bhageria Indust.,530803,BHAGERIA,INE354C01027,Chemicals & Petrochemicals,Dyes And Pigments,219.57,295.05,963.42,12.98,18.81,11.01,7.77,0.01,2.63,51.12,8.35,578.52,55.21,54.14,71.77,0.00,0.05,-0.39,0.00,0.00,28.18,154.89,144.15,28.36,15.98,15.98,119.51,71.01,199.75,8.23,2.75,29.13,57.76,6.92,83.89,597.16,49.66,81.08,14.05,9.69,158.00,18.25,6.75,25.00,7.76,17.24,11.99,11.55,7.59,21.82,16.53,0.71,0.00,11.99,4.54
Bhagiradha Chem.,531719,BHAGCHEM,INE414D01027,Fertilizers & Agrochemicals,Pesticides & Agrochemicals,298.35,64.87,3876.01,140.84,22.13,4.53,2.63,0.34,1.78,2.75,234.63,685.36,34.08,126.88,19.60,0.00,0.10,-0.04,3.00,-0.02,77.31,227.52,102.11,57.13,33.71,33.71,239.60,116.13,234.92,1.03,0.31,13.86,25.25,9.28,36.94,440.47,32.36,46.22,8.39,1.07,123.78,8.99,0.64,9.63,3.87,5.76,3.98,7.26,3.22,12.97,2.50,3.26,0.00,3.98,-1.47
Bhagwati Auto,504646,,INE106G01014,Auto Components,Auto Components & Equipments,696.05,526.94,200.47,13.83,30.39,31.61,24.72,0.15,2.04,27.85,9.08,56.00,25.21,126.05,74.06,0.00,0.00,0.00,0.00,0.00,25.94,35.26,34.87,32.20,13.58,13.58,36.84,3.51,54.01,14.65,9.51,5.71,8.62,0.59,12.37,139.94,9.43,12.61,8.84,21.38,40.71,5.13,0.00,5.13,0.84,4.29,2.74,12.60,6.73,2.88,4.00,0.29,0.00,2.74,1.25
Bhagyanagar Ind,512296,BHAGYANGR,INE458B01036,Non - Ferrous Metals,Copper,387.45,235.79,1242.91,19.78,41.68,20.71,21.58,1.01,1.67,3.19,258.92,251.16,49.10,216.31,64.91,0.07,0.86,0.45,0.20,0.20,34.04,9.52,6.53,5.92,7.72,7.72,136.50,123.29,167.50,6.33,2.37,11.43,18.68,5.65,37.03,1625.57,32.17,39.23,2.28,4.38,485.60,16.19,2.98,19.17,1.77,17.40,7.57,3.33,1.56,6.40,10.10,7.30,0.00,7.57,2.52
Bhansali Engg.,500052,BEPL,INE922A01025,Chemicals & Petrochemicals,Petrochemicals,120.72,102.24,3007.33,15.05,15.97,23.75,17.27,0.00,5.88,1105.64,0.00,1058.34,5.47,15.83,57.48,0.00,1.39,0.03,0.00,0.00,41.11,27.13,25.64,29.05,17.60,17.60,57.16,21.79,42.95,2.64,1.84,179.94,243.79,38.47,214.51,1397.74,243.87,252.87,15.35,7.23,307.91,52.55,11.65,64.20,2.20,62.00,45.89,17.07,14.90,24.89,61.96,0.04,0.00,45.89,16.07
Bharat Bhushan,511501,,INE900A01013,Finance,Other Financial Services,23.48,27.53,15.87,52.90,26.72,0.76,0.36,0.00,3.50,,0.00,19.51,51.56,87.50,64.07,0.00,0.00,0.00,0.00,0.00,35.95,-244.19,-272.50,-272.50,0.00,0.00,50.00,-186.96,51.22,0.92,0.61,-0.13,-0.14,0.00,-0.14,0.32,-0.14,-0.14,-43.75,-0.19,0.59,0.46,0.00,0.46,0.00,0.46,0.41,77.97,69.49,3.38,0.46,0.00,0.00,0.41,0.04
Bharat Coking,544678,BHARATCOAL,INE05XR01022,Consumable Fuels,Coal,34.09,,15861.71,,22.50,4.05,1.91,0.39,0.96,-0.11,2241.74,1121.80,-14.28,-90.54,90.00,0.00,0.38,0.21,1.05,-0.98,8.57,-349.60,-176.91,-80.77,22.18,22.18,-133.74,-275.46,-138.50,-0.15,0.38,1234.29,1702.89,597.81,1758.25,15917.21,1770.74,2351.42,11.05,266.31,3719.59,191.08,182.20,373.28,99.67,273.61,176.87,5.14,4.76,4657.00,247.40,26.21,0.00,176.87,70.53
Bharat Electron,500049,BEL,INE263A01024,Aerospace & Defense,Aerospace & Defense,392.15,163.12,286689.93,46.64,67.91,36.53,27.58,0.00,1.98,1267.64,65.46,23257.33,19.83,11.75,51.14,0.00,18.02,-1.49,21.02,1.02,9.82,-52.63,-52.13,-53.44,44.84,44.84,12.12,140.79,8.82,1.44,1.33,5304.24,7099.00,742.36,6836.55,23768.75,7088.45,7555.83,28.76,7.28,4439.74,1238.27,163.32,1401.59,120.79,1280.80,969.05,27.89,21.83,730.98,1279.36,1.44,0.00,969.91,318.69
Bharat Gears,505688,BHARATGEAR,INE561C01019,Auto Components,Auto Components & Equipments,123.57,100.94,190.53,12.69,30.39,18.10,13.40,0.56,1.23,2.47,72.89,115.83,24.00,282.38,55.33,0.00,1.35,-0.06,0.00,-0.03,43.32,-97.04,-66.28,-39.40,13.87,13.87,-17.48,36.18,-90.91,0.10,1.07,-14.67,3.94,19.33,25.32,647.53,3.91,27.54,3.91,2.08,179.80,9.84,1.78,11.62,5.75,5.87,1.65,5.47,0.92,15.36,2.21,3.66,0.00,1.65,0.55
Bhilwara Spinner,514272,,INE436C01014,Textiles & Apparels,Other Textile Products,127.15,234.15,115.12,13.31,24.39,5.85,9.35,2.07,1.08,1.88,103.87,41.16,578.92,515.87,59.12,0.18,0.86,0.02,0.02,0.00,40.00,-71.36,-1.32,6.28,16.06,16.06,1886.96,1769.57,-189.25,2.11,-2.36,1.26,2.45,0.77,3.20,24.97,2.58,3.30,12.82,1.91,2.67,0.23,0.04,0.27,1.05,-0.78,-2.14,8.61,-80.15,9.05,-1.60,0.82,0.00,-2.14,0.54
Billionbrains,544603,GROWW,INE0HOQ01053,Capital Markets,Stockbroking & Allied,192.60,163.27,120810.83,49.52,19.99,37.32,28.81,0.03,1.59,90.86,292.22,8403.55,37.74,30.83,27.14,-0.24,6.89,4.38,10.08,4.16,54.78,7.09,5.92,3.41,5.29,5.29,100.96,94.34,94.28,1.17,1.81,1824.37,2463.78,0.49,2530.44,4061.15,2506.33,2530.93,62.31,9.98,904.40,482.66,44.07,526.73,7.14,519.59,378.35,53.37,41.83,418.77,503.17,16.42,0.00,378.35,124.82
Binny Mills,535620,,INE160L01011,Commercial Services & Supplies,Trading & Distributors,340.00,,87.83,,22.35,,,,0.03,-0.07,144.71,-250.60,53.47,-48.04,68.98,0.01,0.00,0.00,2.93,0.00,27.93,-73.56,-1436.84,3528.57,7.10,7.10,8366.67,133.33,-2.68,-11.23,-11.54,-12.71,-12.71,0.92,-0.93,6.32,-0.04,-0.01,-14.72,-49.20,1.30,-0.03,0.26,0.23,0.00,0.23,-2.98,-2.31,-229.23,2.58,-2.94,3.17,0.00,-2.98,0.04
Birla Cable,500060,BIRLACABLE,INE800A01015,Telecom -  Equipment & Accessories,Telecom -  Equipment & Accessories,214.00,224.23,639.05,13.83,48.99,8.93,6.23,0.47,2.19,6.65,132.57,251.87,28.14,628.86,66.35,0.00,0.02,0.02,0.01,0.00,33.62,183.90,140.95,126.69,23.56,23.56,487.60,159.21,2190.30,10.23,0.45,4.98,6.83,3.47,32.84,661.65,20.51,36.27,4.96,1.68,176.44,7.82,0.55,8.37,4.21,4.16,1.34,4.43,0.76,30.00,1.84,2.32,0.00,1.34,0.50
Birla Corpn.,500335,BIRLACORPN,INE340A01012,Cement & Cement Products,Cement & Cement Products,906.10,1013.61,6988.86,12.54,31.16,9.78,7.83,0.46,0.88,3.89,3390.72,7287.69,3.90,35.40,62.90,0.00,6.13,-0.13,16.97,0.25,14.00,-60.74,-46.26,-32.93,3.22,3.22,-1.29,47.17,-3.21,15.03,15.53,327.63,377.85,56.17,1220.59,9214.49,746.65,1318.50,13.25,38.34,2454.22,346.73,31.94,378.67,130.57,248.10,119.57,14.13,4.87,77.01,177.38,70.72,0.00,119.57,57.81
Birlasoft Ltd,532400,BSOFT,INE836A01035,IT - Software,Computers - Software & Consulting,321.50,360.69,8989.13,15.07,23.39,21.15,14.06,0.03,2.11,48.12,140.74,4057.17,1.35,26.11,40.38,-0.01,12.78,-0.86,21.98,-1.37,24.85,-8.49,2.79,-10.61,22.44,22.44,40.27,56.91,51.27,5.76,3.83,508.36,696.83,108.48,697.50,5375.24,708.94,794.65,12.98,18.60,1284.90,158.81,33.10,191.91,20.77,171.14,106.43,12.36,8.28,55.58,166.18,4.96,0.00,106.43,59.74
BITS,526709,,INE839A01021,IT - Software,Software Products,7.45,2.14,83.34,109.66,28.92,3.67,3.67,0.00,20.80,,0.00,-3.77,34.45,192.31,65.07,0.00,0.00,0.00,0.07,0.00,34.86,-30.43,-27.27,-25.93,13.13,13.13,53.85,107.69,128.57,0.01,0.01,0.20,0.21,0.04,0.33,1.13,0.20,0.36,29.20,0.02,0.31,0.13,0.00,0.13,0.05,0.08,0.07,41.94,22.58,22.38,0.08,0.00,0.00,0.07,0.00
Black Rose Indus,514183,BLACKROSE,INE761G01016,Chemicals & Petrochemicals,Specialty Chemicals,113.86,62.52,583.38,20.35,28.94,18.86,13.96,0.01,4.66,26.63,1.43,164.34,8.89,37.90,75.00,0.00,0.00,0.00,0.18,0.03,24.82,10.41,12.96,10.36,19.76,19.76,145.39,122.35,147.97,2.04,0.82,21.11,28.33,3.25,29.36,391.20,29.70,32.85,7.51,4.11,59.85,5.86,0.99,6.90,0.90,6.00,4.19,9.79,7.08,5.10,5.74,0.21,-0.05,4.24,1.55
Blackbuck,544288,BLACKBUCK,INE0UIZ01018,Transport Services,Transport Related Services,551.00,226.94,10025.38,58.40,50.87,12.83,12.32,0.04,3.33,31.21,59.21,1403.68,49.01,-52.59,25.00,-0.05,31.47,-0.98,14.38,3.55,29.14,-35.84,3.92,10.32,3.85,3.85,23.04,11.53,25.13,2.32,1.88,366.13,-253.30,-308.50,93.48,426.73,93.34,127.28,21.91,-0.49,143.61,40.40,15.95,56.35,9.32,47.03,33.70,28.13,23.47,17.86,45.74,1.29,0.00,33.70,12.04
Blue Dart Expres,526612,BLUEDART,INE233B01017,Transport Services,Logistics Solution Provider,5427.00,1787.66,12874.28,39.71,25.21,16.64,16.82,0.64,1.04,5.84,1141.90,1753.07,9.23,30.80,75.00,0.00,3.35,-0.07,14.47,-0.07,7.17,81.15,48.24,17.63,14.45,14.45,33.54,13.52,81.22,37.29,20.58,236.95,347.24,38.31,876.26,5720.18,408.75,893.69,15.32,106.38,1441.92,195.61,9.86,205.47,120.94,84.53,48.83,13.57,3.39,23.73,65.93,18.60,0.00,48.83,17.10
Blue Jet Health,544009,BLUEJET,INE0KBH01020,Pharmaceuticals & Biotechnology,Pharmaceuticals,589.50,200.83,11143.57,47.44,33.57,26.50,19.88,0.03,4.21,51.82,42.18,1325.22,-27.51,-34.49,73.15,-6.66,0.63,-0.26,9.11,4.60,17.11,21.64,21.52,37.62,38.28,38.28,-18.95,-41.11,-14.16,4.51,5.26,299.13,406.10,46.26,377.73,1029.99,398.13,415.92,36.67,17.59,354.76,121.00,8.25,129.25,5.70,123.55,91.17,34.11,25.70,34.69,122.86,0.69,0.00,91.17,31.69
Blue Water,,BLUEWATER,INE0X3M01010,Transport Services,Logistics Solution Provider,440.00,832.84,484.00,13.58,25.21,31.41,49.76,1.33,1.52,8.01,107.53,70.10,97.11,135.39,69.55,0.00,0.00,0.00,5.18,-1.99,25.27,52.01,50.49,53.18,25.88,25.88,259.60,134.76,295.75,12.70,3.21,10.71,14.39,0.11,18.82,195.82,17.25,18.93,9.61,13.39,50.85,6.56,0.00,6.56,1.21,5.35,3.53,12.90,6.94,11.00,4.63,0.72,0.00,3.53,1.09
Bluestone Jewel,544484,BLUESTONE,INE304W01038,Consumer Durables,"Gems, Jewellery And Watches",802.70,157.34,12257.71,217.64,19.54,7.07,1.10,0.94,1.67,1.25,1699.09,1785.47,40.02,128.59,16.25,-0.02,34.69,0.50,32.48,-1.42,16.59,-80.89,-26.74,-14.12,0.28,0.28,95.09,127.16,-117.15,0.46,-9.80,-223.65,-221.84,58.08,75.69,1770.00,-15.70,131.79,4.28,-62.91,492.68,54.75,12.06,66.81,48.68,18.13,-34.75,11.11,-7.05,3.52,-34.74,52.87,0.00,-34.52,0.00
Bluspring Enter.,544414,BLUSPRING,INE0U4101014,Commercial Services & Supplies,Diversified Commercial Services,114.78,,1712.32,112.84,19.78,5.14,-0.08,0.20,1.33,1.60,135.89,519.20,11.84,152.46,58.05,-0.11,5.69,-0.02,8.64,-0.07,27.60,-141.62,-41.73,-18.23,15.40,15.40,76.09,115.34,-77.76,-0.03,-0.32,-32.39,-169.66,-163.38,82.66,3483.57,37.27,87.77,2.37,,797.23,11.67,-0.40,12.54,12.29,0.25,-7.15,1.46,-0.82,148.95,-8.51,7.49,-1.27,-4.34,-1.35
BMW Ventures,544543,BMWVENTLTD,INE965W01036,Metals & Minerals Trading,Trading - Metals,57.69,85.11,501.75,12.53,49.61,11.95,11.49,0.58,1.96,2.90,257.94,355.13,18.53,20.38,73.01,0.00,0.00,0.00,1.17,-0.10,25.81,-2.49,-1.43,-2.08,10.81,10.81,7.53,9.82,31.76,1.22,1.27,32.80,44.62,5.28,82.80,2062.04,83.08,88.07,4.02,5.18,484.59,19.25,0.61,19.86,1.52,18.34,8.03,3.97,1.66,63.32,10.53,7.81,0.00,8.03,2.51
Bombay Wire,504648,,INE089T01023,Industrial Products,Iron & Steel Products,44.37,25.08,23.69,8.17,21.73,-0.90,-1.03,0.00,2.83,,0.00,7.20,,343.70,63.61,0.00,0.00,0.00,9.32,0.00,27.06,-5016.67,-7133.33,15.79,,,57.14,35.71,-14850.00,5.52,-0.04,-1.31,-0.63,0.14,-0.67,0.00,-0.55,-0.53,,-2.45,0.00,-0.14,0.12,-0.02,0.01,-0.03,-0.02,,,0.53,-0.03,0.00,0.00,-0.02,0.00
Borosil Renew.,502219,BORORENEW,INE666D01022,Industrial Products,Glass - Industrial,553.95,466.75,7778.31,19.36,23.12,26.62,27.74,0.11,1.62,36.98,162.14,1492.01,33.98,463.85,58.78,0.01,6.14,1.87,2.62,0.29,32.46,-48.10,-2.20,-5.66,7.63,7.63,47.12,55.95,-132.20,6.25,-20.47,33.50,46.86,15.73,164.78,1107.04,72.72,180.56,14.88,2.53,332.26,87.01,-320.39,92.53,21.78,70.75,-272.35,26.19,10.28,13.31,-259.36,4.20,-325.91,34.14,12.99
Borosil Scienti.,544184,BOROSCI,INE02L001032,Industrial Products,Glass - Industrial,153.42,68.27,1362.46,30.64,23.12,12.08,9.52,0.02,3.62,55.83,8.63,432.41,11.22,85.18,68.27,0.19,0.23,0.14,0.26,0.00,31.22,-84.04,-78.82,-73.68,15.84,15.84,73.87,560.70,-203.33,0.49,-0.47,26.79,40.40,7.68,52.74,434.19,41.93,60.40,12.15,3.01,95.98,4.86,-3.69,7.78,4.88,2.90,-4.21,5.06,2.38,8.89,-4.09,0.38,-6.61,2.25,0.13
Butterfly Gan Ap,517421,BUTTERFLY,INE295F01017,Consumer Durables,Household Appliances,736.50,397.98,1313.48,26.66,48.95,16.81,11.99,0.02,1.40,52.65,7.64,354.38,11.38,35.17,75.00,0.00,0.01,0.00,0.43,0.00,24.55,-22.29,-22.43,-23.00,6.24,6.24,17.33,52.38,38.26,4.97,3.60,29.64,43.95,6.45,66.48,865.03,47.64,70.73,7.69,18.19,187.41,12.81,1.92,14.73,5.34,9.39,6.43,6.84,3.43,17.88,8.67,0.72,0.00,6.43,2.24
C C C L,532902,CCCL,INE429I01024,Realty,"Residential, Commercial Projects",15.73,,700.94,,28.45,-1.85,-4.32,0.00,1.62,0.51,0.30,189.44,77.34,94.75,60.05,0.00,0.00,-0.04,8.97,0.04,30.98,174.50,-678.74,20.41,25.48,25.48,-54.03,-61.83,-107.04,-0.12,1.74,-32.17,104.41,177.64,-53.81,181.92,-0.82,4.02,-29.58,1.96,51.31,-21.69,101.08,-15.02,0.47,-15.49,77.94,-42.27,-32.10,89.35,77.94,0.98,94.41,-16.47,0.00
C D S L,,CDSL,INE736A01011,Capital Markets,"Depositories, Clearing Houses and Other Intermediaries",1322.20,696.70,27633.98,58.64,43.29,31.98,24.53,0.00,0.96,3903.94,2.20,1750.78,8.78,-4.75,15.00,0.00,8.24,-3.12,15.19,0.77,61.57,47.47,61.45,19.35,5.48,5.48,5.97,-11.21,14.91,5.62,4.90,527.02,694.91,119.12,624.87,1082.28,695.51,744.49,57.74,25.20,258.84,130.13,36.30,166.43,15.20,151.23,102.40,50.27,39.56,209.00,151.18,0.05,0.00,102.36,48.78
C P C L,500110,CHENNPETRO,INE178A01016,Petroleum Products,Refineries & Marketing,1325.50,2931.91,19733.51,4.73,10.14,35.11,32.13,0.18,1.62,42.47,1964.16,10960.30,33.51,2379.87,67.29,0.00,14.98,2.39,1.01,-1.10,16.71,-27.46,-25.74,-23.63,0.31,0.31,1476.36,1964.13,-2671.95,69.26,-2.69,214.09,248.66,84.07,1015.91,58983.38,493.27,1099.98,1.72,14.38,14812.23,98.64,25.73,124.37,150.91,-26.54,-40.10,0.67,-0.27,148.91,-63.58,37.04,0.00,-40.10,-23.48
California Soft.,532386,CALSOFT,INE526B01014,IT - Software,Computers - Software & Consulting,21.81,133.45,76.52,5.23,23.39,42.02,32.52,0.04,5.72,1959.00,1.61,8.11,317.91,1800.00,62.26,0.00,0.03,0.03,0.00,0.00,37.71,-54.46,-55.37,-55.34,67.99,67.99,1310.00,3057.50,2105.26,1.20,0.03,0.72,1.00,0.00,1.58,5.45,1.01,1.58,28.99,0.12,1.55,0.40,0.00,0.40,0.14,0.26,0.19,25.81,12.26,27.05,0.26,0.00,0.00,0.19,0.07
Cams Services,543232,CAMS,INE596I01020,Capital Markets,"Depositories, Clearing Houses and Other Intermediaries",791.00,344.66,19640.34,43.29,43.29,48.27,36.96,0.04,2.64,109.63,54.31,1158.78,5.19,2.12,0.00,0.00,44.88,0.44,23.54,1.48,31.56,23.05,19.79,13.40,2.59,2.59,14.96,1.37,15.80,4.91,4.25,409.06,586.39,41.44,617.24,1333.90,567.97,633.10,46.27,17.85,334.38,149.18,10.58,159.76,17.96,141.80,105.19,44.61,31.46,49.47,140.17,1.63,0.00,105.19,34.98
Can Fin Homes,511196,CANFINHOME,INE477A01020,Finance,Housing Finance Company,817.00,790.48,10894.00,9.64,15.36,9.14,19.66,6.40,2.51,1.53,38257.89,5953.77,8.18,28.17,29.99,0.00,13.23,-0.14,24.53,-0.08,32.25,-22.52,1.10,1.02,0.06,0.06,7.67,6.58,19.63,20.11,16.81,857.19,1077.47,0.41,3578.43,3879.18,3565.99,3578.86,92.25,64.37,1020.33,929.34,0.07,929.41,3.46,925.95,223.87,91.08,21.94,26.63,277.64,648.31,0.00,223.87,53.76
Canara Bank,532483,CANBK,INE476A01022,Banks,Public Sector Bank,127.10,211.85,115269.53,5.80,7.28,6.52,16.08,14.28,5.50,1.28,1765026.88,121809.66,3.11,7.47,62.93,0.00,12.68,-1.56,11.91,1.00,12.48,13.27,5.91,-1.75,0.00,0.00,22.76,24.95,60.30,5.71,3.52,17537.37,23025.02,31056.77,75518.70,121601.11,105703.43,106573.20,62.10,19.34,31522.98,18381.98,8085.50,28300.51,0.00,28300.51,3232.65,58.31,16.07,1814.13,4475.32,21992.16,-1833.03,5006.60,1472.14
Canara HSBC,544583,CANHLIFE,INE01TY01017,Insurance,Life Insurance,150.92,13.79,14342.30,109.21,67.34,8.35,8.11,0.15,1.03,,250.00,683.61,9.07,7.91,62.00,0.00,5.42,-0.25,29.67,-0.12,2.47,-18.97,-18.39,-100.42,0.00,0.00,-107.70,1722.01,20.15,0.30,0.25,116.98,128.15,18.79,131.12,10709.56,128.15,149.91,1.22,1.23,3631.61,6.36,19.71,26.07,0.00,26.07,23.42,0.18,0.64,950.00,26.07,0.00,0.00,23.42,2.65
Canara Robeco,544580,CRAMC,INE218I01013,Capital Markets,Asset Management Company,261.20,288.60,5207.19,23.84,38.43,40.11,30.28,0.02,1.18,139.73,17.59,546.41,13.00,8.87,75.00,0.00,1.28,-0.44,9.35,-0.83,14.38,82.79,70.32,68.67,9.39,9.39,24.73,-26.05,23.98,3.79,3.06,190.70,257.64,0.16,264.22,403.84,259.35,264.38,65.43,9.56,121.07,81.76,0.27,82.03,1.70,80.33,60.98,67.53,50.37,199.42,79.87,0.46,0.00,60.98,18.90
Capfin India,539198,,INE960C01013,Finance,Non Banking Financial Company (NBFC),140.05,,63.70,,21.17,-9.32,-7.33,0.01,196.00,,0.10,5.86,-63.74,-500.00,71.12,-0.06,6.60,2.82,0.00,0.00,22.28,14.81,-38.71,-38.71,0.00,0.00,-44.12,-8.82,24.00,-0.68,-0.85,0.16,0.17,0.00,0.17,0.91,0.17,0.17,18.68,0.54,0.06,-0.34,0.00,-0.34,0.00,-0.34,-0.25,-566.67,-416.67,2.94,-0.34,0.00,0.00,-0.25,-0.09
Capital Infra,544338,CAPINVIT,INE0Z8Z23013,Construction,Civil Construction,74.58,259.85,2677.65,6.53,18.04,7.19,7.15,0.86,5.24,3.06,2960.90,-802.72,420.64,652.64,,,,,,,,-35.60,-35.86,-33.97,4.42,4.42,-279.90,-372.47,-270.40,2.56,-2.68,-37.31,-49.96,11.60,-2.69,159.06,8.91,8.91,-1.69,-1.35,188.70,-80.65,17.59,-63.06,0.00,-63.06,-73.72,-42.74,-39.07,2726.46,-108.29,45.23,0.00,-73.72,-34.57
Capital Small,544120,CAPITALSFB,INE646H01017,Banks,Other Bank,295.65,501.31,1346.49,8.94,16.27,7.07,10.09,7.58,10.36,1.33,11281.16,1442.85,16.28,12.75,18.29,0.28,0.59,0.04,27.48,-0.58,53.65,3.04,1.54,1.57,0.00,0.00,16.97,15.16,29.02,9.08,7.07,131.63,175.13,86.02,604.40,908.50,673.41,690.40,66.53,29.10,247.08,156.92,22.88,179.80,0.00,179.80,32.01,63.51,12.96,45.25,42.51,137.29,0.00,32.01,10.50
Capital Trade Lk,538476,,INE172D01021,Finance,Non Banking Financial Company (NBFC),28.63,5.16,368.64,195.05,21.17,6.96,2.63,1.78,0.43,1.37,130.25,60.42,21.27,-16.81,39.85,0.00,0.00,0.00,0.00,0.00,60.16,-166.43,-679.49,-485.00,0.00,0.00,6.31,-127.61,13.31,0.22,0.19,2.26,4.75,3.00,13.57,25.20,15.59,16.57,53.85,0.18,6.29,5.07,1.14,6.21,0.24,5.97,2.48,80.60,39.43,12.88,3.37,2.60,0.00,2.48,0.90
Capri Global,531595,CGCL,INE180C01042,Finance,Non Banking Financial Company (NBFC),227.47,277.55,21874.82,19.40,21.17,11.67,16.50,3.35,2.03,1.78,24112.10,7107.27,50.16,95.19,59.92,0.00,8.21,2.59,18.42,-1.67,13.46,24.95,21.20,20.11,0.62,0.62,66.90,38.95,102.05,3.67,1.82,478.57,633.32,3.03,2005.71,3247.71,1907.09,2008.80,61.76,5.80,1003.78,647.43,1.23,648.66,24.71,623.95,174.90,64.50,17.42,96.16,230.00,393.95,0.00,174.90,55.10
Carnation Inds.,530609,,INE081B01028,Industrial Products,Other Industrial Products,93.59,,32.36,,24.43,11.27,-8.31,9.08,1.58,0.85,13.62,-1.96,,38.46,89.98,0.00,0.00,0.00,0.00,0.00,10.01,-168.42,-112.40,-112.71,111.18,111.18,66.67,-1411.11,477.78,-1.50,-0.26,1.42,1.49,2.34,-0.84,0.00,1.49,1.50,,4.11,0.00,-0.09,0.00,-0.09,0.00,-0.09,-0.09,,,3.46,-0.09,0.00,0.00,-0.09,0.00
Cartrade Tech,543333,CARTRADE,INE290S01011,Retailing,E-Retail/ E-Commerce,2803.30,974.80,13543.14,56.87,52.74,11.84,9.69,0.06,4.79,26.08,140.43,2435.51,19.97,53.38,0.00,0.00,54.37,-5.78,15.63,3.56,29.98,-19.90,3.14,-12.09,11.52,11.52,44.78,64.69,20.59,10.67,9.03,133.81,168.36,70.05,151.53,641.12,179.32,220.18,23.64,28.38,173.04,43.50,25.46,68.96,9.03,59.93,47.06,25.14,27.20,47.48,56.91,3.02,0.00,42.87,9.85
CCL Products,519600,CCL,INE421D01022,Agricultural Food & other Products,Tea & Coffee,1152.40,660.36,15375.11,35.55,25.33,15.82,18.00,0.56,1.49,5.00,1324.36,2317.85,35.83,38.94,46.14,0.03,12.07,0.83,21.10,-0.33,20.54,2.05,2.84,0.91,17.75,17.75,21.71,20.62,61.33,8.75,5.43,310.34,352.25,8.45,555.09,3105.75,465.08,563.54,17.87,23.24,1055.64,159.03,2.40,161.43,33.55,127.88,72.45,15.06,6.86,26.71,94.19,33.69,0.00,72.45,21.74
CEAT,500878,CEATLTD,INE482A01020,Auto Components,Tyres & Rubber Products,3542.50,2993.60,14329.03,22.51,25.55,19.15,16.14,0.65,0.68,3.16,3272.09,5005.56,21.49,38.53,47.29,0.00,13.82,-2.73,22.19,1.29,16.42,-98.36,-57.47,-38.45,11.17,11.17,-5.68,53.23,-96.43,0.99,27.69,495.00,643.40,8.45,1475.43,13217.87,951.71,1514.40,11.16,116.85,3529.00,387.00,2.00,392.00,151.00,241.00,112.00,10.97,3.24,40.00,156.00,82.00,-3.00,114.19,42.00
Celebrity Fash.,532695,CELEBRITY,INE185H01016,Textiles & Apparels,Garments & Apparels,7.11,,45.56,,25.21,-12.31,-104.21,6.05,0.97,-0.91,58.22,-54.93,-7.00,30.86,33.15,0.00,12.99,0.00,0.00,0.00,53.85,46.30,1287.50,-229.23,15.37,15.37,-79.95,-115.51,-64.78,-0.37,-1.13,-18.26,-18.26,0.41,-6.63,165.26,-12.49,-6.22,-4.01,-3.06,40.67,-4.19,0.03,-4.16,1.16,-5.32,-6.73,-10.30,-16.55,59.68,-6.73,1.41,0.00,-6.73,0.00
Cemindia Project,509496,CEMPRO,INE686A01026,Construction,Civil Construction,1363.30,864.45,23393.30,38.89,18.04,32.76,27.80,0.42,1.25,4.92,1001.23,2382.41,8.91,46.85,67.46,0.00,7.26,-0.05,2.86,0.92,22.40,-41.85,-41.08,-23.22,12.69,12.69,14.30,48.87,2.62,8.20,7.99,362.27,507.99,78.42,860.30,9246.16,729.40,923.85,9.30,21.70,2576.40,240.29,20.22,260.51,41.23,219.28,137.23,9.33,5.33,17.18,168.86,50.42,0.00,137.23,31.63
Central Bank,532885,CENTRALBK,INE483A01010,Banks,Public Sector Bank,31.46,57.20,28475.71,6.24,7.28,5.64,11.90,12.41,5.42,1.29,508229.06,31906.67,9.45,8.25,81.19,-8.08,0.93,0.18,10.95,6.13,6.93,77.14,4.11,7.71,0.00,0.00,25.83,16.83,3.15,1.46,1.42,3934.21,5092.22,5783.68,19695.78,33797.45,24921.89,25479.46,58.28,4.35,8623.38,5242.55,1856.99,7014.69,0.00,7014.69,1284.16,60.79,14.23,9051.40,1877.79,5221.75,84.85,1225.12,617.33
Central Mine Pla,544739,CMPDI,INE05HV01027,Construction,Civil Construction,247.49,178.80,17665.63,27.02,18.04,38.06,28.35,0.00,3.35,10295.63,1.45,2140.44,10.17,-8.07,85.00,0.00,0.50,-0.71,7.85,-3.27,6.64,-38.09,-37.23,-38.88,46.39,46.39,61.95,164.99,53.88,1.63,1.06,666.93,882.14,74.71,841.00,2102.76,882.25,915.73,40.00,4670.24,409.25,89.81,14.04,103.85,8.44,95.41,75.56,21.95,18.46,142.80,95.39,0.02,0.00,75.56,19.83
Century Enka,500280,CENTENKA,INE485A01015,Textiles & Apparels,Other Textile Products,621.60,658.00,1359.19,9.12,24.39,8.26,6.18,0.01,2.62,76.18,22.17,1478.74,-0.91,156.28,24.87,0.00,1.96,-0.11,10.91,-0.13,62.26,53.62,53.91,54.75,10.53,10.53,331.02,178.53,299.41,28.06,7.02,63.06,92.57,37.16,114.92,2001.69,93.94,148.91,5.74,30.71,401.53,19.89,13.63,33.52,13.71,19.81,15.35,4.95,3.82,21.85,19.01,0.80,0.00,15.35,3.66
Century Plyboard,532548,CENTURYPLY,INE348B01021,Consumer Durables,Plywood Boards/ Laminates,772.80,327.27,17172.75,57.89,37.58,11.45,10.78,0.68,1.05,4.39,1764.88,2587.64,23.39,46.31,71.83,0.00,3.86,-0.24,19.41,0.24,4.90,4.89,9.97,11.51,10.67,10.67,54.33,38.40,57.38,3.61,2.33,193.93,277.28,-3.63,487.13,4527.80,360.22,497.41,10.76,8.34,1169.36,128.16,1.88,130.04,36.70,93.34,52.93,10.96,4.53,22.25,71.15,22.19,0.00,51.86,18.22
CG Power & Ind,500093,CGPOWER,INE067A01029,Electrical Equipment,Heavy Electrical Equipment,826.10,285.99,130142.04,102.26,33.62,26.71,20.48,0.01,1.81,128.57,118.39,7655.49,21.42,26.93,56.36,0.00,11.97,-0.06,18.23,0.22,13.37,-15.18,-13.72,-14.84,22.81,22.81,4.21,22.37,15.52,1.99,1.76,948.93,1347.97,161.63,1319.22,9908.66,1333.45,1445.29,13.31,6.37,2878.05,381.22,28.25,409.47,43.50,365.97,266.87,13.25,9.27,305.82,363.78,2.19,0.00,269.23,96.91
Chalet Hotels,542399,CHALET,INE427F01016,Leisure Services,Hotels & Resorts,821.50,667.02,18000.35,33.63,28.87,17.07,19.15,0.64,0.70,5.05,2367.67,3478.80,6.05,87.78,67.29,0.00,4.26,-0.45,24.99,0.42,3.45,-47.16,-16.76,-11.95,2.88,2.88,-34.50,-25.61,-57.60,3.93,9.30,141.31,434.31,36.30,735.89,1717.83,584.65,763.45,42.84,6.53,894.55,357.27,13.79,371.06,53.91,317.15,203.13,39.94,22.71,218.49,268.61,48.54,0.00,203.15,65.48
Chambal Brewer,512301,,INE417N01011,Commercial Services & Supplies,Trading & Distributors,46.76,,35.02,,22.35,-18.54,-18.54,0.00,78.00,,0.00,-6.64,,-53.85,22.93,0.00,0.00,0.00,0.00,0.00,77.07,60.00,60.00,50.00,,,28.57,-14.29,14.29,-0.11,-0.09,-0.08,-0.08,0.09,-0.17,0.00,-0.08,-0.08,,-0.11,0.00,-0.07,0.00,-0.07,0.00,-0.07,-0.07,,,7.49,-0.07,0.00,0.00,-0.07,0.00
Chambal Fert.,500085,CHAMBLFERT,INE085A01013,Fertilizers & Agrochemicals,Fertilizers,455.00,1143.24,18219.30,9.45,15.20,25.51,20.42,0.10,2.33,122.59,1067.50,10007.30,15.58,10.17,61.34,0.09,14.92,-0.18,5.34,-0.06,18.40,209.38,250.85,223.71,10.31,10.31,8.49,-66.48,-4.61,13.07,13.70,1582.74,2451.71,329.21,2501.07,16646.20,2400.88,2731.03,15.02,41.17,5697.61,760.97,79.44,840.41,84.46,755.95,548.89,13.36,9.63,400.65,753.52,2.43,0.00,548.96,204.63
Chandra Pr. Intl,530309,,INE368D01025,Commercial Services & Supplies,Trading & Distributors,12.00,67.28,33.28,5.08,22.35,4.49,0.97,0.63,1.48,3.25,32.97,46.69,-42.59,768.37,54.34,0.00,0.00,0.00,0.00,0.00,45.67,-65.44,-57.03,-58.22,10.56,10.56,-185.42,-304.46,-150.99,0.75,-1.47,2.36,3.23,5.34,6.12,994.26,10.36,11.46,0.62,0.85,274.90,-3.36,0.73,-3.11,0.21,-3.32,-4.06,-1.22,-1.65,3.70,-4.06,1.22,0.48,-4.54,0.00
Chembond Chemic.,544450,CHEMBONDCH,INE0TGX01019,Chemicals & Petrochemicals,Specialty Chemicals,225.43,172.97,599.87,15.68,28.94,23.64,17.74,0.00,4.38,71.97,0.00,193.54,18.39,19.72,68.00,0.02,0.65,-0.01,2.65,0.59,28.70,-17.81,-8.69,-28.65,32.93,32.93,34.56,88.60,52.31,3.54,2.33,30.17,42.18,5.83,42.01,292.27,42.23,47.16,14.37,,65.38,8.42,2.72,11.14,1.19,9.95,6.27,12.88,9.59,13.45,9.80,0.15,0.00,6.26,3.53
Chembond Materi.,530871,CHEMBOND,INE995D01025,Chemicals & Petrochemicals,Specialty Chemicals,173.91,235.72,232.49,15.38,28.94,10.76,8.84,0.02,1.97,49.08,4.16,160.22,24.49,-3.14,68.11,0.03,0.61,0.00,1.62,0.88,29.68,64.66,49.87,-53.88,19.98,19.98,-14.41,85.59,43.61,4.28,2.98,16.31,19.46,9.12,13.63,201.29,18.59,21.24,6.77,13.10,57.68,3.47,2.65,6.12,0.68,5.44,3.99,6.02,6.92,6.72,5.37,0.07,0.00,3.99,1.38
Chemcon Special.,543233,CHEMCON,INE03YM01018,Chemicals & Petrochemicals,Specialty Chemicals,184.09,108.57,672.65,23.88,28.94,6.42,4.80,0.11,4.41,15.53,53.14,446.51,17.43,10.56,74.47,0.00,0.25,-0.13,0.00,0.00,25.28,72.06,57.14,73.76,25.12,25.12,98.58,14.29,71.52,2.99,1.74,24.43,33.15,14.25,32.90,207.40,36.61,47.12,15.86,6.67,53.52,7.77,3.72,11.49,2.72,8.77,6.39,14.52,11.94,36.63,8.43,0.34,0.00,6.39,2.04
Chemfab Alka.,541269,CHEMFAB,INE783X01023,Chemicals & Petrochemicals,Commodity Chemicals,376.95,,541.81,,21.02,1.55,-0.91,0.33,1.12,0.68,125.76,361.03,-16.24,-109.06,72.14,0.00,0.04,0.00,0.07,-0.03,27.69,1093.75,31.45,18.90,8.23,8.23,-10.35,-24.60,124.71,3.99,1.78,8.95,-0.30,-2.77,44.30,334.37,14.46,50.79,13.25,-4.83,91.54,11.30,1.36,12.66,6.39,6.27,2.55,12.34,2.79,14.36,4.70,1.57,0.00,2.55,2.15
CHL,532992,,INE790D01020,Leisure Services,Hotels & Resorts,29.10,59.07,159.52,14.68,28.87,6.37,0.28,0.62,0.35,1.86,262.23,366.44,1.61,451.78,72.84,0.00,0.00,0.00,1.04,1.04,26.12,14.45,-4.54,-23.37,3.06,3.06,17.12,52.85,-1336.59,1.85,-0.15,8.53,7.73,2.72,41.60,148.44,32.32,45.39,28.02,1.60,31.44,4.73,4.61,9.34,3.34,6.00,-0.82,15.04,-2.61,10.96,0.94,5.06,0.00,-0.82,1.76
Cholaman.Inv.&Fn,511243,CHOLAFIN,INE121A01024,Finance,Non Banking Financial Company (NBFC),1888.20,1101.56,161007.60,28.00,21.17,9.71,19.35,6.93,4.59,1.51,211069.61,30287.92,19.64,29.14,49.23,-0.02,24.46,-0.41,20.62,0.71,5.70,0.67,5.68,6.60,1.00,1.00,24.57,16.85,45.56,19.43,13.53,4265.38,5741.45,260.73,18220.08,25889.77,18238.04,18482.87,70.38,50.69,7266.80,4980.48,87.02,5067.50,67.44,5000.06,1137.83,68.54,15.66,168.30,1532.00,3468.06,0.00,1137.83,394.17
CIE Automotive,532756,CIEINDIA,INE536H01010,Auto Components,Auto Components & Equipments,419.65,287.15,15910.21,17.75,30.39,14.74,11.80,0.07,1.38,38.27,513.39,7364.49,12.50,14.53,65.70,0.00,4.95,0.22,20.65,-0.67,8.65,-5.51,-4.40,-3.06,13.42,13.42,15.71,19.36,15.77,6.21,5.37,825.42,1091.88,149.55,1350.58,8964.07,1160.59,1491.24,15.07,21.81,2369.00,336.76,23.31,359.55,87.09,272.46,203.53,14.22,8.57,379.36,271.33,1.65,0.52,203.01,67.79
Cineline India,532807,CINELINE,INE704H01022,Entertainment,"Film Production, Distribution & Exhibition",88.53,55.05,304.33,22.61,78.24,10.86,8.04,0.78,0.69,2.32,120.72,137.75,14.23,2.51,69.60,0.00,2.19,0.00,0.00,0.00,28.21,-136.45,-46.08,-15.83,0.79,0.79,104.05,142.43,-41.26,-0.35,-0.60,8.84,-80.35,-67.11,39.92,210.62,17.76,42.22,18.95,-17.70,45.29,5.68,1.70,7.38,6.84,0.54,-2.06,12.54,-4.55,17.13,-2.70,3.24,0.00,-2.06,-0.65
Cipla,500087,CIPLA,INE059A01026,Pharmaceuticals & Biotechnology,Pharmaceuticals,1474.40,664.81,119128.93,33.29,33.57,15.49,11.60,0.02,2.35,84.87,613.77,34270.39,1.85,-33.63,29.22,0.00,20.20,-2.35,34.35,2.64,15.93,44.80,52.59,24.85,19.84,19.84,-32.95,-46.30,-39.18,9.77,16.06,5145.69,6820.81,861.87,7127.90,27547.62,6713.61,7820.56,25.87,65.28,6957.47,1778.14,258.56,2036.70,252.72,1783.98,1291.61,25.56,18.56,161.55,1769.93,14.05,0.00,1297.62,477.88
CitiPort Fin.,531235,,INE494D01011,Finance,Non Banking Financial Company (NBFC),40.41,28.10,12.53,37.98,21.17,16.41,9.42,0.00,33.56,4.75,0.00,0.35,78.26,230.00,29.01,0.00,0.00,0.00,0.00,0.00,70.99,12.50,14.29,14.29,0.00,0.00,23.08,7.69,12.50,0.29,0.26,0.03,0.04,0.00,0.13,0.36,0.13,0.13,36.11,0.10,0.19,0.13,0.00,0.13,0.00,0.13,0.08,68.42,42.11,3.10,0.10,0.03,0.00,0.08,0.03
City Union Bank,532210,CUB,INE491A01021,Banks,Private Sector Bank,204.65,163.55,20281.38,14.46,14.36,6.74,13.20,7.92,4.14,1.42,83634.75,10490.56,19.81,20.41,0.00,0.00,18.65,-4.72,44.84,4.11,36.50,6.40,9.03,14.93,0.00,0.00,27.46,10.90,25.06,3.86,3.10,1123.57,1416.63,898.06,4118.49,5834.04,4934.91,5016.50,70.59,11.37,1605.33,1117.08,243.88,1360.96,0.00,1360.96,305.92,69.59,19.06,74.10,380.92,980.04,0.00,305.92,75.00
Classic Filament,540310,,INE181U01018,Textiles & Apparels,Other Textile Products,46.00,,28.12,90.71,24.39,,,,,-1.07,,,,,68.51,0.00,0.00,0.00,0.00,0.00,31.49,-1016.67,-1550.00,-1566.67,,,-1860.00,20.00,-1200.00,0.90,-0.08,,,,,,,,,,0.00,-0.05,0.00,-0.05,0.00,-0.05,-0.05,,,6.11,-0.05,0.00,0.00,-0.05,0.00
Clean Max Enviro,544717,CLEANMAX,INE647U01026,Power,Power Generation,1349.50,482.60,15791.46,100.68,22.12,6.16,1.76,2.73,0.66,1.31,12684.32,4626.56,27.89,120.98,49.43,-0.05,11.21,-18.59,14.67,-0.08,24.70,21.54,36.51,57.28,11.86,11.86,58.47,0.76,-432.41,4.14,-2.80,28.64,52.20,114.00,901.08,1495.70,705.82,1005.81,60.24,54.89,402.34,265.61,8.90,274.51,83.45,191.06,-16.60,66.02,-4.13,5.07,-29.54,220.60,0.00,-14.20,-12.94
Clean Science,543318,CLEAN,INE227W01023,Chemicals & Petrochemicals,Specialty Chemicals,764.15,675.39,8112.74,34.83,28.94,20.64,15.31,0.00,5.01,920.62,2.14,1573.14,-0.35,-13.26,51.29,0.00,13.37,-0.01,16.23,-0.91,19.11,25.88,25.55,0.70,21.02,21.02,-3.43,-4.10,4.70,6.90,6.59,264.43,356.73,38.57,388.06,966.64,357.59,426.65,40.15,24.88,242.87,99.85,13.43,113.28,18.66,94.62,70.06,41.11,28.85,10.63,94.55,0.07,0.00,70.06,24.49
Coal India,533278,COALINDIA,INE522F01014,Consumable Fuels,Coal,416.00,1334.92,256400.45,8.22,22.50,35.34,28.50,0.12,1.86,33.80,14072.18,112938.83,6.10,-6.00,61.13,-2.00,10.37,1.99,22.20,-0.56,6.18,-18.87,-19.53,-4.77,8.95,8.95,-4.13,0.67,0.71,14.36,14.27,35358.56,46966.19,9931.79,47063.54,143368.92,47850.37,56995.86,32.83,57.37,42919.20,12588.36,1760.08,14348.44,2307.24,12041.20,8787.84,29.33,20.48,6162.73,11776.09,265.11,0.00,8797.05,2988.25
Coastal Corporat,501831,COASTCORP,INE377E01024,Food Products,Seafood,51.04,84.74,341.44,10.59,16.61,9.63,9.76,1.70,1.13,2.10,480.91,270.30,53.28,348.26,42.31,0.01,1.05,0.01,1.03,0.00,55.64,16.87,2.43,29.29,10.05,10.05,29.77,0.37,100.87,1.73,0.86,4.45,7.51,11.11,30.52,628.22,29.16,41.58,4.86,0.67,183.66,16.09,1.48,17.57,3.48,14.09,5.76,8.76,3.14,13.40,7.67,6.42,0.00,5.76,1.91
Coforge,532541,COFORGE,INE591G01025,IT - Software,Computers - Software & Consulting,1768.00,1538.78,78319.72,40.85,23.39,23.50,20.64,0.08,1.61,13.08,727.80,9470.40,35.68,97.53,0.00,0.00,24.31,-6.35,42.62,-13.56,33.07,-20.19,17.41,20.71,21.82,21.82,83.36,51.91,49.19,11.71,9.49,799.26,1268.70,137.30,1693.70,12050.70,1409.10,1836.70,14.05,24.29,3704.40,577.00,64.00,595.60,159.20,436.40,356.40,15.58,8.60,66.90,435.60,46.20,45.40,283.85,79.20
Colgate-Palmoliv,500830,COLPAL,INE259A01022,Personal Products,Personal Care,2077.00,480.84,56499.58,41.28,39.68,108.02,82.73,0.03,1.28,485.87,47.41,1556.91,3.79,-1.77,51.00,0.00,13.60,0.00,15.54,0.29,19.57,-2.90,-5.06,-5.23,3.37,3.37,6.72,12.61,7.01,12.61,11.79,1436.36,1929.84,138.84,1958.06,6040.17,1933.80,2096.54,32.42,52.83,1434.06,452.57,17.94,470.51,37.54,432.97,320.62,31.56,22.36,27.20,431.95,1.02,0.00,320.62,111.33
Colinz Labs,531210,,INE923C01011,Pharmaceuticals & Biotechnology,Pharmaceuticals,78.43,59.42,9.88,19.76,33.57,7.20,5.23,0.04,3.92,17.75,0.39,7.52,-8.50,4.17,50.60,-15.40,0.00,0.00,0.00,0.00,49.39,1311.76,-31.82,-33.33,14.46,14.46,-53.85,-30.77,1900.00,9.53,0.48,0.50,0.62,0.30,0.49,6.53,0.66,0.79,7.50,1.98,1.57,0.13,0.08,0.21,0.04,0.17,0.12,8.28,7.64,2.52,0.16,0.01,0.00,0.12,0.04
Compucom Soft.,532339,COMPUSOFT,INE453B01029,Other Consumer Services,Education,13.40,16.88,106.35,,21.81,1.85,0.50,0.34,2.26,0.70,48.58,126.32,-4.68,-145.53,71.60,0.11,0.00,0.00,0.02,0.00,28.39,25.69,-167.89,-147.74,91.03,91.03,-49.12,-206.58,2.24,0.17,0.17,1.48,2.37,6.42,5.87,33.68,6.20,12.29,17.43,0.19,8.78,2.28,1.49,3.77,1.43,2.34,1.34,25.97,15.26,15.83,1.81,0.53,0.00,1.34,0.47
Concord Biotech,543960,CONCORDBIO,INE338H01029,Pharmaceuticals & Biotechnology,Pharmaceuticals,1414.60,651.74,14804.22,52.06,33.57,17.43,12.57,0.00,5.04,1899.40,0.63,2009.29,-6.45,-20.42,44.08,0.00,7.53,-0.26,9.37,0.15,39.04,-32.03,-30.57,-28.76,41.44,41.44,41.99,99.32,43.74,5.85,4.07,345.46,495.88,44.23,507.06,1200.09,474.88,529.25,42.25,35.65,203.99,61.40,13.68,75.08,17.78,57.30,42.57,30.10,20.87,10.46,57.24,0.06,0.00,42.57,14.68
Consecutive Commodities,539091,,INE187R01029,Finance,Investment Company,1.17,0.36,74.95,22.64,36.02,17.44,14.40,0.00,16.99,,0.06,4.08,117.37,28.29,24.16,0.00,0.00,0.00,0.00,0.00,75.85,36.36,86.59,88.89,18.12,18.12,247.73,84.09,100.00,0.02,0.01,2.23,2.32,1.17,1.15,22.60,2.32,2.32,5.09,0.03,5.66,0.44,0.20,0.64,0.00,0.64,0.60,7.77,10.60,16.02,0.64,0.00,0.00,0.60,0.04
Cont. Controls,531460,,INE545B01022,Electrical Equipment,Other Electrical Equipment,11.50,4.02,7.07,18.61,30.76,-5.76,-6.30,0.00,17.17,,0.00,-4.14,,850.00,24.56,0.00,0.00,0.00,0.23,0.00,75.21,-1400.00,-1833.33,-580.00,0.00,0.00,-1300.00,150.00,5100.00,0.85,0.02,0.07,0.08,0.19,-0.11,0.00,0.08,0.08,,0.11,0.00,-0.04,0.05,0.01,0.00,0.01,0.01,,,6.15,0.01,0.00,0.00,0.01,0.00
Cont. Petroleums,523232,,INE369D01023,Petroleum Products,Refineries & Marketing,82.42,77.01,78.06,23.23,10.14,9.51,6.28,0.21,1.56,4.19,16.65,74.79,-18.91,-8.45,28.47,0.00,0.00,0.00,0.00,0.00,71.52,-6.35,-34.83,-30.16,81.17,81.17,-14.84,21.94,-4.84,0.62,1.11,4.31,5.97,1.42,6.64,112.91,7.30,8.06,5.88,7.75,18.44,1.55,0.00,1.55,0.19,1.36,0.62,8.41,3.36,2.78,0.92,0.44,0.00,0.62,0.31
Cont. Securities,538868,,INE183Q01020,Finance,Non Banking Financial Company (NBFC),12.13,20.86,38.52,16.05,21.17,13.60,10.12,0.01,0.50,160.00,0.19,19.87,36.57,50.00,37.66,0.00,0.00,0.00,0.00,0.00,62.34,22.81,20.78,18.75,0.00,0.00,39.71,17.65,45.83,0.23,0.16,1.33,1.81,0.00,1.92,2.84,1.86,1.92,67.61,0.51,0.91,0.68,0.00,0.68,0.03,0.65,0.48,74.73,52.75,5.25,0.64,0.01,0.00,0.48,0.16
Container Corpn.,531344,CONCOR,INE111A01025,Transport Services,Logistics Solution Provider,525.00,202.86,39981.14,32.19,25.21,12.41,9.81,0.07,3.92,21.30,964.57,12561.54,1.65,-6.15,54.80,0.00,7.85,-0.47,29.85,0.08,7.49,2.05,4.65,3.93,5.34,5.34,2.68,-1.20,0.61,3.50,3.50,1306.18,1720.80,445.59,1930.01,8887.02,1817.63,2398.87,21.72,16.92,2153.63,432.68,95.21,527.89,161.59,366.30,267.28,20.09,12.41,304.65,349.04,17.26,0.00,266.54,89.91
Control Print,522295,CONTROLPR,INE663B01015,IT - Hardware,Computers Hardware & Equipments,571.45,689.24,912.79,23.47,26.58,16.45,9.52,0.02,2.90,17.96,6.82,436.86,10.89,-59.12,52.99,0.00,3.07,-0.08,0.16,-0.06,43.78,-64.97,-51.96,-41.80,24.29,24.29,-17.71,41.39,-54.26,2.45,5.21,100.26,66.51,6.12,80.36,425.03,70.30,86.75,18.91,62.55,111.29,18.58,4.27,18.86,4.41,14.45,8.57,16.70,5.98,15.99,17.85,0.59,3.99,6.47,9.29
Coral Newsprints,530755,,INE715D01019,"Paper, Forest & Jute Products",Paper & Paper Products,9.81,,4.96,,16.85,,,,0.11,,1.64,-14.40,,64.62,22.17,0.00,0.00,0.00,0.30,0.00,77.53,-182.35,-182.35,55.56,515.38,515.38,0.00,-35.71,-6.67,-0.28,-0.30,-0.82,-0.87,-0.03,-0.80,0.00,-0.83,-0.79,,-1.70,0.00,-0.14,0.00,-0.14,0.01,-0.15,-0.15,,,5.05,-0.15,0.00,0.00,-0.15,0.00
Coromandel Inter,506395,COROMANDEL,INE169A01031,Fertilizers & Agrochemicals,Fertilizers,2115.30,2094.97,62397.31,33.41,15.20,22.05,16.41,0.12,1.34,7.94,1506.19,12528.39,23.50,-5.97,56.35,0.00,11.50,-1.52,19.92,1.73,12.07,232.83,55.52,54.92,6.37,6.37,-3.38,-37.63,-23.93,12.91,17.13,1731.82,2727.55,703.47,2576.90,24085.24,2545.58,2835.97,10.70,70.14,7042.30,782.08,83.74,865.82,120.58,745.24,501.59,11.11,7.12,29.48,677.28,67.96,0.00,505.01,175.69
Corona Remedies,544644,CORONA,INE02ZQ01018,Pharmaceuticals & Biotechnology,Pharmaceuticals,2105.70,554.22,12885.85,60.86,33.57,33.29,29.53,0.22,0.96,37.39,164.85,684.81,18.16,27.94,69.00,0.00,3.63,1.38,12.90,5.88,14.47,33.41,48.71,50.16,9.84,9.84,33.46,-11.12,29.53,9.83,7.59,149.58,198.15,5.22,240.69,1196.42,209.46,246.62,20.12,24.37,346.54,69.78,2.02,71.80,8.92,62.88,46.40,20.14,13.39,61.16,60.89,1.99,0.00,46.40,14.49
COSYN,538922,,INE029B01019,IT - Software,Software Products,21.16,6.85,15.87,132.27,28.92,2.27,0.40,0.00,3.20,1.33,0.00,20.03,-7.11,-25.00,53.89,0.00,0.00,0.00,0.00,0.00,46.12,33.33,-15.79,-6.45,91.72,91.72,-12.12,-6.06,0.00,0.05,0.05,-1.67,0.41,2.18,-0.54,14.38,-1.00,-0.43,-3.76,0.21,0.71,0.33,0.04,0.37,0.20,0.17,0.04,46.48,5.63,7.50,0.05,0.12,0.00,0.04,0.01
Craftsman Auto,543276,CRAFTSMAN,INE00LO01017,Auto Components,Auto Components & Equipments,10338.50,5849.54,27034.70,57.71,30.39,13.91,12.49,1.11,1.07,2.97,3623.48,3252.13,37.85,102.83,42.41,-6.29,17.28,2.09,32.90,4.61,7.41,29.32,10.52,7.07,12.74,12.74,44.89,35.32,116.31,57.56,29.18,212.35,269.65,0.30,833.01,5690.48,511.99,859.01,14.64,81.56,1784.00,264.94,-3.06,270.12,101.87,168.25,69.60,14.85,4.24,11.93,93.71,66.30,-8.24,75.57,24.11
Creative Casting,539527,,INE146E01015,Industrial Products,Castings & Forgings,619.15,577.48,80.50,15.45,29.34,14.33,9.98,0.00,5.86,762.00,0.14,44.27,35.72,52.34,74.96,0.00,0.00,0.00,0.00,0.00,25.04,54.90,22.73,16.88,16.96,16.96,210.34,165.52,113.51,12.15,5.69,3.61,5.32,1.12,4.91,43.51,5.40,6.00,11.28,27.92,9.05,0.58,0.41,0.99,0.15,0.84,0.74,6.41,8.18,1.30,0.84,0.00,0.00,0.74,0.09
CreditAcc. Gram.,541770,CREDITACC,INE741K01010,Finance,Microfinance Institutions,1558.20,1548.01,24979.51,20.63,22.08,9.98,10.51,3.01,4.52,1.82,23641.13,7682.02,11.86,524.34,66.21,-0.03,13.48,0.54,12.67,0.08,7.64,45.31,31.10,30.72,0.00,0.00,112.09,62.25,719.72,30.79,3.77,531.40,708.87,3.81,2722.26,5752.33,2663.85,2726.07,47.32,33.27,1462.89,577.76,0.74,578.50,15.22,563.28,60.19,39.49,4.11,159.74,81.12,482.16,0.00,60.19,20.93
CRISIL,500092,CRISIL,INE007A01025,Finance,Other Financial Services,4424.90,2254.53,32324.83,36.55,26.72,32.55,24.46,0.10,1.87,49.02,334.66,3264.05,22.03,21.53,66.64,0.00,6.38,-0.80,12.95,0.34,14.02,-7.20,-9.08,-3.36,24.05,24.05,28.94,33.42,26.16,29.60,23.46,605.67,926.47,89.64,910.81,3259.78,868.36,938.31,27.94,93.54,843.02,238.77,23.53,262.30,31.69,230.61,171.57,28.32,20.35,7.31,224.97,5.64,0.00,171.57,53.40
Crizac,544439,CRIZAC,INE0S4R01014,Retailing,Internet & Catalogue Retail,195.88,616.84,3426.32,15.54,21.45,52.34,40.28,0.00,2.10,3625.00,1.84,549.60,15.17,38.40,79.94,0.00,1.61,-0.69,3.22,-0.26,15.22,-38.03,-30.24,-35.77,23.07,23.07,0.00,55.69,0.79,2.69,2.62,152.43,202.44,35.29,212.82,849.49,201.68,247.34,25.05,8.74,209.54,61.16,7.67,68.83,6.69,62.14,45.81,29.19,21.86,35.00,62.14,0.00,0.00,45.81,16.32
Crown Lifters,,CROWN,INE491V01019,Industrial Manufacturing,Industrial Products,115.11,185.98,133.41,14.77,31.54,13.41,12.74,0.75,0.72,3.47,57.93,65.79,13.88,-16.16,67.82,0.00,0.00,0.00,0.06,0.06,32.12,32.43,21.29,15.19,34.71,34.71,20.33,4.46,4.63,2.54,2.49,9.77,25.47,14.30,20.49,35.03,16.43,22.42,58.49,16.91,10.07,6.05,0.59,6.64,1.84,4.80,2.81,60.08,27.90,11.28,3.77,1.03,0.00,2.81,0.96
CSB Bank,542867,CSBBANK,INE679A01013,Banks,Private Sector Bank,332.80,608.93,5773.61,8.69,14.36,7.05,13.46,10.50,3.59,1.30,51400.36,4720.75,24.84,10.94,40.00,0.00,12.63,-0.21,15.07,-0.15,30.11,-25.57,0.30,11.48,0.00,0.00,35.62,21.65,26.51,8.65,6.84,593.80,799.52,972.05,2024.83,3597.14,2920.49,2996.88,56.29,34.23,1040.94,576.34,244.71,821.05,0.00,821.05,118.60,55.37,11.39,173.54,159.52,661.53,0.00,118.60,40.92
Cupid Breweries,512361,,INE108G01010,Beverages,Breweries & Distilleries,27.82,,254.11,,51.47,,-0.53,0.04,1.98,-7.28,29.07,596.09,,,54.00,0.00,0.00,0.00,0.00,0.00,46.01,-32.54,-49.07,-45.57,,,13.16,107.89,123.68,-0.09,-0.07,,,,,,,,,,0.00,-0.38,0.00,-0.38,0.00,-0.38,-0.38,,,51.98,-0.38,0.00,0.00,-0.38,0.00
Cura Tech.,532332,CURAA,INE117B01020,IT - Software,Computers - Software & Consulting,72.50,,71.78,,23.39,-7.74,-21.93,0.95,0.37,-1.92,6.07,-3.52,428.57,-230.19,74.94,0.00,0.00,0.00,0.03,0.00,25.01,-81.08,-73.91,-60.61,86.49,86.49,1200.00,3200.00,2700.00,-0.28,-0.01,-0.66,-0.66,0.00,-0.66,0.00,-0.66,-0.66,,-0.72,0.14,-0.01,0.00,-0.01,0.00,-0.01,-0.01,-7.14,-7.14,9.90,-0.01,0.00,0.00,-0.01,0.00
Cyber Media Ind,532640,CYBERMEDIA,INE278G01037,Media,Electronic Media,16.19,,33.13,8.43,497.39,62.36,,,1.17,6.90,10.13,-28.40,39.07,3830.00,67.13,0.56,0.00,0.00,0.00,0.00,32.86,-1.81,27.42,4.85,22.73,22.73,28.15,22.22,46.85,0.35,0.51,-3.02,-9.11,-7.98,-0.07,86.72,0.46,0.73,-0.08,-5.12,25.85,1.35,0.23,1.58,0.06,1.52,1.11,5.22,4.29,15.67,1.30,0.22,0.00,1.11,0.18
Cyber Media Res.,,CMRSL,INE075Z01011,Media,Advertising & Media Agencies,62.85,295.67,18.40,4.61,17.34,21.77,19.71,0.26,1.57,9.26,5.22,17.38,45.75,44.57,42.42,0.00,0.93,0.00,0.00,0.00,56.65,37.50,55.64,63.16,29.99,29.99,56.30,-4.20,34.91,4.88,3.62,2.31,2.93,0.91,2.85,75.03,3.66,3.75,3.80,7.92,22.01,1.19,0.23,1.42,0.02,1.40,1.06,5.41,4.82,2.93,1.25,0.15,0.00,1.06,0.18
Cybertech Sys.,532173,CYBERTECH,INE214A01019,IT - Software,Computers - Software & Consulting,141.59,212.59,441.79,13.92,23.39,17.29,13.23,0.04,4.03,43.84,8.26,181.17,4.75,-11.22,38.04,1.08,0.34,0.18,0.03,0.03,61.60,34.09,34.23,0.00,14.04,14.04,15.82,15.82,16.03,3.05,2.62,34.78,46.37,20.15,31.78,235.90,46.77,51.72,13.47,11.22,58.19,4.93,7.05,11.98,0.77,11.21,8.17,8.47,14.04,31.13,10.83,0.38,0.00,8.17,2.65
Cyient,532175,CYIENT,INE136B01020,IT - Services,IT Enabled Services,858.55,759.68,9543.20,23.42,24.65,12.28,8.61,0.08,2.80,11.50,431.10,5626.30,3.19,-34.86,24.70,1.42,14.53,-0.80,37.49,-3.49,22.74,65.95,6.70,18.29,17.11,17.11,15.07,-2.72,-30.94,9.37,13.85,612.73,875.00,96.60,1138.40,7360.40,963.40,1230.60,15.47,55.45,1711.80,228.20,69.70,297.90,68.00,229.90,157.40,13.33,9.19,55.50,213.60,16.30,0.00,153.80,56.20
Cyient DLM,543933,CYIENTDLM,INE055S01018,Aerospace & Defense,Aerospace & Defense,671.70,281.64,5332.18,64.94,67.91,9.90,7.49,0.17,2.45,5.26,172.27,932.74,-11.90,26.44,52.11,-0.01,0.24,-0.55,29.19,2.52,18.45,-27.41,-24.07,-9.10,22.65,22.65,56.26,71.91,118.36,2.05,0.94,68.08,91.73,26.16,137.18,1519.63,129.28,163.34,9.03,8.58,278.43,25.06,4.18,29.24,10.52,18.72,7.46,9.00,2.68,79.31,10.10,8.62,0.00,7.46,2.64
D B Corp,533151,DBCORP,INE950I01011,Media,Print Media,210.53,334.60,3752.79,10.66,8.80,18.23,14.27,0.11,3.96,19.58,262.21,2250.56,3.95,5.37,74.50,0.00,11.85,-0.20,4.24,0.06,9.41,61.97,52.47,30.68,19.34,19.34,23.32,-5.63,24.60,5.65,4.54,371.90,498.55,80.82,546.13,2339.11,524.55,628.22,23.35,20.82,559.45,110.62,27.79,138.41,24.28,114.13,80.84,19.77,14.45,178.22,107.61,6.52,0.00,80.84,26.77
D-Link India,533146,DLINKINDIA,INE250K01012,IT - Hardware,Computers Hardware & Equipments,450.80,535.47,1602.69,14.94,26.58,25.89,18.14,0.03,2.10,102.73,14.81,498.58,20.48,2.15,51.02,0.00,1.35,0.09,0.01,0.00,47.62,0.00,1.10,-0.86,26.51,26.51,18.43,19.45,13.25,7.78,6.87,92.07,139.69,20.37,127.00,1383.86,130.73,137.66,9.18,29.36,350.16,29.35,5.46,34.81,1.74,33.07,24.38,8.38,6.96,7.10,32.78,0.29,0.00,24.38,8.39
D.P. Abhushan,544161,DPABHUSHAN,INE266Y01019,Consumer Durables,"Gems, Jewellery And Watches",1420.20,1929.05,3244.73,13.53,19.54,39.57,40.87,0.46,2.14,19.32,290.04,609.78,30.80,93.37,74.89,0.00,0.23,-0.09,0.00,0.00,24.88,27.37,30.16,34.75,0.04,0.04,70.83,26.78,76.96,28.23,16.07,112.70,150.98,1.56,175.67,3306.97,168.12,177.23,5.31,49.73,540.37,54.30,0.95,55.25,2.63,52.62,36.42,10.05,6.74,22.66,48.59,4.03,0.00,36.42,12.17
Dabur India,500096,DABUR,INE016A01026,Personal Products,Personal Care,425.80,133.41,75525.93,38.07,39.68,20.28,17.00,0.11,0.82,18.15,1287.32,11242.15,7.40,11.36,66.24,-0.01,9.66,-0.32,18.60,0.14,5.37,61.92,54.25,60.78,5.28,5.28,11.01,-30.96,15.32,3.33,2.90,1756.17,2257.89,550.65,2316.34,12563.09,2412.07,2857.67,18.44,9.97,3404.58,667.42,143.97,811.39,114.14,697.25,508.29,19.60,14.93,177.37,662.62,34.63,0.00,513.91,154.33
Dachepalli Pub.,544667,,INE1F9M01018,Printing & Publication,Printing & Publication,76.15,250.81,114.04,6.81,6.81,23.84,28.33,0.50,4.72,18.80,42.71,71.30,42.97,107.37,64.78,0.00,0.00,-0.66,0.49,-1.16,34.74,22.29,66.23,58.89,84.99,84.99,31.24,-17.40,42.12,4.21,4.03,7.33,10.34,0.35,12.48,63.90,11.77,12.52,19.53,6.86,17.42,7.01,0.00,7.01,0.19,6.82,4.44,40.24,25.49,14.98,6.40,0.42,0.00,4.44,1.95
Dalmia BharatLtd,542216,DALBHARAT,INE00R701025,Cement & Cement Products,Cement & Cement Products,1844.60,775.31,34613.80,31.51,31.16,7.59,6.11,0.41,0.65,3.72,7406.00,17941.00,7.60,19.02,55.84,0.00,6.81,-0.34,19.95,-0.30,17.26,-51.27,0.17,-10.75,5.74,5.74,-8.83,2.15,-51.39,10.02,20.95,701.33,817.00,140.00,2407.00,13980.00,1241.00,2572.00,17.22,36.41,3636.00,883.00,65.00,932.00,322.00,610.00,395.00,24.28,10.53,38.00,518.00,108.00,16.00,380.86,123.00
Data Pattern,543428,DATAPATTNS,INE0IX101010,Aerospace & Defense,Aerospace & Defense,4428.80,1527.59,24780.29,91.69,67.91,21.92,15.24,0.00,8.11,29.87,5.27,1724.77,33.81,25.98,42.41,0.00,12.50,0.03,11.98,0.30,33.11,-84.06,-82.99,-83.73,77.30,77.30,-2.21,501.12,-13.49,3.94,4.55,210.59,295.34,46.34,275.00,708.35,298.42,312.34,38.82,39.62,99.33,32.08,10.55,42.63,5.49,37.14,25.50,32.30,25.67,11.20,33.95,3.19,0.00,25.50,8.45
DCB Bank,532772,DCBBANK,INE503A01015,Banks,Private Sector Bank,191.09,382.79,6154.25,7.81,14.36,7.40,11.96,12.04,2.28,1.21,78669.71,6213.09,11.48,22.81,16.22,-0.01,13.48,0.84,32.28,-0.52,38.03,3.67,4.08,5.89,0.00,0.00,15.08,8.68,35.57,6.62,5.00,615.19,828.61,750.51,4543.52,6470.59,5192.45,5293.85,70.22,19.58,1813.57,1208.76,236.12,1444.88,0.00,1444.88,157.26,66.65,8.67,314.47,211.75,1233.13,0.00,157.26,54.49
DCM Shriram,523367,DCMSHRIRAM,INE499A01024,Diversified,Diversified,1029.80,1246.60,16058.93,11.72,21.58,11.51,11.50,0.38,1.48,7.02,2923.17,7680.62,11.05,121.91,66.53,0.00,3.89,-0.08,8.45,-0.10,20.44,87.01,-9.92,-4.68,7.81,7.81,10.89,16.33,509.24,44.42,7.27,567.78,909.41,142.14,1330.26,12077.35,1034.86,1445.03,11.01,38.75,3261.91,303.51,22.22,325.73,111.53,214.20,113.82,9.30,3.49,31.35,170.16,44.04,0.00,113.38,56.34
DE Nora India,590031,DENORA,INE244A01016,Industrial Products,Electrodes & Refractories,891.05,318.31,474.59,38.93,37.59,9.62,7.26,0.00,4.02,,0.00,124.03,17.52,491.75,53.68,0.00,0.83,0.11,0.22,0.00,45.26,-1098.44,-1024.73,-350.66,10.22,10.22,133.20,-193.03,96.62,12.04,6.12,2.21,2.76,5.86,-1.25,68.58,1.06,2.76,-1.82,3.18,41.97,2.44,2.36,4.80,0.46,4.34,3.25,5.81,7.74,5.31,4.34,0.00,0.00,3.25,1.09
Deccan Polypacks,531989,,INE132E01015,Industrial Products,Packaging,30.40,,6.43,,21.77,-400.00,,1.33,3.00,,13.68,-15.76,,-120.97,12.94,0.00,0.00,0.00,0.00,0.00,87.06,200.00,200.00,200.00,,,-79.31,-93.10,-79.31,-0.28,-1.37,0.91,0.91,1.12,-0.21,0.00,0.91,0.91,,4.30,0.00,-0.29,0.00,-0.29,0.00,-0.29,-0.29,,,2.12,-0.29,0.00,0.00,-0.29,0.00
Decorous Investm,539405,,INE183R01010,Consumer Durables,"Gems, Jewellery And Watches",12.52,4.57,4.31,107.87,19.54,3.87,2.84,0.00,16.00,,0.00,0.48,-2.78,-50.00,1.27,0.00,0.00,0.00,0.00,0.00,98.73,-33.33,-300.00,-40.00,0.00,0.00,200.00,400.00,-150.00,-0.06,0.12,0.06,0.08,0.22,-0.14,0.34,0.08,0.08,-41.18,0.17,0.02,-0.01,0.05,0.04,0.00,0.04,0.04,-50.00,200.00,3.45,0.04,0.00,0.00,0.04,0.00
Deep Industries,543288,DEEPINDS,INE0FHS01024,Oil,Oil Equipment & Services,649.30,855.90,4155.87,10.02,24.20,16.48,19.38,0.10,2.69,22.45,202.98,1967.16,48.75,132.59,63.49,0.00,1.47,-0.34,1.53,0.40,33.50,-1334.63,27.13,32.04,49.49,49.49,32.52,0.37,44.47,13.34,9.19,211.10,-40.28,-228.25,240.99,576.13,229.53,270.70,41.83,-14.08,199.50,81.60,13.43,95.03,13.04,81.99,61.70,40.90,30.93,32.00,77.86,4.13,0.00,58.82,16.15
Deepak Fertilis.,500645,DEEPAKFERT,INE501A01019,Chemicals & Petrochemicals,Commodity Chemicals,1576.00,1551.64,19896.36,20.22,21.02,11.58,11.27,0.83,1.36,4.66,5670.28,6718.33,13.63,0.30,45.63,0.00,10.02,-0.29,14.69,1.45,29.68,251.56,193.16,138.82,19.36,19.36,64.79,-31.00,100.95,38.82,19.26,916.63,1189.29,80.75,1924.79,10274.42,1577.81,1981.14,18.73,73.95,2658.75,513.02,23.77,536.79,103.47,433.32,243.86,19.30,9.17,126.24,345.21,88.11,0.00,243.17,101.35
Den Networks,533137,DEN,INE947J01015,Entertainment,TV Broadcasting & Software Production,27.72,44.40,1318.06,8.89,26.60,5.58,4.48,0.01,8.36,109.37,20.04,3308.04,-2.34,-28.98,74.90,0.00,0.35,-0.11,0.05,-0.09,24.61,-5.05,-5.56,-24.93,10.99,10.99,-40.07,-20.17,-35.51,0.77,1.14,151.64,248.56,243.84,112.58,1005.41,189.47,295.24,11.20,4.19,241.27,19.19,70.67,89.86,24.36,65.50,53.64,7.95,22.23,476.77,64.95,0.55,0.00,54.22,11.31
Devyani Intl.,543330,DEVYANI,INE872J01023,Leisure Services,Restaurants,116.76,,14374.41,,57.39,4.75,-1.56,2.49,0.51,0.94,3833.15,1418.53,14.72,31.40,61.37,0.00,6.81,0.68,18.84,-0.49,12.97,-273.88,79.08,15.37,1.10,1.10,23.46,7.00,667.26,0.12,0.03,5.83,12.79,33.03,839.44,4951.05,284.01,876.34,16.95,0.08,1356.97,205.88,13.32,219.39,149.68,69.71,2.23,15.17,0.18,123.19,2.74,66.78,-0.19,3.88,0.51
Dhampur Bio,543593,DBOL,INE0I3401014,Agricultural Food & other Products,Sugar,102.91,138.94,683.40,26.73,15.92,4.98,2.61,1.03,1.16,1.82,1060.46,960.25,7.92,1041.52,50.78,0.13,0.29,-0.25,0.82,0.03,47.08,-20.49,-103.65,-88.82,3.13,3.13,2.76,819.31,-267.23,5.54,-3.31,15.74,15.71,1.85,134.85,1861.54,84.25,138.14,7.24,2.21,492.48,8.70,-6.42,10.19,12.19,-2.00,-22.00,1.77,-2.86,66.39,-28.79,18.88,-7.91,-14.09,-6.79
Dhampur Sugar,500119,DHAMPURSUG,INE041A01016,Agricultural Food & other Products,Sugar,143.84,142.65,927.58,13.20,15.92,6.43,5.47,0.75,1.10,2.90,899.15,1133.06,1.27,36.47,49.86,-0.01,1.95,-0.46,1.14,0.31,47.05,-86.67,-67.50,-63.21,5.71,5.71,37.07,272.57,569.23,0.94,0.13,48.02,75.11,17.63,169.68,1956.52,122.16,184.08,8.67,7.98,521.42,22.82,8.05,30.87,13.80,17.07,0.91,4.38,0.17,64.30,1.30,15.77,0.00,0.85,0.39
Dhanlaxmi Bank,532180,DHANBANK,INE680A01011,Banks,Private Sector Bank,32.73,46.18,1292.25,11.19,14.36,5.81,7.16,13.39,4.87,1.16,20262.76,1118.51,21.80,33.01,0.00,0.00,14.21,-1.21,0.05,0.00,85.74,-42.72,-8.26,2.53,0.00,0.00,35.15,31.82,104.52,0.63,0.31,66.42,71.62,169.21,764.33,1319.88,907.97,933.30,57.91,1.69,367.76,201.54,39.30,240.84,0.00,240.84,12.18,54.80,3.31,394.70,12.18,228.66,0.00,12.18,0.00
Dhanuka Agritech,507717,DHANUKA,INE435G01025,Fertilizers & Agrochemicals,Pesticides & Agrochemicals,1023.30,858.82,4551.01,16.98,22.13,23.76,18.46,0.02,3.35,110.50,30.64,1672.86,-5.62,-11.70,69.81,0.09,1.64,-0.29,18.71,-0.72,9.83,-62.87,-61.75,-55.95,22.56,22.56,-33.87,50.13,-34.59,8.14,12.31,291.81,392.14,36.10,416.61,2035.15,390.36,445.82,20.47,65.88,528.29,83.19,8.04,91.23,15.39,75.84,55.50,15.75,10.51,9.02,74.54,1.30,0.00,55.50,19.04
Diensten Tech,,DTL,INE0JRD01019,Commercial Services & Supplies,Diversified Commercial Services,120.00,,99.12,,19.78,,-18.60,3.00,1.29,2.05,63.06,12.76,,,70.85,0.73,0.00,0.00,1.35,0.43,27.80,-23.83,-7.77,-17.47,21.87,21.87,348.75,443.75,-367.21,1.97,-0.74,,,,,,,,,,22.15,0.80,0.26,1.06,0.86,0.20,-0.61,3.61,-2.75,8.26,-0.78,0.98,0.00,-0.61,-0.16
Digicontent,542685,DGCONTENT,INE03JI01017,Media,Advertising & Media Agencies,23.84,8.57,138.32,8.12,17.34,23.95,11.64,2.66,1.50,2.87,98.07,25.29,11.70,-20.01,66.81,0.00,0.00,0.00,0.05,0.00,32.86,-314.44,-89.29,-71.90,18.04,18.04,-19.66,185.90,-17.17,-0.33,-0.40,24.28,37.38,7.33,57.79,442.85,54.05,65.07,13.05,4.18,110.45,2.34,0.47,2.81,1.97,0.84,-2.33,2.12,-2.11,11.64,-2.08,2.92,0.00,-2.33,0.25
Digitide Solutio,544413,DIGITIDE,INE0U4701011,IT - Services,IT Enabled Services,100.15,,1491.14,1319.59,24.65,10.86,1.23,0.63,1.47,2.43,530.84,689.11,-5.77,-92.13,57.33,-0.04,7.08,-0.62,11.30,-0.31,24.29,-158.48,-2.44,-12.53,14.32,14.32,-6.89,6.44,-69.76,-0.13,0.38,129.92,195.02,-8.99,474.94,3268.73,269.62,490.40,14.53,,735.74,82.58,-5.29,86.16,46.08,40.08,9.69,11.22,1.90,148.95,19.99,11.22,-8.87,8.27,10.30
Disha Resources,531553,,INE193D01019,Commercial Services & Supplies,Diversified Commercial Services,27.42,,20.06,,19.78,-0.13,-0.10,0.00,26.00,,0.00,16.02,3466.67,94.74,49.00,-3.88,0.00,0.00,0.00,0.00,50.98,-187.50,-200.00,-433.33,0.00,0.00,25.00,-137.50,16.67,-0.10,-0.08,-0.57,-0.30,0.24,-0.51,0.03,-0.27,-0.27,-1700.00,-0.78,0.03,-0.08,0.00,-0.08,0.00,-0.08,-0.06,-266.67,-200.00,7.32,-0.08,0.00,0.00,-0.06,-0.02
Divi's Lab.,532488,DIVISLAB,INE361B01024,Pharmaceuticals & Biotechnology,Pharmaceuticals,8585.00,1946.63,227886.39,76.49,33.57,21.97,16.53,0.00,5.43,151.35,7.00,16708.00,16.35,29.20,51.88,0.00,20.19,-0.10,19.29,0.16,8.53,20.11,22.39,34.37,26.57,26.57,72.15,28.12,65.50,33.98,20.53,2191.00,2916.00,348.00,2973.00,9360.00,2919.00,3321.00,31.76,82.53,2410.00,729.00,119.00,848.00,112.00,736.00,545.00,30.25,22.61,53.00,733.00,3.00,0.00,545.00,188.00
Dixon Technolog.,540699,DIXON,INE935N01020,Consumer Durables,Consumer Electronics,13892.00,7962.30,84653.64,45.10,41.29,41.97,37.43,0.21,1.06,20.95,994.22,4664.51,14.34,118.75,28.55,-0.14,17.87,-0.43,28.38,0.24,25.20,140.91,127.01,13.41,12.66,12.66,-3.99,-15.34,156.35,108.60,37.20,772.92,1569.80,497.49,1514.85,38860.10,1268.81,1549.83,3.90,181.87,12835.66,482.37,8.44,490.81,92.70,398.11,280.02,3.76,2.18,12.10,365.52,32.59,0.00,224.97,85.50
DLF,532868,DLF,INE271C01023,Realty,"Residential, Commercial Projects",668.55,166.52,165587.43,38.48,28.45,6.32,9.50,0.01,1.52,20.09,305.89,44978.31,-27.71,1.63,74.08,0.00,12.31,-1.23,8.03,1.09,5.56,-37.42,-31.43,-63.41,12.54,12.54,-58.73,12.80,4.09,3.21,3.08,4657.55,2260.63,699.83,2108.66,7993.66,2959.70,3110.36,26.38,17.64,2716.70,364.16,264.18,628.34,34.47,593.87,762.67,13.40,28.07,495.06,515.30,78.57,0.00,762.67,133.18
Dodla Dairy,543306,DODLA,INE021O01019,Food Products,Dairy Products,1046.30,817.53,6308.16,25.50,29.83,16.72,16.45,0.03,1.41,72.15,56.99,1613.75,13.13,-4.05,58.92,0.00,6.08,-0.36,25.85,0.51,9.16,-41.72,7.14,20.70,0.31,0.31,-21.35,-34.84,-35.36,6.74,10.42,252.30,355.78,52.71,381.91,3720.07,349.55,424.18,10.27,43.09,1006.87,82.52,16.92,99.44,17.77,81.67,62.87,8.20,6.24,60.33,80.98,0.69,0.00,62.87,18.11
Dollex Agrotech,,DOLLEX,INE0JHH01011,Agricultural Food & other Products,Sugar,30.45,47.79,121.65,15.30,15.92,5.52,8.86,1.27,1.69,3.79,157.38,84.03,-2.97,127.14,54.20,0.00,0.00,0.00,0.00,0.00,45.80,-72.41,-63.01,-56.39,50.16,50.16,-3.40,121.53,-26.86,0.32,0.44,8.28,10.49,0.03,16.32,237.43,13.83,16.35,6.87,2.08,36.21,3.53,0.01,3.54,0.71,2.83,1.75,9.75,4.83,39.95,2.00,0.83,0.00,1.75,0.25
Dolphin Offshore,522261,DOLPHIN,INE920A01037,Oil,Offshore Support Solution Drilling,405.45,398.81,1621.16,22.51,15.41,14.92,21.90,0.57,4.87,5.17,203.21,349.43,73.95,43.29,74.99,0.00,4.57,-0.01,0.31,0.00,20.13,-47.72,7.52,105.94,162.90,162.90,62.04,-21.32,30.71,3.70,2.83,46.13,47.57,3.10,45.89,74.02,48.44,48.65,62.00,11.62,16.44,15.62,0.00,15.62,2.34,13.28,11.33,95.01,68.92,4.00,10.81,2.47,0.00,11.33,-0.52
DOMS Industries,544045,DOMS,INE321T01012,Household Products,Stationary,2292.00,951.90,13900.54,63.94,23.37,24.33,20.71,0.12,2.17,33.52,141.26,1159.04,19.94,4.63,63.38,-7.00,7.50,-0.12,25.91,6.77,3.20,-22.20,-22.87,-18.21,6.73,6.73,-16.39,2.23,-23.38,7.33,9.44,202.55,286.82,22.30,348.74,1912.63,302.16,371.34,18.23,33.34,562.28,98.74,4.49,103.23,20.41,82.82,59.10,17.56,10.51,60.69,79.34,3.48,0.00,57.28,20.24
Dr Agarwal's Eye,526783,DRAGARWQ,INE934C01018,Healthcare Services,Hospital,5007.00,3079.84,2433.12,31.92,48.63,17.36,25.22,0.94,1.23,10.66,326.13,341.47,20.01,31.87,72.67,0.00,2.24,0.04,2.05,-0.07,23.03,43.97,45.33,28.25,3.77,3.77,16.51,-9.16,35.46,48.38,36.72,54.09,70.70,4.93,120.06,397.15,84.82,124.27,30.23,116.28,116.92,37.13,0.80,37.93,10.58,27.35,17.26,31.76,14.76,4.70,23.19,4.16,0.00,17.26,5.93
Dr Lal Pathlabs,539524,LALPATHLAB,INE600L01024,Healthcare Services,Healthcare Service Provider,1900.40,496.47,31819.47,56.60,46.52,28.00,22.30,0.08,2.54,31.61,198.99,2340.58,14.29,9.57,53.19,-0.02,17.35,0.17,21.59,0.22,7.48,28.97,41.40,32.49,3.83,3.83,28.71,-2.86,27.24,10.11,7.90,482.84,624.80,91.28,697.75,2461.40,641.10,783.02,28.35,29.14,669.80,192.30,28.10,220.40,34.60,185.80,134.00,28.71,20.01,83.80,181.10,4.70,0.00,132.40,47.10
Dr Reddy's Labs,500124,DRREDDY,INE089A01031,Pharmaceuticals & Biotechnology,Pharmaceuticals,1180.00,957.78,98534.66,30.58,33.57,13.04,11.22,0.20,1.57,10.71,7734.10,37808.00,-0.87,-43.28,26.63,0.00,20.67,-0.47,31.75,1.03,20.76,96.84,122.27,124.81,30.47,30.47,-60.44,-82.40,-69.10,5.32,16.99,5549.67,7679.50,1119.00,8547.10,32643.90,7811.20,9514.90,26.18,67.77,8572.10,2173.60,290.50,2464.10,476.10,1988.00,1409.90,25.36,16.45,83.50,1905.00,83.00,0.00,1418.10,495.10
Duke Offshore,531471,,INE397G01019,Oil,Oil Equipment & Services,38.99,,38.43,,24.20,-13.14,-14.40,0.06,0.71,-28.50,0.25,-5.71,-100.00,75.00,70.61,0.00,0.00,0.00,0.00,0.00,29.40,-58.21,-56.92,-46.43,,,-18.92,51.35,-30.00,-0.28,-0.41,-1.85,-2.20,0.32,-2.04,0.07,-1.84,-1.37,-2914.29,-2.23,0.00,-0.37,0.07,-0.30,0.10,-0.40,-0.40,,,9.86,-0.40,0.00,0.00,-0.40,0.00
Duncan Engg.,504908,,INE340F01011,Auto Components,Auto Components & Equipments,404.65,436.60,149.72,32.90,30.39,10.75,8.06,0.08,1.92,13.43,4.79,57.06,-2.43,-19.61,74.56,0.00,0.00,0.00,0.06,0.00,25.38,-21.19,-25.41,-53.94,13.46,13.46,-31.48,48.77,-25.00,2.52,3.35,5.23,6.74,2.56,7.29,84.71,7.49,9.88,8.61,14.10,18.01,1.62,0.77,2.39,0.69,1.70,1.24,9.00,6.89,3.70,1.63,0.07,0.00,1.24,0.39
Dwarikesh Sugar,532610,DWARKESH,INE366A01041,Agricultural Food & other Products,Sugar,39.00,20.54,721.12,49.73,15.92,4.62,3.77,0.41,2.33,2.71,336.46,810.18,-4.81,-38.77,42.15,0.00,1.01,-0.67,0.75,0.53,55.95,-144.82,-135.72,-129.69,3.68,3.68,-755.61,2108.42,174.31,-1.39,-0.51,23.29,52.46,6.44,113.47,1358.88,70.95,119.88,8.35,1.26,405.47,3.92,0.50,4.42,12.06,-7.64,-9.38,0.97,-2.31,18.53,-13.03,5.39,0.00,-9.38,-3.65
Dynamic Cables,540795,DYCL,INE600Y01019,Industrial Products,Cables - Electricals,402.45,391.59,1947.27,21.36,28.45,26.21,19.92,0.09,2.38,11.46,43.09,408.78,19.10,27.67,68.18,0.00,0.67,-0.23,0.98,-0.29,30.17,3.23,2.80,1.20,22.41,22.41,41.05,39.38,37.01,5.15,3.75,62.68,85.68,6.41,105.47,1025.37,98.11,109.04,10.29,13.36,262.04,26.94,2.74,29.68,2.65,27.03,18.21,10.28,6.95,24.23,24.37,2.66,0.00,18.21,6.16
E2E Networks,544783,E2E,INE255Z01027,IT - Services,IT Enabled Services,543.00,128.22,11158.94,358.12,24.65,-0.51,-0.95,0.09,1.20,3.01,159.08,1664.50,130.70,-9.71,39.45,0.00,1.27,0.36,6.07,-0.51,53.15,581.37,461.57,102.93,4.67,4.67,1021.79,452.81,-1645.07,2.13,-0.14,47.46,62.79,39.43,96.66,163.96,75.97,136.05,58.95,2.38,36.11,10.51,15.00,25.51,27.43,-1.92,-2.84,29.11,-7.86,19.97,-3.75,1.83,0.00,-2.84,-0.91
EFC (I),512008,EFCIL,INE886D01026,Commercial Services & Supplies,Diversified Commercial Services,193.96,444.29,2874.14,11.18,19.78,19.85,34.30,1.74,1.18,7.26,1405.92,779.80,42.05,60.33,56.08,-4.36,1.26,-0.91,8.88,2.53,33.78,2.89,-0.87,-14.36,22.24,22.24,20.36,40.53,51.81,4.66,4.05,112.82,199.85,17.52,327.68,656.74,245.53,345.20,49.89,10.51,219.62,102.16,3.64,105.80,28.18,77.62,46.67,46.52,21.25,19.91,66.06,11.56,0.00,43.42,19.39
Eicher Motors,505200,EICHERMOT,INE066A01021,Automobiles,2/3 Wheelers,8050.00,4231.51,221001.55,38.00,38.00,30.53,23.96,0.02,1.34,96.68,513.95,25072.72,28.07,20.22,49.03,-0.03,25.52,-1.25,15.97,1.24,9.40,-3.78,-0.52,5.08,1.41,1.41,32.25,25.85,21.35,53.28,43.95,4740.59,5933.07,1994.17,4722.57,18870.35,5995.12,6724.45,25.03,172.69,5041.84,1202.78,603.17,1805.95,198.06,1607.89,1205.22,23.86,23.90,27.43,1592.99,14.90,0.00,1205.22,387.77
Eimco Elecon(I),523708,EIMCOELECO,INE158B01016,Industrial Manufacturing,Industrial Products,1837.80,941.15,1061.00,26.79,31.54,10.29,7.81,0.01,4.04,52.05,4.35,461.74,-1.49,-18.50,48.96,0.00,3.25,0.15,0.98,-0.07,46.81,141.82,117.01,10.21,30.12,30.12,15.76,5.04,6.22,26.66,25.10,48.26,65.60,18.20,56.28,246.47,65.29,73.61,22.83,84.79,67.57,12.31,8.09,20.40,1.87,18.53,14.48,18.22,21.43,5.77,18.41,0.12,0.00,14.48,3.93
Elecon Engg.Co,505700,ELECON,INE205B01031,Electrical Equipment,Heavy Electrical Equipment,428.30,282.67,9600.74,31.75,33.62,20.86,16.43,0.12,2.04,17.46,272.65,2283.41,3.05,-32.70,59.28,0.00,6.99,-0.14,7.18,1.51,26.52,1072.50,-31.76,-30.95,30.07,30.07,-16.25,21.27,-59.90,3.14,7.82,413.68,536.97,62.94,548.12,2226.96,548.45,609.21,24.61,18.50,490.57,130.30,107.51,157.34,24.54,132.80,175.44,26.56,21.92,22.44,207.12,6.15,80.47,107.52,31.68
Emami Paper,533208,EMAMIPAP,INE830C01026,"Paper, Forest & Jute Products",Paper & Paper Products,114.90,130.07,690.05,7.31,16.85,11.42,11.45,1.42,1.11,3.04,817.34,563.21,6.56,383.91,74.97,0.00,0.54,0.01,0.00,-0.06,24.49,22.57,13.26,33.43,13.63,13.63,120.12,64.97,511.89,6.38,1.04,25.00,33.39,4.46,141.81,1928.04,93.28,144.97,7.36,4.30,459.76,37.68,1.60,39.28,12.88,26.40,6.31,8.20,1.37,12.10,9.35,17.05,0.00,6.31,3.04
Embassy Off.REIT,542602,EMBASSY,INE041025011,Realty,Real Estate Investment Trusts (REITs),443.04,132.94,42029.07,171.34,59.17,5.61,1.26,1.08,0.20,1.69,22535.31,-8046.03,14.38,-84.68,,,,,,,,-145.40,25.29,6.25,2.08,2.08,16.84,9.96,25.81,2.06,1.64,1622.72,193.04,254.54,3049.74,4038.93,1508.62,3291.23,75.51,17.14,1059.79,820.96,47.68,868.64,289.55,579.09,155.17,77.46,14.64,28826.21,207.25,371.84,0.00,155.17,52.08
Emerald Finance,538882,,INE030Q01015,Finance,Non Banking Financial Company (NBFC),51.28,129.02,177.13,11.00,21.17,21.20,15.98,0.18,6.45,8.99,17.05,62.08,41.92,56.61,59.70,0.00,1.78,0.00,0.00,0.00,38.52,12.18,10.53,8.96,8.70,8.70,51.12,38.70,52.98,1.33,0.92,9.04,12.09,0.02,15.20,21.61,15.14,15.22,70.34,2.62,6.71,4.91,0.03,4.94,0.00,4.94,3.19,73.17,47.54,34.54,4.26,0.68,0.00,3.19,1.07
Emk.Global Fin.,532737,EMKAY,INE296H01011,Capital Markets,Stockbroking & Allied,241.35,205.75,666.19,34.11,19.99,8.01,4.52,0.29,1.29,2.67,110.45,354.48,21.30,-59.11,72.83,0.63,0.75,-0.09,0.01,0.00,26.43,60.95,-6.20,-10.43,43.07,43.07,95.88,118.70,90.59,3.33,1.88,56.84,60.73,0.80,78.53,360.43,67.70,79.34,21.79,22.40,72.97,5.83,4.78,10.61,2.91,7.70,4.78,7.99,6.55,25.48,5.26,2.44,0.00,4.78,0.46
Emmvee Photovol.,544608,EMMVEE,INE1C6T01020,Electrical Equipment,Other Electrical Equipment,319.55,441.39,22106.49,17.35,30.76,44.83,51.12,0.10,2.06,14.91,360.06,3556.47,84.07,140.80,80.03,0.00,2.92,0.47,9.80,-2.48,7.24,-3.08,-3.28,-4.03,12.46,12.46,56.38,62.95,102.64,5.49,3.16,368.94,482.82,24.71,721.94,2335.61,590.61,746.56,30.91,68.39,1027.82,350.49,14.40,364.89,71.59,293.30,187.67,34.10,18.26,118.71,240.19,53.11,0.00,187.67,52.52
eMudhra,543533,EMUDHRA,INE01QM01018,IT - Services,IT Enabled Services,477.85,473.82,3940.18,34.24,24.65,15.69,12.63,0.03,2.48,23.80,28.78,870.11,29.74,25.52,54.40,0.00,3.92,0.79,10.55,-2.78,31.12,8.22,9.34,18.04,25.40,25.40,42.99,21.14,27.90,3.88,3.00,84.65,107.39,8.44,123.94,519.39,108.56,132.39,23.86,10.22,147.30,34.68,3.32,38.00,6.73,31.27,25.02,23.54,16.99,40.73,31.07,0.20,0.00,24.88,6.05
EPack PrefabTech,544540,EPACKPEB,INE0MLS01022,Industrial Manufacturing,Industrial Products,243.95,335.02,2457.75,25.93,31.54,21.71,17.04,0.16,1.60,4.90,114.63,714.44,37.53,52.62,64.95,-0.01,11.10,0.19,3.03,-0.12,20.88,-40.01,-30.69,-25.20,19.35,19.35,11.58,49.16,13.35,1.81,2.07,59.37,80.89,6.50,115.95,1133.92,105.20,122.51,10.23,7.65,295.34,30.92,2.51,33.43,5.12,28.31,16.03,10.47,5.43,15.50,21.31,7.00,0.00,16.03,5.28
Epigral,543332,EPIGRAL,INE071N01016,Chemicals & Petrochemicals,Specialty Chemicals,1120.70,2156.74,4828.86,17.77,28.94,15.30,15.81,0.26,1.16,7.60,572.04,2178.33,4.81,-36.96,68.83,0.00,1.03,-0.51,5.56,0.66,24.56,21.05,11.15,6.30,15.86,15.86,9.68,3.18,-38.17,22.99,37.18,352.12,540.10,15.21,710.72,2550.13,586.44,719.00,27.87,82.68,606.54,163.39,8.25,171.64,41.54,130.10,160.41,26.94,26.45,43.14,106.73,23.37,0.00,160.41,-53.68
Epsom Properties,531155,,INE601F01016,Realty,"Residential, Commercial Projects",8.31,,6.19,,28.45,-210.00,,,8.00,-1.24,2.07,-9.41,,-11.76,56.32,0.00,1.07,0.00,0.00,0.00,42.61,-33.33,60.00,60.00,,,0.00,-37.50,50.00,-0.16,-0.11,-0.34,-0.34,0.00,-0.23,0.00,-0.23,-0.23,,-0.46,0.00,-0.08,0.00,-0.08,0.00,-0.08,-0.08,,,7.45,-0.08,0.00,0.00,-0.08,0.00
Equitas Sma. Fin,543243,EQUITASBNK,INE063P01018,Banks,Other Bank,76.26,73.58,8724.51,17.09,16.27,6.44,1.69,8.54,3.21,1.19,52305.64,4983.79,10.00,598.16,0.00,0.00,15.70,0.96,51.25,0.38,33.04,-13.67,3.55,5.59,0.00,0.00,235.75,217.99,-182.06,1.61,-1.96,146.59,198.85,911.49,2495.62,6311.73,3258.50,3406.65,39.54,1.29,1648.86,273.95,291.69,565.64,0.00,565.64,-223.76,16.61,-13.57,1140.30,-297.48,863.12,0.00,-223.76,-73.72
ERIS Lifescience,540596,ERIS,INE406M01024,Pharmaceuticals & Biotechnology,Pharmaceuticals,1383.20,868.51,19195.81,29.27,33.57,14.14,18.70,0.60,0.74,4.54,2358.62,3888.82,9.59,69.36,54.14,0.22,5.76,-0.63,20.71,0.36,19.39,-48.65,10.30,8.61,21.07,21.07,6.91,-1.57,14.56,10.28,8.66,350.35,488.87,17.50,1018.12,2893.64,718.08,1033.54,35.18,25.84,773.00,276.71,3.58,280.29,70.51,209.78,125.10,35.80,16.18,13.62,161.10,48.68,0.00,117.99,36.00
ESAF Small Fin,544020,ESAFSFB,INE818W01011,Banks,Other Bank,40.92,,2096.59,,16.27,5.65,-8.86,16.01,4.36,0.99,28602.90,1270.87,3.91,99.16,63.25,-0.03,0.31,0.30,3.80,-0.83,32.63,240.62,23.05,22.91,0.00,0.00,155.08,107.54,-198.60,1.55,-1.58,-521.48,-692.97,471.77,705.19,3857.53,1117.62,1176.87,18.28,-10.12,828.23,146.02,195.14,341.16,0.00,341.16,-81.22,17.63,-9.81,515.43,-109.20,450.36,0.00,-81.22,-27.98
Escorts Kubota,500495,ESCORTS,INE042A01014,"Agricultural, Commercial & Construction Vehicles",Tractors,3135.50,2074.72,35080.97,24.65,30.67,13.93,18.72,0.01,1.28,87.24,161.89,12260.95,20.43,21.24,68.04,0.00,6.36,0.65,10.65,-1.01,13.29,20.41,14.82,-6.85,9.82,9.82,10.29,18.40,-72.38,34.50,124.88,979.35,1491.90,600.53,1164.19,10243.88,1138.50,1382.15,11.36,113.06,2500.05,321.40,1259.73,477.51,59.58,417.93,1397.10,12.86,12.49,111.88,1517.56,3.99,1103.62,312.17,120.46
Essen Speciality,,ESFL,INE0ITO01014,Consumer Durables,Plastic Products - Consumer,119.85,,297.70,,24.85,-1.25,-2.70,0.32,3.09,-2.06,46.76,121.72,-14.52,-149.14,70.86,0.01,0.00,0.00,0.00,0.00,29.14,-104.09,-102.22,-105.09,7.51,7.51,-83.52,-423.58,-79.78,0.14,0.72,11.67,16.02,2.76,21.07,173.00,18.05,23.78,12.18,4.71,41.16,3.52,0.63,4.15,1.54,2.61,1.78,8.55,4.32,24.84,2.28,0.33,0.00,1.78,0.50
Eternal,543320,ETERNAL,INE758T01015,Retailing,E-Retail/ E-Commerce,310.50,37.95,299742.50,692.25,52.74,2.48,0.38,0.15,1.87,2.68,4592.00,30061.00,190.50,44.82,0.00,0.00,29.09,-3.52,39.21,3.33,26.99,-47.13,17.50,22.22,2.62,2.62,416.52,322.61,268.00,0.10,0.03,325.96,697.00,1077.00,637.00,20243.00,700.00,1563.00,3.15,0.55,7167.00,115.00,354.00,469.00,314.00,155.00,25.00,1.60,0.35,908.00,88.00,67.00,0.00,25.00,63.00
Ethos,543532,ETHOSLTD,INE04TZ01018,Consumer Durables,"Gems, Jewellery And Watches",2962.70,1294.31,7952.36,75.30,19.54,9.82,7.77,0.22,5.62,5.93,322.32,1461.16,30.42,14.17,50.58,0.00,11.33,0.44,23.91,0.32,14.18,25.92,23.11,20.52,1.01,1.01,33.08,10.42,50.68,10.51,7.11,96.69,130.07,23.76,196.79,1251.63,158.09,221.09,15.72,35.93,346.32,45.01,5.84,50.85,19.02,31.83,19.02,13.00,5.49,24.48,26.12,5.71,0.00,19.02,7.09
Everest Inds.,508906,EVERESTIND,INE295A01018,Other Construction Materials,Other Construction Materials,462.85,,736.75,,19.53,-8.50,-16.08,0.46,1.18,-1.37,226.91,478.65,-20.52,-148.07,50.22,0.00,10.14,-0.15,0.03,0.00,39.61,-316.43,-213.11,-269.34,8.03,8.03,169.09,-258.90,6163.19,64.39,1.03,-23.55,-6.30,26.12,30.07,1722.82,5.80,44.73,1.75,-2.28,500.72,16.40,3.29,19.69,9.91,9.78,1.63,3.28,0.33,15.82,3.33,6.45,0.00,1.63,1.69
Everlon Fin.,514358,,INE339D01034,Finance,Non Banking Financial Company (NBFC),109.70,,68.01,,21.17,-25.65,-27.38,0.00,45.38,-10.14,0.00,11.20,-44.26,-185.83,74.47,0.00,0.00,0.00,0.00,0.00,25.52,-193.98,-196.04,-196.69,0.00,0.00,-934.29,762.86,-785.37,4.53,-0.66,1.19,4.19,0.00,4.33,15.55,4.23,4.33,27.85,1.92,8.23,-0.35,0.00,-0.35,0.02,-0.37,-0.41,-4.25,-4.98,6.20,-0.38,0.01,0.00,-0.41,0.03
Exide Inds.,500086,EXIDEIND,INE302A01020,Auto Components,Auto Components & Equipments,444.70,190.58,37761.72,40.24,30.39,8.54,5.97,0.11,1.08,13.24,1575.40,13819.85,7.61,10.67,45.99,0.00,10.62,0.32,19.30,0.18,24.08,62.09,43.15,27.30,8.36,8.36,15.44,-9.31,27.94,4.12,3.21,769.30,1175.96,113.30,1804.65,17237.85,1296.64,1878.98,10.47,9.35,4695.12,538.34,27.91,566.25,148.94,417.31,274.58,11.47,5.85,85.00,384.91,32.40,0.00,272.99,110.33
Exxaro Tiles,543327,EXXARO,INE0GFE01026,Consumer Durables,Ceramics,6.11,2.14,273.82,66.79,36.13,4.31,1.02,0.33,1.70,1.45,93.28,234.96,5.15,-10.09,42.07,0.00,4.02,0.00,0.00,0.00,53.91,935.00,48.32,22.67,31.47,31.47,14.24,-6.87,155.56,0.05,0.02,0.24,1.73,0.50,22.72,303.18,14.32,23.84,7.49,0.00,64.93,6.11,0.04,6.15,2.38,3.77,0.81,9.41,1.25,44.74,1.10,2.67,0.00,0.81,0.29
F Mec Intl. Fin.,539552,,INE108T01021,Finance,Non Banking Financial Company (NBFC),12.77,21.90,62.45,12.39,21.17,16.75,14.73,0.69,15.81,5.46,11.15,7.21,135.47,213.04,36.91,0.00,0.00,-0.02,0.00,0.00,63.09,315.79,239.42,237.41,0.00,0.00,432.95,57.95,857.58,0.65,0.07,1.62,2.17,0.00,3.11,6.64,3.03,3.11,46.84,0.33,1.97,0.88,0.00,0.88,0.05,0.83,0.33,44.67,16.75,8.89,0.44,0.39,0.00,0.33,0.11
Fabtech Tech.,544558,FABTECH,INE0HF201011,Healthcare Services,"Healthcare Research, Analytics & Technology",149.77,416.27,659.39,13.56,44.60,13.58,12.49,0.17,2.50,17.19,69.64,375.32,14.16,47.56,68.94,0.00,0.02,-0.06,2.45,0.30,28.57,-80.92,-80.06,-80.91,48.92,48.92,-168.28,-457.65,-168.68,0.95,-1.89,31.69,60.43,27.44,38.77,326.67,44.13,46.74,11.87,14.34,68.01,-6.21,2.75,-5.23,1.39,-6.62,-6.13,-9.13,-11.35,32.39,-6.19,1.34,1.77,-7.72,-0.07
Fairchem Organic,543252,FAIRCHEMOR,INE0DNW01011,Chemicals & Petrochemicals,Specialty Chemicals,813.00,209.44,1048.78,69.41,28.94,3.33,2.19,0.32,1.65,5.46,83.78,250.44,0.14,62.65,63.25,0.00,6.34,-0.01,2.80,-1.19,27.60,171.27,164.62,122.54,13.50,13.50,241.68,53.54,755.56,7.95,0.90,22.22,29.92,0.99,43.13,537.90,33.94,44.47,8.02,16.87,131.06,5.23,0.13,5.36,2.74,2.62,1.17,3.99,0.89,13.02,1.61,1.01,0.00,1.17,0.44
Family Care,516110,,INE146N01016,Healthcare Services,Healthcare Service Provider,2.69,,14.53,,46.52,-25.62,-38.43,0.55,1.18,-10.47,5.17,-44.56,-93.92,-113.98,17.47,-1.07,0.00,0.00,0.09,0.00,82.44,-82.64,-118.18,-108.21,420.83,420.83,-55.26,-644.74,-40.00,-0.08,-0.13,30.71,-44.47,-71.71,29.23,7.90,31.25,32.38,370.00,-8.17,0.02,-0.38,0.00,-0.38,0.23,-0.61,-0.70,-1900.00,-3500.00,54.01,-0.69,0.08,0.00,-0.70,0.00
FCS Software,532666,FCSSOFT,INE512B01022,IT - Services,IT Enabled Services,1.49,0.57,253.03,64.55,24.65,2.40,0.82,0.00,3.09,2.12,0.00,245.31,82.36,64.71,19.65,0.00,0.01,0.00,0.00,0.00,80.30,-88.33,-67.46,-82.30,11.98,11.98,22.62,592.86,6200.00,0.00,0.00,3.73,5.03,8.17,5.09,36.54,10.30,13.26,13.93,0.02,8.81,0.84,2.02,2.86,1.24,1.62,0.01,9.53,0.11,170.96,0.55,1.07,0.00,0.01,0.54
Fedbank Financi.,544027,FEDFINA,INE007N01010,Finance,Non Banking Financial Company (NBFC),150.37,203.86,5635.72,14.72,21.17,9.06,12.56,4.67,7.52,1.55,13674.87,2551.89,13.41,66.53,60.67,-0.12,9.30,8.64,10.89,-7.93,19.13,13.78,13.85,13.34,1.25,1.25,33.35,17.65,52.49,3.05,2.01,225.41,303.75,42.85,1163.53,2036.63,1157.87,1206.72,57.13,6.04,516.60,330.04,0.65,330.69,12.37,318.32,75.01,63.89,14.52,373.08,100.35,217.97,0.00,75.01,25.34
Federal Bank,500469,FEDERALBNK,INE171A01029,Banks,Private Sector Bank,371.70,298.78,91814.90,19.61,14.36,6.39,11.59,8.66,3.32,1.36,346684.15,39550.15,6.50,15.64,0.00,0.00,27.71,1.66,49.27,-1.12,23.00,-6.45,2.67,5.43,0.00,0.00,11.89,6.12,37.02,5.09,3.74,4156.18,5587.82,3924.17,19583.37,28106.08,23216.91,23505.36,69.68,16.93,7150.84,4644.96,1164.49,5809.45,0.00,5809.45,950.59,64.96,13.29,491.42,1269.83,4539.62,0.00,918.32,323.06
Fervent Synerg.,533896,,INE258M01011,Commercial Services & Supplies,Trading & Distributors,15.02,20.46,75.10,20.63,22.35,7.21,7.22,0.01,225.36,183.50,0.69,7.15,-50.00,11.31,74.75,0.00,0.00,0.00,0.00,0.00,25.25,-77.01,-77.78,-73.63,0.00,0.00,-38.46,133.33,-47.37,0.04,0.08,2.95,2.95,0.00,2.99,32.46,2.95,2.99,9.21,0.67,0.68,0.39,0.00,0.39,0.01,0.38,0.38,57.35,55.88,50.00,0.38,0.00,0.00,0.38,0.00
Fidel Softech,,FIDEL,INE0LQQ01019,IT - Software,Computers - Software & Consulting,140.50,356.51,193.19,14.27,23.39,25.91,25.76,0.77,2.14,22.09,42.87,42.21,108.80,24.79,73.06,0.00,0.01,0.00,0.00,0.00,26.93,-26.73,-20.14,-3.70,21.78,21.78,3.26,7.23,-12.40,2.24,2.64,9.33,12.50,1.03,11.68,55.04,12.54,12.70,21.22,6.79,16.64,4.29,0.66,4.95,0.06,4.89,3.63,25.78,21.81,13.75,4.84,0.05,0.00,3.63,1.21
Filatex India,526227,FILATEX,INE816B01035,Textiles & Apparels,Other Textile Products,76.70,51.89,3406.39,17.71,24.39,16.97,12.96,0.10,1.44,15.64,144.52,1461.83,0.22,34.47,65.47,0.00,4.03,-0.19,2.84,0.06,27.66,22.09,18.55,8.25,2.52,2.52,16.18,7.32,20.65,1.11,0.92,134.55,180.21,20.91,257.70,4252.15,205.24,278.58,6.06,3.03,1049.40,67.88,10.80,78.68,18.91,59.77,40.73,6.47,3.88,44.39,54.89,4.88,0.00,40.73,14.16
Fineotex Chem,533333,FCL,INE045J01034,Chemicals & Petrochemicals,Specialty Chemicals,39.27,42.27,4570.67,37.36,28.94,18.30,13.48,0.01,2.80,144.28,8.20,765.98,91.44,17.35,62.30,0.00,3.16,0.24,1.35,0.08,33.18,10.07,33.01,35.36,28.69,28.69,134.68,73.37,92.61,0.33,0.22,108.21,141.24,24.31,127.22,533.33,142.31,151.53,23.85,0.94,137.07,25.20,9.14,34.34,2.69,31.65,25.03,18.38,18.26,22.92,31.49,0.16,0.00,24.81,6.47
Five-Star Bus.Fi,543663,FIVESTAR,INE128S01021,Finance,Non Banking Financial Company (NBFC),551.40,755.60,16257.37,14.73,21.17,14.79,16.06,1.11,11.15,3.04,8200.43,7350.64,9.84,1.53,18.61,0.00,43.97,-4.51,22.35,4.77,15.07,0.79,-0.94,-1.22,0.00,0.00,-2.39,-1.18,1.92,9.19,9.04,1072.55,1430.59,18.10,2114.86,2847.84,2102.66,2133.04,74.26,36.43,786.68,545.96,4.51,550.47,8.22,542.25,266.31,69.40,33.85,29.44,354.96,187.29,0.00,266.31,88.64
Force Motors,500033,FORCEMOT,INE451A01017,Automobiles,Passenger Cars & Utility Vehicles,18494.00,20099.52,24388.88,22.17,33.61,36.08,29.23,0.00,1.87,417.42,0.00,4181.17,8.44,82.00,61.63,0.00,9.51,-1.42,1.46,-0.29,27.39,-22.24,-23.00,-20.89,2.08,2.08,1.46,28.25,22.81,164.36,133.82,550.46,1238.26,445.74,1098.63,8071.73,875.05,1155.29,13.61,607.71,2297.25,323.07,25.06,348.13,70.29,277.84,176.36,14.06,7.68,13.18,277.71,0.13,0.00,176.33,101.35
Foseco Crucible (India),523160,,INE599F01020,Industrial Products,Electrodes & Refractories,1351.70,555.70,756.95,19.23,37.59,33.24,21.77,0.01,3.26,294.06,1.24,137.36,2.43,54.84,75.00,-1.77,0.16,0.00,0.02,-0.22,24.83,-835.00,26.57,87.04,14.29,14.29,99.12,6.46,78.34,18.37,10.30,27.76,39.33,7.65,40.96,174.19,39.88,48.93,23.51,49.18,42.54,9.13,2.11,11.24,2.77,8.47,5.77,21.46,13.56,2.80,8.43,0.04,0.00,5.77,2.66
Fractal Analyt.,544700,FRACTAL,INE212S01015,IT - Software,Computers - Software & Consulting,803.45,389.77,13812.29,41.59,23.39,12.59,12.17,0.13,3.00,9.00,418.40,3167.70,19.32,69.21,16.97,0.00,40.87,0.39,12.26,-0.99,29.91,-37.56,-38.82,-30.92,20.58,20.58,48.63,115.17,91.78,4.31,10.96,177.63,238.00,77.80,320.20,2765.40,239.60,341.90,11.58,65.85,760.50,80.40,14.40,94.80,30.00,64.80,37.70,10.57,4.96,3.10,53.00,11.80,0.00,37.50,15.30
G G Dandekar,505250,,INE631D01026,Industrial Manufacturing,Industrial Products,66.43,,31.63,351.42,31.54,-0.61,0.81,0.07,13.14,-1.60,3.80,50.83,-16.28,-75.00,60.20,0.00,0.00,0.00,1.98,0.00,37.82,-170.27,110.00,7.41,0.00,0.00,-51.67,-55.00,-106.75,-0.55,8.09,0.06,-1.53,0.54,1.15,3.60,-1.09,1.69,31.94,0.13,1.06,0.60,4.11,0.76,0.67,0.09,3.85,56.60,-5.66,0.48,3.87,0.17,3.95,-0.06,0.04
G M Breweries,507488,GMBREW,INE075D01018,Beverages,Breweries & Distilleries,896.20,1509.23,2047.54,12.14,51.47,17.96,12.52,0.00,1.35,1845.25,0.00,1055.41,21.26,29.82,74.43,0.00,0.61,-0.58,0.00,-0.01,24.97,-30.20,-25.91,-11.39,0.29,0.29,50.32,69.64,45.94,16.52,11.32,127.95,159.97,48.10,117.63,636.57,159.65,164.83,18.48,56.48,162.86,30.90,5.13,36.03,1.20,34.83,25.86,18.97,15.88,22.86,34.56,0.27,0.00,25.86,8.70
G M D C,532181,GMDCLTD,INE131A01031,Minerals & Mining,Industrial Minerals,561.00,586.30,17874.65,31.34,17.89,10.80,8.34,0.04,4.15,57.53,316.51,7009.14,2.25,-14.30,74.00,0.00,3.66,-0.10,0.81,-0.13,21.53,-15.80,11.56,83.92,2.53,2.53,12.95,-38.59,-0.21,5.14,5.15,680.09,894.65,354.71,637.49,2850.84,888.89,984.26,22.36,21.57,732.60,169.14,77.70,246.84,22.00,224.84,163.77,23.09,22.35,63.60,224.33,0.51,0.00,163.77,60.56
Gabriel India,505714,GABRIEL,INE524A01029,Auto Components,Auto Components & Equipments,1527.40,448.56,21967.60,60.98,30.39,25.61,20.20,0.11,1.55,23.40,148.12,1354.38,18.71,23.10,63.55,8.53,6.35,-0.23,12.92,-3.36,17.17,-9.16,-11.27,-6.79,13.10,13.10,5.02,12.67,2.53,7.47,7.33,240.85,324.17,25.80,389.83,4063.38,331.07,412.35,9.59,17.05,1234.36,118.23,43.18,161.41,30.66,130.75,105.46,9.58,8.54,14.36,125.77,4.98,0.00,105.26,20.32
GAIL (India),532155,GAIL,INE129A01019,Gas,Gas Transmission/Marketing,174.30,188.35,114629.26,11.60,14.39,9.68,8.71,0.28,0.85,13.12,24831.49,82474.50,3.52,1.35,51.79,-0.09,15.00,1.96,19.09,-1.41,6.52,215.30,195.43,388.37,5.83,5.83,93.47,-60.38,96.08,7.10,3.60,10605.94,16095.51,5149.38,15493.35,141903.49,14458.83,18258.06,10.92,18.93,35310.68,3668.74,565.74,4234.48,992.72,3241.76,2382.24,10.39,6.75,6575.10,3028.84,212.92,0.00,2369.20,646.60
Gala Global,539228,,INE480S01026,Household Products,Stationary,1.60,,8.73,,23.37,-3.91,-20.59,1.05,3.11,-0.17,32.34,3.64,-43.53,16.24,0.15,0.00,0.00,0.00,0.00,0.00,99.84,-88.76,-48.57,-48.28,0.71,0.71,-91.89,-84.32,-76.33,-0.09,-0.38,-4.94,-4.46,0.57,-1.21,41.78,-1.23,-1.09,-2.90,-0.82,0.01,-1.85,0.00,-1.85,0.06,-1.91,-2.07,-18500.00,-20700.00,27.29,-2.07,0.16,0.00,-2.07,0.00
Gallantt Ispat L,532726,GALLANTT,INE297H01019,Industrial Products,Iron & Steel Products,627.60,193.11,15131.72,34.72,21.73,18.23,15.73,0.17,2.95,13.42,547.69,3074.95,4.13,-3.72,70.03,0.03,0.02,-0.07,0.08,0.00,29.85,0.68,-1.16,0.38,4.00,4.00,-25.02,-25.31,-28.84,5.13,7.20,399.78,568.10,15.62,694.43,4292.73,588.73,708.69,16.18,16.61,1127.78,246.86,6.82,253.68,31.65,222.03,173.79,21.89,15.41,241.28,216.38,5.65,0.00,173.79,42.58
Gamco Ltd,540097,,INE890S01026,Finance,Other Financial Services,49.97,,270.00,,26.72,-9.04,-49.16,2.09,5.16,-0.37,263.49,115.54,395.08,-2653.33,72.02,0.68,0.00,0.00,0.00,0.00,27.99,-168.35,-195.91,-196.12,0.96,0.96,85.57,-293.06,125.21,6.05,2.69,5.16,6.12,0.78,14.62,50.19,15.08,15.40,29.13,0.95,52.06,21.90,0.14,22.04,0.14,21.90,14.52,42.07,27.89,10.81,19.07,2.83,0.00,14.52,4.56
Gandhar Oil Ref.,544029,GANDHAR,INE717W01049,Petroleum Products,Lubricants,231.64,414.09,2258.18,7.49,13.10,13.19,10.46,0.23,2.61,11.13,315.07,1332.80,32.78,299.64,66.60,0.13,1.27,1.13,1.02,0.93,31.10,455.71,360.14,342.68,14.27,14.27,512.10,38.27,689.15,19.65,2.68,80.05,114.23,12.96,176.41,3896.92,163.50,189.40,4.53,8.18,902.96,45.96,2.69,48.65,7.26,41.39,26.09,5.09,2.89,19.58,31.78,9.61,0.00,26.23,5.69
Ganesh Housing,526367,GANESHHOU,INE460C01014,Realty,"Residential, Commercial Projects",778.15,1465.62,6493.59,24.49,28.45,18.78,15.18,0.13,5.50,62.27,304.88,2247.77,-28.55,-54.07,73.06,0.00,0.63,-0.07,0.33,0.01,25.96,-31.62,12.44,53.35,45.56,45.56,-14.16,-44.02,-54.91,5.03,11.16,598.06,801.74,33.72,779.28,958.92,805.58,813.01,81.27,71.72,150.81,127.89,0.15,128.04,1.49,126.55,93.06,84.80,61.71,83.39,125.53,1.02,0.00,93.06,32.47
Ganesh Infra.,,GANESHIN,INE0TVT01024,Construction,Civil Construction,103.75,499.21,443.24,4.86,18.04,18.87,35.06,1.94,1.29,6.30,494.41,233.60,77.14,104.50,57.73,0.00,0.52,0.00,2.78,0.08,38.97,21.46,74.08,101.79,32.65,32.65,189.43,43.43,103.35,6.95,3.42,38.05,53.37,4.28,52.41,538.22,53.68,55.09,9.74,9.37,180.66,20.63,0.65,21.28,0.84,20.44,14.61,11.42,8.09,21.36,19.53,0.91,0.00,14.61,4.91
Ganga Forging,,GANGAFORGE,INE691Z01023,Industrial Products,Castings & Forgings,1.79,,60.32,,29.34,-6.43,-13.25,0.71,1.38,-2.49,20.11,15.02,-17.40,-745.71,35.51,0.00,12.76,12.76,0.00,0.00,51.73,-330.43,-223.81,-770.00,16.22,16.22,-1216.67,66.67,-465.52,0.03,-0.01,0.32,0.87,0.64,2.26,43.22,1.41,2.48,5.23,0.02,7.75,-0.06,0.37,-0.05,0.27,-0.32,-0.29,-0.77,-7.10,13.48,-0.19,0.23,0.36,-0.55,0.09
Ganon Products,512443,,INE162L01017,Commercial Services & Supplies,Trading & Distributors,8.50,7.57,7.93,14.69,22.35,12.33,4.61,0.95,2.41,1.55,11.00,2.22,-30.26,1250.00,0.00,-12.20,0.00,0.00,0.00,0.00,100.01,-78.95,-96.25,-95.92,65.40,65.40,-175.00,-1937.50,100.00,0.04,0.02,0.04,0.06,1.87,-0.91,17.07,0.96,0.96,-5.33,0.04,0.00,-0.08,0.11,0.03,0.00,0.03,0.02,,,9.33,0.02,0.01,0.00,0.02,0.01
Garden Reach Sh.,542011,GRSE,INE382Z01011,Aerospace & Defense,Aerospace & Defense,2582.70,1912.69,29578.53,36.95,67.91,42.96,31.79,0.01,1.23,78.56,37.39,2511.57,39.64,42.86,74.50,0.00,3.21,-0.30,1.93,0.24,20.36,-42.99,-43.09,-58.00,16.26,16.26,33.34,217.50,43.82,15.09,10.49,517.84,703.29,334.84,421.79,5075.69,701.39,743.88,8.31,46.04,1309.87,111.91,72.55,184.46,11.65,172.81,120.18,8.54,9.17,114.55,166.72,6.09,0.00,120.18,46.54
Garment Mantra,539216,,INE653S01028,Textiles & Apparels,Garments & Apparels,1.14,1.08,65.91,13.76,25.21,7.72,5.16,0.27,2.84,3.86,21.77,29.85,122.57,50.16,30.91,0.73,0.20,0.00,0.00,0.00,68.88,-156.82,-173.17,-92.93,7.51,7.51,-138.78,-648.30,12.96,0.05,0.04,2.84,3.91,0.42,7.84,132.41,6.94,8.22,5.92,0.05,37.16,1.47,2.71,2.23,0.33,1.90,2.47,3.96,2.77,29.86,3.35,0.50,1.95,1.03,0.87
GE Shipping Co,500620,GESHIP,INE017A01032,Transport Services,Shipping,1398.40,2184.22,19966.04,5.33,11.63,15.79,15.93,0.06,5.35,35.59,1087.15,16819.72,23.87,126.09,30.08,0.00,31.03,2.59,12.81,-2.44,26.08,25.36,29.96,42.10,10.29,10.29,108.12,46.46,159.43,91.68,35.34,1830.39,2461.69,834.34,2677.01,5322.54,2207.88,3021.11,50.30,164.20,1201.47,642.77,135.41,778.18,197.35,580.83,504.50,53.50,41.99,142.77,535.96,44.87,0.00,504.50,31.46
Geetanjali Cred.,539486,,INE263R01010,Finance,Non Banking Financial Company (NBFC),7.73,4.65,3.42,20.12,21.17,0.63,0.65,0.03,0.94,,0.09,-1.31,,666.67,0.00,0.00,0.00,0.00,0.00,0.00,100.00,150.00,150.00,150.00,37.93,37.93,-1600.00,-700.00,-1600.00,0.34,-0.02,-0.03,-0.03,0.00,-0.03,0.00,-0.03,-0.03,,-0.07,0.00,-0.01,0.00,-0.01,0.00,-0.01,-0.01,,,4.42,-0.01,0.00,0.00,-0.01,0.00
Geojit Fin. Ser.,532285,GEOJITFSL,INE007B01023,Capital Markets,Stockbroking & Allied,77.52,80.30,2165.74,27.85,19.99,9.02,7.32,0.10,1.74,11.11,122.69,1173.26,-5.45,-48.39,38.47,0.00,1.58,-0.29,10.04,0.17,49.89,13.51,6.75,4.58,16.96,16.96,-17.34,-20.96,-30.83,0.71,0.99,167.50,222.69,0.70,285.15,748.62,255.11,285.81,38.09,6.00,144.01,38.41,9.29,47.70,8.42,39.28,28.67,26.67,19.91,27.90,36.64,2.64,0.00,27.69,9.35
GHCL Textiles,543918,GHCLTEXTIL,INE0PA801013,Textiles & Apparels,Other Textile Products,114.36,167.83,1095.24,11.39,24.39,5.75,4.34,0.09,2.73,23.35,134.22,1483.37,27.94,66.75,19.20,0.00,13.24,-0.20,1.09,-3.92,66.47,42.26,47.00,67.81,11.69,11.69,130.40,37.30,191.05,4.12,1.41,55.88,63.29,6.96,110.75,1161.16,66.96,117.61,9.54,5.86,267.75,30.00,2.32,32.32,12.98,19.34,13.52,11.20,5.05,19.12,18.11,1.23,0.00,13.52,4.59
Gillette India,507815,GILLETTE,INE322A01010,Personal Products,Personal Care,7719.00,3049.38,25168.93,37.67,39.68,90.62,66.44,0.00,1.54,75.66,0.02,913.84,7.96,18.59,75.00,0.00,4.33,-0.03,8.76,-0.49,11.91,-17.17,-18.34,-17.85,12.52,12.52,8.34,31.88,9.44,48.93,44.71,418.66,554.15,26.62,600.32,2234.84,564.02,628.30,26.86,128.17,706.72,210.25,6.68,216.93,20.46,196.47,145.69,29.75,20.61,32.59,195.43,1.04,0.00,145.69,49.74
Ginni Filaments,590025,GINNIFILA,INE424C01010,Textiles & Apparels,Other Textile Products,45.86,33.75,396.00,11.23,24.39,21.55,20.67,0.17,2.69,13.62,41.02,149.91,4.90,9.61,69.72,0.00,0.02,-0.15,0.00,0.00,30.25,26.93,16.88,11.17,18.24,18.24,-34.85,-41.40,-14.70,1.06,1.24,4.22,4.42,5.69,24.40,373.78,14.42,30.11,6.53,0.49,101.54,22.61,-9.18,23.03,2.22,20.81,10.61,22.27,18.77,85.65,9.77,1.44,-9.60,19.06,-0.84
GKW,,GKWLIMITED,INE528A01020,Finance,Investment Company,1660.20,,991.14,,36.02,0.47,-0.11,0.00,1.01,1.08,0.38,2614.20,-13.89,22.83,75.00,0.00,3.10,0.00,1.02,0.00,20.88,-292.16,-490.51,-298.41,0.00,0.00,-0.24,-150.28,-21.94,17.97,23.02,-22.51,-12.32,3.85,-10.01,32.78,-11.90,-8.85,-30.54,-30.78,14.56,12.53,6.88,19.41,0.92,18.49,13.81,86.06,94.85,5.97,16.55,1.94,0.00,13.81,2.74
Glaxosmi. Pharma,500660,GLAXO,INE159A01016,Pharmaceuticals & Biotechnology,Pharmaceuticals,2662.30,699.71,45134.11,42.86,33.57,61.41,45.61,0.01,1.25,436.63,33.27,2098.01,5.75,11.20,75.00,0.00,4.79,0.17,7.81,0.13,12.42,-14.64,-13.46,-15.80,6.91,6.91,17.64,39.70,15.69,14.00,12.10,873.96,1259.88,149.11,1178.87,3749.21,1188.36,1255.15,31.44,54.75,805.17,251.20,43.72,294.92,15.52,279.40,205.01,31.20,25.46,169.41,278.98,0.42,0.00,205.01,73.97
Glenmark Pharma.,532296,GLENMARK,INE935A01035,Pharmaceuticals & Biotechnology,Pharmaceuticals,2230.00,1035.85,62947.69,20.17,33.57,39.77,30.49,0.06,1.77,22.89,593.53,10483.89,32.94,134.15,46.65,0.00,20.89,0.54,18.60,-0.68,13.81,60.24,-13.24,5.53,27.98,27.98,38.63,31.36,927.93,17.11,1.66,1318.03,1399.21,-259.10,2351.39,13321.74,1979.10,2465.11,17.65,37.11,3264.44,580.52,-296.79,606.96,129.93,477.03,46.97,17.78,7.99,28.22,95.57,58.23,-323.23,260.33,48.60
Global Health,543654,MEDANTA,INE474Q01031,Healthcare Services,Hospital,1444.90,458.41,38772.05,67.72,48.63,17.14,15.17,0.30,2.67,9.05,1190.05,3907.83,21.27,0.40,33.00,-0.01,9.46,-0.69,16.89,2.13,40.55,11.01,12.13,17.64,8.78,8.78,16.29,-1.14,-1.09,5.90,5.92,518.43,647.26,29.20,886.16,3692.32,771.29,965.04,24.00,17.92,1030.84,246.58,20.46,267.04,45.11,221.93,158.98,23.92,15.42,53.75,208.14,13.79,0.00,159.01,49.16
Globus Spirits,533104,GLOBUSSPR,INE615I01010,Beverages,Breweries & Distilleries,900.85,384.17,2623.27,26.09,51.47,11.45,8.81,0.48,1.01,3.28,527.42,1062.30,7.88,296.57,50.56,-0.03,7.46,-0.06,10.56,-0.37,31.41,25.44,14.74,16.39,11.48,11.48,35.11,16.08,49.69,9.14,6.16,23.33,33.24,9.72,151.85,2537.14,79.96,161.57,5.99,8.05,699.83,57.39,2.32,59.71,21.62,38.09,17.69,8.20,2.53,28.97,23.46,14.63,0.00,17.84,5.33
GNA Axles,540124,GNA,INE934S01014,Auto Components,Auto Components & Equipments,537.20,344.56,2308.40,17.46,30.39,14.33,12.24,0.22,2.37,14.41,218.08,961.18,8.11,29.22,65.78,-2.65,1.70,0.43,11.59,0.59,20.94,24.17,41.93,26.05,38.07,38.07,44.27,14.46,66.46,8.91,5.36,106.44,144.24,2.61,210.59,1539.74,155.58,212.68,13.68,24.94,344.21,50.08,1.24,51.32,16.25,35.07,22.99,14.55,6.68,42.93,31.37,3.70,0.00,22.99,8.38
GNG Electronics,544455,EBGNG,INE18JU01028,IT - Hardware,Computers Hardware & Equipments,535.20,330.28,6066.90,42.60,26.58,20.30,26.83,0.57,2.51,4.53,433.14,734.99,35.64,88.87,74.78,-3.93,5.27,2.49,6.82,1.62,13.13,-31.36,-18.33,-22.07,10.39,10.39,52.75,96.01,56.21,2.54,1.91,68.83,78.34,9.26,116.88,1411.11,116.69,126.14,8.28,7.09,312.28,32.32,2.85,35.17,2.04,33.13,18.52,10.35,5.93,19.43,22.47,10.66,0.00,18.52,3.95
Go Digit General,544179,GODIGIT,INE03JT01014,Insurance,General Insurance,262.75,,24298.73,49.35,39.49,13.10,12.17,,,,0.00,0.00,7.32,6.60,73.00,-0.01,8.23,0.22,15.01,0.39,3.77,-42.18,-33.08,-138.49,0.00,0.00,-28.18,-286.57,-37.55,0.93,1.50,425.59,424.94,325.33,119.92,9369.57,425.59,445.90,1.28,4.60,2235.97,159.42,1.24,160.66,0.00,160.66,138.33,7.13,6.19,923.28,160.66,0.00,0.00,138.33,22.33
Go Fashion (I),543401,GOCOLORS,INE0BJS01011,Retailing,Speciality Retail,323.80,226.48,1697.35,31.78,49.88,10.58,8.53,0.77,3.42,2.43,532.49,637.70,-1.51,-38.68,55.45,1.25,3.50,-0.91,25.88,-2.55,15.18,107.42,49.70,22.76,12.61,12.61,-11.31,-27.75,-25.92,3.14,4.12,93.17,123.31,24.99,271.01,848.17,171.83,295.52,31.95,17.31,222.83,68.71,5.22,73.93,32.27,41.66,22.26,30.84,9.99,54.01,29.68,11.98,0.00,22.26,7.43
Goa Carbon,509567,GOACARBON,INE426D01013,Minerals & Mining,Industrial Minerals,382.70,,350.26,,17.89,-4.48,-24.97,0.99,1.62,-0.52,167.40,159.48,-2.94,-42.20,59.72,0.00,0.00,-0.03,0.02,0.00,40.26,-246.55,-107.37,-146.81,22.91,22.91,-43.52,-220.67,-17.23,-7.19,-8.69,-24.00,-28.40,11.36,-18.79,508.47,-12.31,-9.40,-3.70,-24.07,199.25,-7.79,1.72,-6.07,0.77,-6.84,-7.95,-3.91,-3.99,9.15,-11.78,4.94,0.00,-7.95,-3.83
Godfrey Phillips,500163,GODFRYPHLP,INE260B01028,Cigarettes & Tobacco Products,Cigarettes & Tobacco Products,2247.00,1465.68,35031.04,25.62,11.98,30.25,23.38,0.04,2.13,153.49,233.68,6181.24,1.69,11.70,72.58,0.00,7.80,-0.11,3.66,0.38,15.93,-61.95,-62.22,-67.18,14.85,14.85,-46.25,63.74,-44.32,12.72,22.84,868.72,1390.47,349.01,1177.42,5611.02,1317.88,1441.52,20.98,68.72,1486.20,337.57,141.41,478.98,28.09,450.89,356.28,22.71,23.97,10.40,447.99,2.90,0.00,356.31,91.71
Gokul Agro,539725,GOKULAGRO,INE314T01033,Agricultural Food & other Products,Edible Oil,231.58,307.68,6840.00,16.27,19.67,36.73,30.05,0.41,1.23,4.10,589.11,1393.30,21.05,59.07,74.24,0.00,1.87,0.36,0.11,0.02,23.78,3.13,4.50,4.60,2.42,2.42,52.51,45.80,71.26,4.16,2.43,245.56,325.20,34.03,528.21,19550.75,507.75,562.21,2.70,8.32,4924.35,133.72,8.91,142.63,12.99,129.64,71.61,2.72,1.45,29.51,89.60,40.04,0.00,71.61,17.91
Goldcoin Health,538542,,INE634J01027,Food Products,Packaged Foods,31.52,,4.73,,46.04,-2.23,-5.03,0.46,3.59,,0.45,-0.53,12.50,-142.86,39.31,0.00,0.00,0.00,0.00,0.00,60.69,800.00,800.00,125.00,955.56,955.56,28.57,-42.86,-325.00,-0.60,0.13,-0.12,-0.12,0.02,-0.14,0.07,-0.12,-0.12,-200.00,-0.40,0.02,-0.07,0.12,0.05,0.00,0.05,0.04,-350.00,200.00,3.00,0.05,0.00,0.00,0.04,0.02
Golden Crest,540062,,INE222U01010,Other Consumer Services,Education,325.00,19.80,170.46,710.26,21.81,2.20,1.65,0.00,54.50,,0.00,5.74,26.47,14.29,58.17,0.00,0.00,0.00,0.00,0.00,41.82,-83.33,-84.62,-91.67,72.09,72.09,0.00,1100.00,0.00,0.04,0.04,0.16,0.22,0.08,0.15,0.33,0.22,0.23,45.45,0.31,0.09,0.01,0.01,0.02,0.00,0.02,0.02,11.11,22.22,5.25,0.02,0.00,0.00,0.02,0.00
Golden Legand Ls,509024,,INE088E01019,Finance,Non Banking Financial Company (NBFC),8.47,147.40,12.60,2.12,21.17,91.63,37.62,0.03,0.61,2.19,1.43,28.41,267.48,177.57,0.00,0.00,0.00,0.00,0.00,0.00,100.00,-79.17,-69.43,-55.18,0.76,0.76,-81.55,-58.82,-88.80,0.37,3.30,-2.20,-2.62,0.00,0.32,9.34,-2.16,0.32,3.43,-1.48,35.95,8.67,0.00,8.67,0.61,8.06,4.91,24.12,13.66,14.87,6.86,1.20,0.00,4.91,1.94
Gothi Plascon,531111,,INE538G01018,Consumer Durables,Houseware,38.90,25.17,39.68,18.54,28.41,21.10,16.37,0.13,4.24,16.78,1.43,0.74,24.76,40.79,73.39,0.00,0.00,0.00,0.00,0.00,26.61,-950.00,10.77,12.00,0.57,0.57,64.71,47.06,88.89,0.67,0.35,1.62,2.24,0.04,2.71,4.37,2.37,2.73,62.01,1.60,0.92,0.51,0.00,0.51,0.10,0.41,0.36,55.43,39.13,10.20,0.36,0.05,0.00,0.36,0.00
Gowra Leasing,530709,,INE225G01012,Finance,Non Banking Financial Company (NBFC),96.90,328.69,75.07,10.16,21.17,14.62,11.51,0.26,0.11,5.33,17.79,59.65,77.68,42.39,60.18,0.00,0.00,0.00,0.00,0.00,39.81,48.45,51.05,36.30,0.00,0.00,53.33,12.50,123.26,3.72,2.37,4.29,5.85,0.04,6.62,7.64,6.66,6.66,86.65,7.87,2.62,2.40,0.01,2.41,0.00,2.41,1.29,91.60,49.24,5.45,1.73,0.68,0.00,1.29,0.44
GP Petroleums,532543,GULFPETRO,INE586G01017,Petroleum Products,Lubricants,52.45,79.28,267.63,6.15,13.10,10.90,8.44,0.07,4.69,33.20,23.30,329.52,18.71,63.73,37.05,0.00,0.37,-0.13,0.00,0.00,61.22,127.12,107.54,126.66,20.25,20.25,199.58,32.17,229.04,4.16,1.26,26.50,35.47,2.36,39.06,609.27,36.92,41.66,6.41,5.16,158.19,9.48,0.59,10.07,1.15,8.92,6.44,5.99,4.07,25.49,8.56,0.36,0.00,6.44,2.13
GPT Healthcare,544131,GPTHEALTH,INE486R01017,Healthcare Services,Hospital,163.94,98.54,1345.91,28.47,48.63,19.94,16.66,0.34,0.58,7.95,91.18,187.37,18.07,-0.78,65.57,0.00,3.03,0.22,6.94,0.10,24.46,-12.63,7.15,3.51,4.12,4.12,39.21,34.48,65.76,1.55,0.94,49.46,69.35,8.49,83.36,407.09,72.46,91.49,20.48,6.08,107.11,17.37,1.56,18.93,6.18,12.75,7.68,16.22,7.17,82.05,11.12,1.63,0.00,7.68,3.43
GPT Infraproject,533761,GPTINFRA,INE390G01014,Construction,Civil Construction,114.02,147.02,1438.02,14.61,18.04,21.40,17.32,0.49,1.56,4.54,294.03,476.44,1.62,13.47,69.37,0.00,2.96,0.24,7.03,0.00,20.65,-18.27,-18.46,-19.77,10.05,10.05,28.39,60.02,-2.52,1.95,1.86,80.88,97.37,5.07,135.76,1188.07,124.41,141.99,11.43,6.34,312.63,37.02,8.90,45.92,6.98,38.94,24.97,11.84,7.99,126.36,33.35,5.59,0.00,23.48,8.25
Gradiente Info.,,GRADIENTE,INE361K01017,Media,Advertising & Media Agencies,2.78,126.66,6.26,1.47,17.34,1.30,0.95,0.03,9.39,197.67,10.25,-17.44,227.77,2611.76,20.99,,0.00,,0.00,,79.01,1230.00,439.39,317.78,107.81,107.81,1466.67,275.00,13200.00,0.59,0.00,0.71,0.97,0.01,1.38,21.28,1.02,1.39,6.48,0.32,0.78,0.12,0.00,0.12,0.09,0.03,0.01,15.38,1.28,332.40,0.02,0.01,0.00,0.01,0.00
Grand Foundry,513343,GFSTEELS,INE534A01028,Industrial Products,Iron & Steel Products,14.29,,43.49,17.82,21.73,116.54,,,1.11,5.14,6.79,-17.63,,493.55,70.18,0.00,0.00,0.00,0.03,0.00,29.81,137.08,108.33,105.56,41.15,41.15,-4540.00,-2260.00,-1506.67,0.69,-0.05,-0.68,-0.68,0.02,-0.31,0.00,-0.29,-0.29,,-0.22,0.00,-0.05,0.00,-0.05,0.00,-0.05,-0.15,,,12.17,-0.15,0.10,0.00,-0.15,0.00
Granules India,532482,GRANULES,INE101D01020,Pharmaceuticals & Biotechnology,Pharmaceuticals,843.20,529.39,20909.45,32.16,33.57,15.51,13.75,0.30,1.80,8.74,1512.04,5060.22,24.83,36.17,38.01,-0.01,17.50,2.19,16.11,-0.90,28.36,-10.72,-6.31,-3.75,16.15,16.15,37.37,42.72,59.77,7.26,4.64,465.41,660.17,41.19,947.72,4481.61,735.13,960.63,21.15,20.68,1210.10,246.71,-9.56,263.06,68.85,194.21,112.64,20.39,10.89,24.26,144.52,23.78,-25.91,131.72,31.88
Gravita India,533282,GRAVITA,INE024L01027,Minerals & Mining,Industrial Minerals,1663.90,1380.89,12276.43,31.32,17.89,17.02,16.76,0.30,2.91,16.35,735.90,2436.87,17.48,15.85,55.88,0.00,12.86,-1.08,5.52,0.37,24.44,15.86,29.41,-2.49,9.17,9.17,9.02,11.81,14.30,14.41,12.64,307.70,363.46,110.73,328.25,3868.77,404.38,433.47,8.48,42.32,1039.94,100.63,30.06,130.69,8.71,121.98,93.06,9.68,8.95,14.76,115.93,6.05,0.00,93.26,22.87
Greenply Industr,526797,GREENPLY,INE461C01038,Consumer Durables,Plywood Boards/ Laminates,287.40,141.74,3584.65,32.09,37.58,14.33,11.82,0.58,1.29,4.56,514.88,882.34,14.32,33.78,51.93,0.03,4.44,0.25,31.42,-0.41,12.22,21.28,-21.36,-16.24,14.22,14.22,38.31,65.14,32.15,3.00,2.28,90.99,117.00,16.49,203.74,2487.58,159.60,219.74,8.19,7.34,600.81,52.46,17.60,65.63,15.37,50.26,28.46,8.73,4.16,12.49,36.18,18.51,4.43,24.93,7.72
Gretex Corporate,543324,GCSL,INE199P01028,Capital Markets,Other Capital Market related Services,508.75,586.74,1233.72,45.27,28.34,16.67,12.71,0.09,5.74,27.87,14.86,145.60,-19.55,1023.73,61.64,0.00,1.99,0.89,0.00,-0.41,36.36,78.03,95.21,76.42,5.18,5.18,895.93,464.53,1233.33,3.86,0.34,1.30,5.04,3.53,4.73,262.19,5.62,8.26,1.80,0.58,21.98,1.72,0.68,2.40,0.66,1.74,0.96,7.83,4.37,22.64,1.50,0.24,0.00,0.77,0.55
Grindwell Norton,506076,GRINDWELL,INE536A01023,Industrial Products,Abrasives & Bearings,2087.80,614.07,23119.93,52.99,70.86,21.18,16.17,0.02,1.92,79.97,60.71,2479.39,12.94,17.92,58.04,0.00,5.21,-0.35,19.59,0.41,17.17,-3.38,-2.51,-4.37,12.50,12.50,20.88,26.40,22.10,10.43,8.53,345.62,491.96,79.22,514.74,2811.59,470.49,563.14,18.31,33.30,703.46,129.89,24.06,153.95,25.91,128.04,94.44,18.46,13.43,55.36,125.88,2.16,0.00,94.45,31.43
Grovy India,539522,,INE343C01012,Realty,"Residential, Commercial Projects",52.21,46.54,69.63,18.77,28.45,10.16,13.34,1.08,1.52,5.71,24.97,9.72,61.83,18.15,73.00,0.00,0.00,0.00,0.00,0.00,26.99,113.48,81.58,332.26,1.96,1.96,83.56,-57.53,72.73,1.42,0.82,1.79,2.40,0.94,2.00,25.42,2.87,2.94,7.87,1.34,8.25,1.46,0.04,1.50,0.01,1.49,1.10,17.70,13.33,13.34,1.47,0.02,0.00,1.10,0.38
GRP,509152,GRPLTD,INE137I01015,Industrial Products,Rubber,2028.70,343.10,1084.87,158.38,23.36,6.94,2.48,1.16,1.14,1.95,207.50,173.03,3.73,-75.61,40.05,-0.01,0.02,-0.03,0.00,0.00,59.93,-413.43,177.98,89.25,19.26,19.26,70.19,-10.07,140.00,7.88,3.28,31.25,42.93,0.53,68.89,550.46,54.17,70.19,12.51,57.56,123.75,9.93,0.93,10.86,4.25,6.61,1.75,8.02,1.41,5.33,3.22,3.39,0.00,1.75,1.47
GSL Securities,530469,,INE721D01017,Finance,Non Banking Financial Company (NBFC),42.99,,18.38,,21.17,-3.98,-3.98,0.00,25.82,,0.00,5.48,400.00,-100.00,44.64,0.00,0.00,0.00,0.00,0.00,55.37,-188.89,-188.89,-188.89,0.00,0.00,14.29,-228.57,14.29,-0.19,-0.22,-0.16,-0.24,0.00,-0.24,0.02,-0.24,-0.24,-1200.00,-0.49,0.01,-0.07,0.00,-0.07,0.00,-0.07,-0.07,-700.00,-700.00,3.25,-0.07,0.00,0.00,-0.07,0.00
GSM Foils,,GSMFOILS,INE0SQY01018,Industrial Products,Packaging,172.35,669.56,242.89,10.28,21.77,35.36,37.54,0.60,1.65,9.18,44.39,60.37,83.88,95.37,54.38,-12.16,0.00,0.00,2.46,0.64,43.16,21.34,21.60,22.06,31.12,31.12,97.77,62.03,98.96,5.41,2.72,9.65,13.63,0.02,15.21,133.80,14.95,15.23,11.37,6.84,52.00,5.82,0.06,5.88,0.10,5.78,3.83,11.19,7.37,12.81,5.40,0.38,0.00,3.83,1.57
GTPL Hathway,540602,GTPL,INE869I01013,Entertainment,TV Broadcasting & Software Production,59.95,36.57,673.76,84.43,26.60,3.37,1.39,0.44,0.50,1.23,502.05,1033.86,8.29,-81.97,75.00,0.00,7.18,-0.19,0.00,0.00,17.81,-109.83,-239.91,30.13,14.24,14.24,-2.06,-24.73,-81.28,0.21,0.94,47.98,64.13,30.06,432.49,3477.20,93.90,462.67,12.44,4.26,903.70,106.86,5.42,112.28,91.41,20.87,7.32,11.82,0.81,112.46,12.23,8.64,0.00,10.56,4.90
Guj. Ambuja Exp,524226,GAEL,INE036B01030,Agricultural Food & other Products,Other Agricultural Products,180.68,107.64,8287.74,19.78,19.09,12.51,9.76,0.13,3.19,23.78,441.00,3249.12,25.31,76.32,63.84,0.00,3.02,0.84,0.65,-0.17,32.50,30.63,27.52,19.01,7.23,7.23,140.92,102.44,171.87,3.85,1.42,247.78,340.94,82.32,401.13,4612.58,355.56,481.33,8.70,5.44,1291.23,96.27,30.36,126.63,35.49,91.14,65.02,7.46,5.04,45.87,85.67,5.47,0.00,65.02,20.65
Guj. Containers,513507,,INE276I01011,Industrial Products,Packaging,170.05,202.40,96.08,10.15,21.77,16.32,13.56,0.07,4.65,14.52,4.30,52.01,7.16,26.77,59.66,0.00,0.00,0.00,0.00,0.00,40.33,60.68,56.72,50.92,19.04,19.04,84.52,22.26,125.15,6.65,2.96,8.26,11.20,0.06,14.84,151.95,13.01,14.89,9.77,14.64,35.38,3.10,0.02,3.12,0.50,2.62,1.67,8.76,4.72,5.65,2.22,0.40,0.00,1.67,0.55
Guj. Inject(Ker),524238,,INE659F01022,Pharmaceuticals & Biotechnology,Pharmaceuticals,9.55,5.18,139.90,46.63,33.57,22.89,16.58,0.00,0.47,,0.00,-2.81,151.68,212.50,0.00,0.00,0.00,0.00,0.00,0.00,100.00,-23.78,-25.55,-25.55,13.70,13.70,1590.00,2170.00,1685.71,0.09,0.00,1.02,1.25,0.18,1.07,19.05,1.25,1.25,5.62,0.07,2.42,0.10,0.00,0.10,0.00,0.10,0.07,4.13,2.89,14.63,0.10,0.00,0.00,0.07,0.02
Guj. Lease Fin.,500174,GLFL,INE540A01017,Finance,Other Financial Services,5.85,,15.71,523.71,26.72,0.84,,,13.54,,10.00,-31.20,2.38,-50.00,45.67,0.00,0.00,0.00,0.01,0.00,54.32,-233.33,-233.33,260.00,,,12.50,-68.75,33.33,-0.03,-0.02,0.06,0.06,0.00,0.06,0.42,0.06,0.06,14.29,0.02,0.00,-0.16,0.10,-0.06,0.00,-0.06,-0.06,,,27.13,-0.06,0.00,0.00,-0.06,0.00
Gujarat Alkalies,530001,GUJALKALI,INE186A01019,Chemicals & Petrochemicals,Commodity Chemicals,697.25,258.98,5106.53,76.96,21.02,1.40,-0.04,0.11,1.19,3.19,575.22,5117.45,7.07,293.05,47.28,0.00,3.26,2.32,3.02,-0.70,46.44,267.02,314.47,101.73,9.05,9.05,133.22,15.61,-498.98,7.49,-1.88,-66.36,-71.21,92.14,279.48,4072.91,-21.91,370.38,6.86,-8.87,1105.12,95.05,8.47,103.52,101.87,1.65,-13.78,8.60,-1.25,73.44,-12.02,13.67,0.00,-13.78,1.76
Gujarat Cotex,514386,,INE004C01028,Textiles & Apparels,Other Textile Products,2.74,,26.01,,24.39,2.54,1.47,0.06,1.15,-0.50,0.42,-0.41,59.46,-132.56,1.72,-9.74,0.00,0.00,0.00,0.00,98.27,-122.22,-126.15,-127.42,26.30,26.30,-57.50,-255.00,-60.98,0.02,0.04,0.26,0.30,-0.04,0.42,27.31,0.36,0.42,1.54,0.02,4.88,0.40,0.02,0.42,0.00,0.42,0.41,8.20,8.40,7.12,0.41,0.01,0.00,0.41,0.00
Gujarat Hotels,507960,,INE621C01011,Leisure Services,Hotels & Resorts,183.05,314.89,69.37,12.13,28.87,14.07,11.15,0.00,47.82,,0.00,49.22,12.50,5.15,53.70,0.00,0.00,0.00,0.00,0.00,46.29,-6.37,-9.36,-44.59,45.28,45.28,18.84,114.49,5.00,3.88,3.70,5.30,6.94,3.34,3.65,4.10,6.94,6.99,89.02,13.99,0.81,0.69,1.06,1.75,0.01,1.74,1.40,85.19,172.84,3.79,1.74,0.00,0.00,1.40,0.33
Gujarat Intrux,517372,,INE877E01015,Industrial Products,Castings & Forgings,425.50,507.69,146.17,13.92,29.34,21.27,15.56,0.00,11.49,357.75,0.00,62.39,11.18,5.63,58.48,-0.12,0.00,0.00,0.00,0.00,41.52,8.08,-9.06,-12.78,25.96,25.96,13.75,30.42,9.74,6.23,5.68,10.66,14.05,1.51,13.93,65.31,14.19,15.54,21.33,30.83,13.03,2.40,0.52,2.92,0.33,2.59,1.95,18.42,14.97,3.44,2.58,0.01,0.00,1.95,0.63
Gujarat Poly,517288,,INE541F01022,Electrical Equipment,Other Electrical Equipment,72.25,217.62,61.77,2.39,30.76,4.39,-24.89,0.01,6.21,749.25,0.34,30.72,0.85,480.49,52.09,0.00,0.00,0.00,0.02,0.00,47.88,483.33,174.36,-1400.00,20.27,20.27,30.00,-110.00,-75.27,0.82,3.31,2.12,2.52,0.85,1.92,17.79,2.55,2.76,10.79,2.50,4.67,0.50,2.57,3.07,0.05,3.02,2.83,10.71,60.60,8.55,3.01,0.01,0.00,2.83,0.18
Gulf Oil Lubric.,538567,GULFOILLUB,INE635Q01029,Petroleum Products,Lubricants,1115.10,1207.97,5520.26,13.89,13.10,27.46,24.29,0.33,1.84,10.56,511.07,1550.81,17.72,7.13,66.85,-0.16,7.78,-1.13,8.70,0.53,16.32,41.66,25.43,26.12,11.88,11.88,34.60,6.72,31.93,25.75,19.60,351.24,485.74,96.16,470.07,3554.36,505.45,551.34,13.23,73.47,996.36,126.57,22.21,148.78,13.54,135.24,96.66,12.70,9.70,9.86,129.71,5.53,0.00,96.66,33.06
Gyan Developers,530141,,INE487G01018,Realty,"Residential, Commercial Projects",55.15,,16.54,,28.45,-0.84,0.00,0.00,391.00,,0.00,1.76,-100.00,-113.85,64.87,0.01,0.00,0.00,0.00,0.00,35.13,50.00,50.00,20.00,,,500.00,400.00,500.00,-0.20,-0.03,0.96,1.37,0.00,1.38,3.52,1.37,1.38,39.20,3.20,0.09,-0.01,0.00,-0.01,0.00,-0.01,-0.01,-11.11,-11.11,3.00,-0.01,0.00,0.00,-0.01,0.00
H P C L,500104,HINDPETRO,INE094A01015,Petroleum Products,Refineries & Marketing,395.00,166.96,84092.14,50.32,10.14,22.24,30.94,0.85,0.61,0.98,55964.43,63427.91,9.40,-83.64,54.90,0.00,13.58,-3.68,22.85,3.27,8.65,-302.21,-300.27,-275.04,1.57,1.57,-316.10,23.46,-398.34,-57.64,19.32,6747.59,8999.88,2071.72,16447.74,434106.17,12381.49,18535.59,3.79,31.66,110825.33,7460.67,507.35,7968.02,1604.29,6363.73,4110.93,6.73,3.71,2127.82,5546.62,817.11,0.00,4110.93,1435.69
H U D C O,540530,HUDCO,INE031A01017,Finance,Financial Institution,199.38,204.59,39913.88,9.38,17.42,8.41,20.05,6.45,1.10,1.36,141677.01,19973.56,25.95,52.98,75.00,0.00,2.40,0.18,10.09,-0.94,12.49,-57.04,19.53,21.26,0.01,0.01,27.59,5.22,35.05,4.25,3.15,2708.49,3636.66,3.75,10391.00,10344.63,10383.59,10394.23,100.45,13.53,2937.31,2828.32,8.16,2836.48,2.94,2833.54,630.23,96.29,21.46,2001.90,857.23,1976.31,0.00,630.23,227.00
Haldyn Glass,515147,HALDYNGL,INE506D01020,Industrial Products,Packaging,126.26,112.41,686.66,22.13,21.77,13.51,11.65,0.49,1.01,4.17,115.81,228.88,18.93,62.38,59.14,0.13,0.00,0.00,2.03,0.23,38.84,40.36,31.67,38.27,14.95,14.95,31.82,-4.67,90.00,1.91,1.00,18.43,22.93,12.96,54.71,381.60,38.44,67.20,14.34,3.50,115.02,16.72,1.40,18.12,7.60,10.52,5.40,14.54,4.69,5.38,6.90,3.62,0.00,5.40,1.51
Happiest Minds,543227,HAPPSTMNDS,INE419U01012,IT - Software,Computers - Software & Consulting,384.00,426.88,5852.01,24.94,23.39,13.32,13.84,0.88,1.12,4.13,1494.19,1659.44,11.50,18.38,44.21,0.00,6.00,0.06,5.66,-3.33,42.89,10.51,19.08,13.51,16.30,16.30,25.08,10.19,18.33,4.44,3.75,192.67,255.46,89.22,354.42,2060.84,366.91,455.61,17.20,12.13,549.90,94.02,30.03,124.05,22.36,101.69,57.13,17.10,10.39,30.03,76.87,24.82,0.00,57.13,19.74
Harmony Capital,530055,,INE264N01017,Commercial Services & Supplies,Diversified Commercial Services,97.84,7.61,118.65,70.21,19.78,32.18,31.03,0.00,6.76,,0.00,-2.00,,438.00,59.37,2.73,0.00,0.00,0.00,0.00,40.63,294.29,294.29,-2860.00,0.00,0.00,-13900.00,400.00,-13900.00,1.14,-0.03,-0.60,-0.60,0.00,-0.60,0.00,-0.60,-0.60,,-2.00,0.00,-0.01,0.00,-0.01,0.00,-0.01,-0.01,,,3.00,-0.01,0.00,0.00,-0.01,0.00
Hathway Bhawani,509073,,INE525B01016,Entertainment,TV Broadcasting & Software Production,11.40,,9.24,,26.60,-9.33,-9.91,0.00,0.62,,0.00,-6.47,-8.17,-141.67,65.23,0.00,0.00,0.00,0.43,0.00,34.34,-166.67,-166.67,-142.86,2.54,2.54,100.00,-566.67,-1300.00,0.15,-0.01,0.03,0.06,0.18,0.04,2.57,0.05,0.21,1.56,0.05,0.61,0.03,0.01,0.04,0.04,0.00,-0.01,4.92,-1.64,8.10,0.00,0.00,0.00,-0.01,0.01
Hathway Cable,533162,HATHWAY,INE982F01036,Entertainment,TV Broadcasting & Software Production,11.05,9.30,1954.15,25.78,26.60,2.62,1.90,0.00,1.65,119.31,9.45,4111.08,5.64,-28.34,75.00,0.00,0.37,-0.27,0.00,0.00,24.62,118.31,90.05,6.69,11.60,11.60,-13.94,-19.34,-20.85,0.14,0.18,96.15,124.98,117.62,345.39,2039.65,131.91,467.92,16.93,0.52,530.50,87.61,37.73,125.34,84.80,40.54,31.03,16.51,5.85,354.02,40.28,0.26,0.00,31.03,9.25
Hatsun Agro,531531,HATSUN,INE473B01035,Food Products,Dairy Products,884.80,222.74,19685.42,53.88,29.83,15.28,19.42,0.95,0.52,4.50,1838.25,1922.24,17.54,23.28,73.17,0.00,3.13,0.00,10.25,-0.01,13.46,162.70,119.81,49.05,0.05,0.05,-5.29,-36.46,-9.72,6.00,6.65,281.02,386.15,19.47,1013.66,8667.24,561.69,1026.99,11.70,12.81,2534.91,370.29,3.31,373.60,128.98,244.62,148.08,14.61,5.84,22.28,201.31,43.31,0.00,148.08,53.23
Havells India,517354,HAVELLS,INE176B01034,Consumer Durables,Consumer Electronics,1285.00,559.69,80619.29,48.38,41.29,24.90,19.03,0.03,1.71,62.50,265.20,9392.74,10.10,18.01,59.35,-0.03,15.91,-1.02,18.04,0.54,6.47,-59.95,-56.90,-36.09,3.35,3.35,-9.60,41.45,-16.64,4.63,5.55,1483.41,1990.49,288.17,2174.73,21778.06,2077.60,2478.00,9.99,23.48,5455.35,515.67,69.18,584.85,105.74,479.11,347.53,9.45,6.37,62.72,469.75,9.36,0.00,347.72,122.22
Hawa Engineers,539176,,INE230I01018,Industrial Manufacturing,Industrial Products,81.08,138.18,28.59,11.72,31.54,16.16,12.55,0.97,1.72,1.80,21.79,18.87,-4.29,14.55,58.16,0.00,0.00,0.00,0.00,0.00,41.84,14.04,3.01,11.32,22.39,22.39,14.94,3.25,35.42,1.84,1.36,1.60,2.36,0.52,5.72,120.91,5.34,6.24,4.73,4.54,24.52,1.54,0.13,1.67,0.23,1.44,0.48,6.28,1.96,3.53,0.63,0.81,0.00,0.48,0.16
Hawkins Cookers,508486,HAWKINCOOK,INE979B01015,Consumer Durables,Houseware,8496.50,4015.81,4517.82,33.31,28.41,40.89,31.67,0.07,2.53,50.76,29.39,439.96,18.16,17.37,56.03,0.00,2.74,0.00,16.03,0.21,25.18,-23.63,-23.11,-22.58,4.33,4.33,22.12,57.73,17.12,57.45,49.06,114.69,154.87,13.53,154.53,1115.76,157.77,168.06,13.85,216.90,239.08,34.99,3.57,38.56,2.93,35.63,25.94,14.64,10.85,5.29,34.88,0.75,0.00,25.94,8.94
HB Estate Devel.,532334,HBESD,INE640B01021,Realty,"Residential, Commercial Projects",75.00,98.37,159.51,12.40,28.45,7.53,6.36,1.33,0.89,2.28,257.91,170.38,4.40,25.22,67.75,0.33,0.00,0.00,0.01,0.00,32.23,-56.62,-37.93,-31.40,5.38,5.38,13.91,66.06,305.26,0.67,0.18,10.79,16.00,2.36,43.07,116.49,37.83,45.44,36.97,5.03,23.76,6.54,0.40,6.94,1.97,4.97,0.38,27.53,1.60,21.73,0.54,4.43,0.00,0.38,0.15
HB Stockholdings,532216,HBSL,INE550B01022,Finance,Non Banking Financial Company (NBFC),50.50,,36.26,,21.17,-11.88,-12.84,0.14,5.37,-8.68,10.87,70.85,-3.62,6.18,53.22,0.00,0.00,0.00,0.00,0.00,46.77,-179.98,-178.26,-178.57,0.00,0.00,0.11,-227.41,6.57,11.14,10.45,-12.01,-10.22,0.00,-9.24,1.55,-9.62,-9.24,-596.13,-16.83,10.10,9.01,0.00,9.01,0.10,8.91,7.46,89.21,73.86,7.14,8.59,0.32,0.00,7.46,1.13
HCL Technologies,532281,HCLTECH,INE860A01027,IT - Software,Computers - Software & Consulting,1377.00,1040.75,373782.69,20.62,23.39,30.40,23.81,0.07,2.00,33.23,5215.00,74622.00,12.59,6.80,60.88,0.02,14.90,-0.61,18.75,-0.20,5.14,3.03,4.21,2.35,23.47,23.47,13.84,11.22,20.34,17.04,14.16,17137.22,23261.00,2485.00,25504.00,117055.00,23703.00,27787.00,21.79,64.08,30349.00,6035.00,456.00,6491.00,1093.00,5398.00,3844.00,19.89,12.67,543.00,5189.00,209.00,0.00,3843.00,1345.00
HDB FINANC SER,544429,HDBFS,INE756I01012,Finance,Non Banking Financial Company (NBFC),684.85,437.61,56953.04,20.63,21.17,9.09,13.94,4.80,0.93,1.54,99230.05,19833.72,11.97,27.72,74.12,0.00,3.55,0.54,12.10,-0.19,10.00,4.61,4.26,4.19,1.57,1.57,13.46,8.89,38.31,9.46,6.84,2175.78,2927.80,0.20,9555.38,16300.28,9360.96,9555.38,58.62,27.34,4465.40,2523.60,0.00,2523.60,51.40,2472.20,567.70,56.51,12.71,795.80,732.50,1739.70,0.00,567.70,164.80
HDFC AMC,541729,HDFCAMC,INE127D01025,Capital Markets,Asset Management Company,2600.60,1218.71,111514.56,37.80,38.43,42.88,32.93,0.00,0.64,276.21,0.00,9016.89,15.14,13.24,52.34,-0.03,24.10,-0.35,14.76,0.34,8.79,34.51,30.60,0.71,3.72,3.72,10.09,9.31,12.09,19.56,17.48,2460.99,3286.44,8.65,3345.61,4049.61,3295.77,3354.18,82.62,57.55,967.76,773.68,232.68,1006.36,17.24,989.12,747.92,79.95,77.28,106.95,986.05,3.07,0.00,747.92,238.13
HDFC Bank,500180,HDFCBANK,INE040A01034,Banks,Private Sector Bank,753.00,747.71,1160395.01,14.69,14.36,7.02,13.64,6.21,2.03,1.59,3733201.93,599871.21,2.81,11.96,0.00,0.00,41.82,-2.23,41.75,1.61,16.27,-3.28,2.64,-25.19,0.00,0.00,41.13,88.65,19.26,12.50,10.60,70606.01,96242.05,134548.50,149392.98,336367.43,279980.05,283785.28,44.41,46.26,87371.87,22875.24,45683.10,68558.34,0.00,68558.34,17090.43,26.18,19.56,766.79,20849.83,47708.51,0.00,16257.91,3759.40
HDFC Life Insur.,540777,HDFCLIFE,INE795G01014,Insurance,Life Insurance,553.10,85.47,120170.54,60.84,67.34,10.30,11.28,0.16,0.99,,3099.00,17389.57,4.30,5.05,50.54,0.33,19.27,-3.25,20.19,2.94,9.98,22.85,26.17,366.18,0.00,0.00,15.13,-75.30,11.46,2.81,2.54,1810.82,1289.74,365.87,1027.80,96921.74,1289.74,1393.67,1.06,8.41,29463.18,439.32,164.48,603.80,0.00,603.80,548.35,1.49,1.86,2154.69,603.80,0.00,0.00,548.35,55.45
Heera Ispat,526967,,INE025D01013,Industrial Products,Iron & Steel Products,6.00,,3.53,,21.73,-39.02,,,0.06,,0.82,-6.73,,84.62,0.00,0.00,0.00,0.00,0.00,0.00,100.01,0.00,0.00,0.00,,,-90.00,-90.00,-90.00,-0.03,-0.34,-0.46,-0.46,0.00,-0.46,0.00,-0.46,-0.46,,-0.78,0.00,-0.20,0.00,-0.20,0.00,-0.20,-0.20,,,5.88,-0.20,0.00,0.00,-0.20,0.00
HEG,509631,HEG,INE545A01024,Industrial Products,Electrodes & Refractories,665.25,317.54,12833.93,36.24,37.59,8.35,7.42,0.17,1.90,12.33,796.03,4719.32,20.20,80.07,56.27,0.00,8.47,-1.76,9.27,0.64,25.97,-207.53,-230.42,-201.54,18.93,18.93,42.46,-240.29,16.71,6.34,5.43,115.11,161.55,141.43,259.87,2150.52,204.37,404.92,12.08,5.96,612.78,105.70,81.84,182.53,53.02,129.51,104.82,17.25,16.29,38.60,126.34,8.18,5.01,99.81,21.52
Heidelberg Cem.,500292,HEIDELBERG,INE578A01017,Cement & Cement Products,Cement & Cement Products,155.51,69.96,3519.22,28.96,31.16,14.67,10.08,0.01,1.10,12.51,14.23,1145.23,6.59,5.60,69.39,0.00,1.07,-0.08,13.87,-0.34,15.66,-32.43,-34.94,-24.00,2.53,2.53,-24.53,-0.69,-36.66,1.35,2.13,107.08,145.81,44.98,239.91,2148.88,175.59,285.38,11.16,4.71,597.54,88.52,9.44,97.96,27.07,70.89,48.23,14.81,8.07,226.62,64.59,6.30,0.00,48.23,16.36
Hemo Organic,524590,,INE422G01015,Commercial Services & Supplies,Trading & Distributors,22.04,,7.64,,22.35,-23.81,,21.08,2.81,,2.74,-3.34,-61.41,-741.67,16.85,0.00,0.00,0.00,0.00,0.00,83.16,-86.27,-76.67,-76.67,256.99,256.99,-36.36,172.73,-22.22,-0.20,-0.26,0.16,0.03,0.07,-0.04,2.41,0.03,0.03,-1.66,0.46,0.00,-0.11,0.00,-0.11,0.00,-0.11,-0.09,,,3.47,-0.11,0.00,0.00,-0.09,-0.03
Heritage Foods,519552,HERITGFOOD,INE978A01027,Food Products,Dairy Products,335.10,231.84,3110.07,24.51,29.83,14.80,12.60,0.33,1.03,8.98,361.48,1056.93,11.53,-28.12,41.30,0.00,1.98,-0.23,6.38,0.17,50.34,4.30,14.43,18.44,1.51,1.51,-14.77,-28.04,-38.42,2.69,4.37,179.90,258.23,19.16,325.69,4134.59,263.80,333.36,7.88,20.29,1136.76,72.58,5.27,77.85,18.69,59.16,40.55,6.38,3.57,46.40,54.95,4.21,0.00,40.55,14.40
Hester Bios,524669,HESTERBIO,INE782E01017,Pharmaceuticals & Biotechnology,Pharmaceuticals,2442.40,1186.03,2074.08,39.05,33.57,15.25,15.90,0.54,1.37,6.66,194.80,351.73,4.09,41.30,53.73,0.00,0.31,-0.07,0.00,0.00,45.95,484.82,-28.73,-33.64,29.27,29.27,-0.13,50.50,459.46,114.00,19.33,27.80,39.57,7.53,61.54,311.10,52.76,69.56,19.78,32.31,84.11,22.81,3.37,26.18,4.18,22.00,17.29,27.12,20.56,8.51,20.19,1.81,0.00,16.44,2.90
Hexaware Tech.,544362,HEXT,INE093A01041,IT - Software,Computers - Software & Consulting,559.85,432.09,34241.26,24.18,23.39,30.07,24.86,0.10,1.43,16.52,683.00,6650.70,13.02,6.61,74.30,0.00,3.19,-1.01,16.06,1.02,6.23,-6.09,-5.64,6.04,11.43,11.43,49.68,41.15,-13.04,5.40,6.24,1166.09,1560.30,74.90,1835.10,11974.40,1617.50,1896.30,15.33,19.36,3260.70,404.40,160.00,564.40,75.20,489.20,379.70,12.40,11.64,60.80,468.30,20.90,0.00,379.90,88.60
HFCL,500183,HFCL,INE548A01028,Telecom - Services,Telecom - Infrastructure,202.52,39.82,30937.13,54.03,16.28,10.86,6.95,0.36,1.99,4.23,1744.38,4737.72,58.66,1590.52,28.29,0.00,15.74,8.66,10.92,2.35,45.02,33.17,35.53,31.91,36.91,36.91,1358.10,1005.39,-938.36,1.49,-0.22,177.41,216.59,58.12,448.99,4064.52,401.60,507.11,11.05,1.23,871.02,28.40,14.72,43.12,32.20,10.92,-29.30,3.26,-3.36,144.21,-44.70,55.62,0.00,-32.24,-15.40
High Energy Bat.,504176,,INE783E01023,Household Products,Household Products,575.55,226.74,515.92,37.66,30.68,20.37,15.43,0.10,3.69,11.51,11.56,109.71,1.53,3.47,43.06,0.00,0.00,0.00,5.99,-0.42,50.93,-123.98,-118.31,-117.89,36.49,36.49,-382.43,1478.38,-333.33,-2.03,0.87,16.20,20.68,4.54,18.53,81.00,23.33,24.24,22.88,17.10,13.27,0.74,0.91,1.65,0.26,1.39,0.78,5.58,5.88,1.79,1.05,0.34,0.00,0.78,0.27
Himadri Special,500184,HSCL,INE019C01026,Chemicals & Petrochemicals,Carbon Black,750.65,214.61,37829.48,47.34,48.02,22.12,17.77,0.16,2.18,15.94,769.98,4656.23,9.80,30.01,52.49,0.00,6.80,0.82,3.33,0.11,37.38,10.07,13.19,19.10,14.00,14.00,17.51,-1.33,27.36,4.55,3.68,555.43,806.18,51.69,854.23,4612.63,850.80,905.77,18.52,11.25,1118.29,245.01,26.68,271.69,14.64,257.05,179.36,21.91,16.04,49.38,241.22,15.83,0.00,181.69,61.86
Hind. Unilever,500696,HINDUNILVR,INE030A01027,Diversified FMCG,Diversified FMCG,2138.00,596.11,502462.17,45.56,45.56,28.42,31.03,0.03,0.95,40.56,1478.00,48504.00,5.80,3.61,61.90,0.00,9.50,-0.60,16.92,0.59,11.60,-10.49,0.77,2.87,5.12,5.12,8.46,5.44,-3.18,11.38,11.73,10394.15,14419.00,1355.00,14698.00,61328.00,14462.00,15715.00,23.97,45.32,15757.00,3639.00,103.00,3840.00,326.00,3514.00,2768.00,23.09,18.06,235.00,3294.00,122.00,-98.00,2833.53,526.00
Hind.Bio Science,532041,,INE597C01021,IT - Software,Software Products,7.12,,7.30,,28.92,-2.43,-9.25,2.83,38.50,,2.35,-1.22,-65.77,-231.25,12.19,0.00,0.00,0.00,0.00,0.00,87.81,-8.33,0.00,0.00,13.16,13.16,,,-1200.00,-0.11,0.01,0.10,0.10,0.00,0.10,0.81,0.10,0.10,12.35,0.10,0.32,0.00,0.01,0.01,0.00,0.01,0.01,0.00,3.12,2.05,0.01,0.00,0.00,0.01,0.00
Hind.Composites,509635,HINDCOMPOS,INE310C01029,Auto Components,Auto Components & Equipments,425.55,484.13,627.90,35.92,30.39,0.48,0.42,0.00,2.24,160.50,1.68,1137.94,-15.75,-52.76,74.97,0.00,0.02,0.02,0.01,0.00,24.99,-25.81,9.72,3.67,28.55,28.55,-18.33,-21.22,16.35,5.88,5.05,40.85,44.70,-3.70,58.81,325.08,52.25,62.58,18.09,23.70,14.62,3.11,5.92,3.11,0.91,2.20,7.46,21.27,10.53,7.38,8.12,0.00,5.92,1.54,0.66
Hindustan Zinc,500188,HINDZINC,INE267A01025,Non - Ferrous Metals,Zinc,547.00,605.94,231060.67,13.66,50.08,69.25,76.38,0.39,0.29,30.30,8726.00,21630.00,38.91,66.06,60.71,0.00,2.20,-0.19,4.96,0.12,4.21,8.57,7.22,4.28,0.86,0.86,109.49,100.89,146.14,12.84,5.22,10327.71,13464.00,870.00,17339.00,33969.00,14639.00,18273.00,51.04,24.33,7723.00,3816.00,282.00,4098.00,911.00,3187.00,2204.00,49.41,28.54,845.00,2948.00,239.00,0.00,2204.00,744.00
Hindusthan Insulators &,539984,,INE799B01025,Electrical Equipment,Other Electrical Equipment,445.15,145.15,963.45,12.86,30.76,10.71,7.74,0.26,1.82,11.10,109.19,421.40,41.39,496.72,75.00,0.00,0.00,0.00,0.55,0.32,24.45,75.13,104.04,89.61,12.88,12.88,1080.59,522.64,-20444.44,16.95,-0.08,-27.97,-4.69,32.08,-14.87,272.79,-18.32,-8.96,-5.45,-0.84,64.50,3.71,1.37,5.08,2.12,2.96,-0.18,5.75,-0.28,1.44,0.05,2.91,0.00,-0.18,0.22
HLV,500193,HLVLTD,INE102A01024,Leisure Services,Hotels & Resorts,7.21,3.43,475.32,60.94,28.87,1.62,1.09,0.07,1.75,3.47,35.29,339.18,2.86,-61.42,39.07,0.00,0.03,-0.13,1.53,-0.02,59.38,-109.07,-101.46,-89.11,4.28,4.28,-167.84,-722.81,-77.52,-0.01,-0.05,25.37,26.13,15.84,28.16,203.31,27.61,43.25,13.85,0.40,40.74,-1.71,3.23,1.52,4.38,-2.86,-3.47,-4.20,-8.52,131.85,-3.47,0.61,0.00,-3.47,0.00
Home First Finan,543259,HOMEFIRST,INE481N01025,Finance,Housing Finance Company,1170.20,1243.41,12235.62,21.05,15.36,11.13,15.71,2.43,5.38,1.95,10590.05,4335.68,21.36,40.70,6.98,0.00,43.90,-1.82,29.83,2.31,19.29,6.96,6.55,6.95,0.39,0.39,16.70,9.12,34.45,15.29,11.52,382.07,501.59,0.13,1235.66,1539.08,1220.26,1235.79,80.29,42.43,453.61,359.51,1.65,361.16,4.39,356.77,118.89,79.26,26.21,20.65,156.49,200.28,0.00,118.89,37.60
Homre,523387,,INE982C01033,Consumer Durables,"Gems, Jewellery And Watches",2.09,,41.78,154.74,19.54,36.91,-6.78,10.21,0.51,,2.96,-19.70,,-25.00,64.99,-0.74,0.23,0.00,0.10,0.00,34.68,-182.89,73.47,-35.59,0.00,0.00,-392.31,-553.85,270.59,0.03,0.01,0.08,0.08,0.65,-0.42,0.00,0.23,0.23,,0.00,0.00,-0.13,0.36,0.23,0.00,0.23,0.17,,,19.99,0.23,0.00,0.00,0.17,0.06
Honda India,522064,HONDAPOWER,INE634A01018,Industrial Manufacturing,Industrial Products,2096.00,1056.79,2124.53,29.06,31.54,11.49,8.61,0.00,3.36,545.39,0.99,793.23,11.78,-0.22,66.67,0.00,0.98,-0.07,18.27,0.00,14.09,-58.77,-54.47,-51.84,17.52,17.52,70.97,254.98,17.09,10.94,9.35,79.35,107.70,42.28,87.74,794.23,107.40,129.20,11.05,78.81,154.91,8.44,9.92,18.36,5.53,12.83,9.48,5.45,6.12,10.14,12.79,0.04,0.00,9.48,3.31
Honeywell Auto,517174,HONAUT,INE671A01010,Industrial Manufacturing,Industrial Products,38570.00,11265.79,34130.36,61.02,31.54,16.95,12.59,0.02,3.52,76.63,110.50,4453.90,6.59,9.31,75.00,0.00,3.94,0.20,11.31,0.03,9.74,-5.64,-5.61,-6.66,24.68,24.68,21.91,30.60,20.95,170.45,140.93,523.74,705.60,181.90,590.50,4189.60,718.20,772.60,14.09,592.21,1183.10,141.50,41.80,183.30,13.40,169.90,124.60,11.96,10.53,8.80,168.00,1.90,0.00,124.60,43.40
Hubtown,532799,HUBTOWN,INE703H01016,Realty,"Residential, Commercial Projects",190.51,325.15,2708.29,28.77,28.45,9.52,5.90,0.46,1.96,1.84,1197.25,2485.56,28.63,-21.79,33.17,0.34,1.48,0.08,0.20,-0.01,65.14,1.37,-38.39,-63.80,44.05,44.05,-30.32,92.49,-67.67,1.75,5.85,44.11,96.52,117.88,116.23,408.47,228.28,230.95,28.45,3.39,187.41,40.77,47.63,88.40,0.66,87.74,82.21,21.75,43.87,135.60,72.17,15.57,0.00,79.28,-9.85
Huhtamaki India,509820,HUHTAMAKI,INE275B01026,Industrial Products,Packaging,300.00,162.94,2267.48,16.62,21.77,11.98,8.96,0.11,2.20,11.59,144.56,1333.73,4.68,87.18,67.73,0.00,0.66,-0.68,1.03,-0.11,30.58,70.82,61.16,88.04,25.92,25.92,76.43,-6.18,75.34,5.79,3.30,60.35,116.84,64.52,117.97,2521.18,98.06,145.54,4.68,11.65,612.23,42.59,6.96,49.27,13.09,36.18,24.94,6.96,4.04,15.11,33.40,3.06,0.28,24.73,8.46
Hypersoft Tech.,539724,,INE039D01014,IT - Software,Computers - Software & Consulting,208.05,,1757.02,429.59,23.39,,1.87,0.00,1.22,178.00,0.00,134.14,,,59.24,0.00,0.00,0.00,0.00,0.00,40.77,285.23,252.26,275.96,97.14,97.14,,,,1.20,0.00,,,,,,,,,,0.00,0.00,0.00,0.00,0.00,0.00,0.00,,,4.49,0.00,0.00,0.00,0.00,0.00
Hyundai Motor I,544274,HYUNDAI,INE0V6F01027,Automobiles,Passenger Cars & Utility Vehicles,2207.00,1323.84,179220.98,36.20,33.61,38.42,29.92,0.05,1.56,61.49,1097.56,19202.48,3.55,-10.31,82.50,0.00,3.28,-2.15,11.65,1.94,2.53,-29.23,-25.14,-23.11,3.10,3.10,-30.82,-10.03,-35.10,10.94,16.85,5641.05,7591.35,908.35,8915.46,69192.89,7719.70,9824.96,12.88,69.41,16412.88,2185.24,214.79,2400.03,528.11,1871.92,1369.23,13.31,8.34,812.54,1847.19,24.73,0.00,1369.23,477.97
I O B,532388,IOB,INE565A01014,Banks,Public Sector Bank,34.10,38.27,65645.61,11.40,7.28,6.07,14.86,10.74,1.93,1.33,423432.65,20156.60,14.86,50.97,92.44,0.00,0.47,0.04,4.29,0.01,2.80,10.22,4.05,-11.11,0.00,0.00,2.49,15.31,49.34,0.86,0.58,3332.45,4511.71,5545.07,16601.90,28131.01,21750.71,22145.17,59.02,1.73,7385.55,4672.28,1480.92,6153.20,0.00,6153.20,1111.04,63.26,15.04,19256.59,1513.90,4639.30,0.00,1111.04,402.86
I O C L,530965,IOC,INE242A01010,Petroleum Products,Refineries & Marketing,143.70,229.19,202951.16,6.03,10.14,18.78,20.74,0.60,0.73,7.00,131822.39,205745.99,13.47,110.76,51.50,0.00,9.08,-0.76,9.52,0.42,10.32,-107.52,-96.32,-83.62,1.70,1.70,-69.38,86.95,-116.76,-1.15,4.83,12047.66,17063.45,7112.18,36043.12,758105.81,24432.70,41210.04,4.75,9.63,192340.65,13267.46,1731.70,14999.16,4178.63,10820.53,6808.12,6.90,3.54,14121.24,8750.48,2070.05,0.00,6813.71,1942.36
I R F C,543257,IRFC,INE053F01010,Finance,Financial Institution,90.25,64.32,117903.59,16.40,17.42,5.64,12.81,7.69,21.18,1.34,436471.15,43680.25,4.87,7.79,82.90,-1.75,1.17,0.01,3.98,1.09,11.94,14.42,15.81,13.87,0.00,0.00,19.66,5.09,10.40,1.47,1.34,6502.04,6502.00,3.43,26998.97,27152.94,26997.13,27002.44,99.43,4.98,6915.38,6868.55,2.86,6871.41,1.33,6870.08,1745.69,99.32,25.24,13068.51,1745.69,5124.39,0.00,1745.69,0.00
IB Infotech,519463,,INE678B01039,Agricultural Food & other Products,Other Agricultural Products,39.35,17.69,50.40,40.00,19.09,48.04,53.64,0.53,4.31,7.50,2.13,2.74,-1.09,-2.33,65.85,0.00,0.00,0.00,0.00,0.00,34.14,46.15,39.02,-144.87,5.20,5.20,-70.83,-165.00,-55.29,0.30,0.66,0.74,0.99,0.09,1.69,6.47,1.22,1.78,26.12,0.58,2.27,1.20,0.03,1.23,0.02,1.21,0.85,52.86,37.44,1.28,1.14,0.07,0.00,0.85,0.28
ICICI AMC,544658,ICICIAMC,INE346A01027,Capital Markets,Asset Management Company,3099.10,1619.71,153202.70,43.95,38.43,115.10,85.80,0.00,0.65,267.96,0.00,4121.74,20.53,24.43,87.59,0.00,2.96,0.56,6.80,-0.38,2.65,25.51,22.37,-3.02,3.09,3.09,19.78,23.52,23.10,19.52,44.39,2650.66,3533.05,2.34,3634.65,4977.33,3551.60,3636.99,73.02,1501.61,1330.67,945.59,146.85,1092.44,25.33,1067.11,783.64,71.06,58.89,17.65,1061.96,5.15,0.00,783.64,278.32
ICICI Bank,532174,ICICIBANK,INE090A01021,Banks,Private Sector Bank,1460.00,1020.15,1047747.40,18.68,14.36,7.18,15.92,5.55,1.64,1.89,2096680.46,376382.05,3.96,6.05,0.00,0.00,33.79,-0.69,42.32,2.38,23.68,3.80,3.69,117.76,0.00,0.00,-0.97,-54.52,12.59,21.52,19.00,50977.75,72853.54,108255.47,56253.04,186331.46,161837.28,164464.60,30.19,71.65,49079.96,17088.47,25496.07,42584.54,0.00,42584.54,14456.33,34.82,29.45,1427.32,19494.48,23090.06,0.00,13557.60,5100.68
ICICI Lombard,540716,ICICIGI,INE765G01017,Insurance,General Insurance,1675.00,1009.12,83627.16,34.44,39.49,21.88,16.58,0.00,0.28,,0.00,16515.16,11.84,-9.23,51.22,-0.06,21.45,-0.84,20.64,1.23,6.57,-26.23,-25.41,-23.93,0.00,0.00,-46.76,-30.02,-46.03,8.08,15.04,2375.55,3321.31,38.94,3406.77,23960.92,3145.54,3269.94,14.22,50.60,6395.57,980.74,12.97,993.71,0.00,993.71,747.08,15.33,11.68,496.64,993.71,0.00,0.00,747.08,246.63
ICRA,532835,ICRA,INE725G01011,Capital Markets,Ratings,5131.50,3697.96,4957.33,25.25,27.70,23.04,16.72,0.02,0.83,84.56,18.41,1171.09,25.74,10.98,51.86,0.00,6.90,-1.02,24.27,-0.24,16.70,7.16,-2.12,-20.79,12.28,12.28,38.62,74.99,32.04,58.19,43.97,169.99,233.98,77.37,177.80,498.02,238.76,255.15,35.70,176.15,124.49,39.75,24.36,64.11,4.09,60.02,42.76,31.93,34.35,9.65,58.37,1.65,0.00,42.44,15.61
IDBI Bank,500116,IDBI,INE008A01015,Banks,Private Sector Bank,84.71,88.01,91040.12,9.77,14.36,5.92,14.14,5.47,3.02,1.76,374879.89,57811.76,0.92,17.72,94.72,0.00,0.45,-0.11,0.10,0.02,4.71,5.86,1.80,14.90,0.00,0.00,17.46,2.24,5.27,1.98,1.88,7633.01,7656.32,5209.01,17241.98,28917.07,21915.21,22453.33,59.63,7.10,7026.62,4935.98,1471.91,6407.89,0.00,6407.89,2023.87,70.25,28.80,10752.40,2556.59,3851.30,0.00,2019.18,532.72
IDFC First Bank,539437,IDFCFIRSTB,INE092T01019,Banks,Private Sector Bank,86.00,67.84,74087.87,32.95,14.36,5.99,3.84,7.31,1.51,1.14,353276.23,39720.93,12.32,72.08,0.00,0.00,36.10,-0.42,24.35,1.62,31.73,237.04,28.09,21.63,0.00,0.00,36.42,12.16,132.39,1.25,0.63,1516.71,1900.12,7021.72,12908.33,36501.49,19098.76,19919.17,35.36,2.08,9642.14,3062.48,2226.83,5289.31,0.00,5289.31,462.57,31.76,4.80,7334.33,580.25,4709.06,0.00,462.57,117.68
IEC Education,531840,,INE172B01017,IT - Software,Software Products,21.48,,32.78,,28.92,-6.42,-8.74,0.00,70.21,,0.00,12.24,,-1160.00,66.75,0.26,0.00,0.00,0.00,0.00,33.25,-97.89,-97.18,-97.18,,,25.00,4325.00,25.00,-0.03,-0.03,-0.27,-0.27,0.00,-0.27,0.00,-0.27,-0.27,,-0.18,0.00,-0.04,0.00,-0.04,0.00,-0.04,-0.04,,,15.26,-0.04,0.00,0.00,-0.04,0.00
IFB Agro Inds.,507438,IFBAGRO,INE076C01018,Beverages,Breweries & Distilleries,984.00,1424.24,924.94,14.39,51.47,13.29,9.57,0.10,4.36,16.31,71.20,671.59,38.82,85.56,65.00,0.00,0.74,-0.18,1.12,0.00,33.14,104.27,70.87,35.99,6.22,6.22,41.44,4.01,18.47,23.01,19.42,25.63,39.18,18.18,41.06,1059.22,40.40,59.48,3.88,27.19,292.78,22.95,7.50,30.45,4.21,26.24,18.19,7.84,6.21,9.37,26.10,0.14,0.00,18.19,7.91
IGC Industries,539449,,INE099S01016,Commercial Services & Supplies,Trading & Distributors,2.15,,7.46,,22.35,-7.90,-9.14,0.00,,,0.00,-13.27,-100.00,-87850.00,0.00,0.00,0.00,0.00,0.00,0.00,100.00,453.79,453.79,453.79,,,,,,-4.21,0.00,-0.06,-0.06,0.00,-0.06,1.99,-0.06,-0.06,-3.02,-0.02,0.00,0.00,0.00,0.00,0.00,0.00,0.00,,,34.72,0.00,0.00,0.00,0.00,0.00
IIFL Capital,542773,IIFLCAPS,INE489L01022,Capital Markets,Stockbroking & Allied,336.65,367.21,10605.82,18.60,19.99,23.17,20.15,0.59,1.58,4.35,1820.89,3003.42,2.17,-19.19,30.67,-0.20,15.34,-0.99,4.72,-0.84,49.28,59.97,37.62,0.96,2.56,2.56,2.16,1.19,4.91,5.87,5.66,678.06,924.59,47.56,1114.78,2519.87,1062.96,1117.84,44.24,22.98,617.37,221.06,63.03,284.09,16.20,267.89,175.54,35.81,28.43,62.00,227.54,40.35,0.00,175.34,52.01
IIFL Finance,532636,IIFL,INE530B01024,Finance,Non Banking Financial Company (NBFC),617.85,827.82,26282.17,12.50,21.17,10.87,12.61,4.97,2.45,1.48,69175.88,13834.90,36.06,168.66,24.84,0.00,23.86,-4.30,7.50,0.41,43.80,14.42,8.43,8.39,0.68,0.68,60.67,48.24,160.11,15.87,5.49,564.22,707.01,-582.84,5674.81,10233.35,5489.90,5678.47,55.45,8.92,2952.83,1685.65,6.47,1692.12,47.01,1645.11,274.17,57.09,9.28,84.99,356.31,1288.80,0.00,233.35,82.14
IL&FS Engg.,532907,IL&FSENGG,INE369I01014,Construction,Civil Construction,35.19,,461.42,34.82,18.04,,,,0.14,5.60,2671.72,-3321.00,-33.48,134.18,42.25,0.00,0.70,0.00,0.33,-0.01,56.74,-99.90,-95.73,-51.38,31.26,31.26,-65.18,-28.38,-100.11,0.00,-0.71,-33.66,-4.93,78.52,-72.57,321.38,-29.75,-22.83,-22.58,-0.37,41.22,-26.85,19.14,-7.71,1.31,-9.02,-9.29,-65.14,-22.54,131.12,-9.42,0.40,0.00,-9.29,0.00
Incap,517370,,INE437C01012,Electrical Equipment,Other Electrical Equipment,89.11,12.53,45.71,142.85,30.76,4.36,2.11,0.19,1.34,2.11,3.06,11.03,-30.26,-71.43,66.91,0.00,0.00,0.00,0.00,0.00,33.10,-173.33,-238.46,800.00,28.72,28.72,-47.06,-94.12,-63.33,0.21,0.58,0.80,1.05,0.19,1.73,33.58,1.54,1.92,5.15,1.56,9.97,0.51,0.00,0.51,0.08,0.43,0.30,5.12,3.01,5.13,0.30,0.13,0.00,0.30,0.00
Incon Engineers,531594,,INE507D01010,Industrial Manufacturing,Industrial Products,26.89,,11.64,,31.54,-93.15,,,0.29,-4.20,1.02,-6.49,-82.93,-67.74,66.34,0.00,0.00,0.00,0.01,0.00,33.65,27.27,37.50,15.38,0.00,0.00,150.00,116.67,250.00,-0.32,-0.09,-0.41,-0.41,0.16,-0.48,0.21,-0.34,-0.32,-228.57,-0.95,0.20,-0.06,0.04,-0.02,0.00,-0.02,-0.04,-30.00,-20.00,4.33,-0.04,0.02,0.00,-0.04,0.00
Ind Bank Housing,523465,,INE969D01012,Finance,Housing Finance Company,49.15,,49.15,12.60,15.36,-1.11,,,0.11,,129.00,-130.96,-100.00,1444.83,51.00,0.00,0.00,0.00,0.00,0.00,24.01,-19500.00,-12900.00,173.91,,,270.59,35.29,-3627.27,3.88,-0.11,-0.31,-0.31,0.00,-0.31,0.28,-0.31,-0.31,-110.71,-0.31,0.00,-0.17,0.06,-0.11,0.00,-0.11,-0.11,,,10.00,-0.11,0.00,0.00,-0.11,0.00
Indbank Merchant,511473,INDBANK,INE841B01017,Capital Markets,Stockbroking & Allied,32.49,24.47,144.37,19.89,19.99,10.34,7.36,0.00,4.72,77.46,0.00,54.36,-1.71,-6.32,64.84,0.00,0.00,0.00,0.09,0.00,35.07,96.69,73.60,72.68,25.20,25.20,8.59,-37.11,11.21,0.54,0.48,8.46,11.50,0.24,11.96,26.57,11.76,12.20,45.01,1.91,6.69,2.91,0.00,2.91,0.06,2.85,2.14,43.50,31.99,44.38,2.78,0.07,0.00,2.14,0.64
Indegene,544172,INDGN,INE065X01017,Healthcare Services,"Healthcare Research, Analytics & Technology",545.25,540.02,13142.11,31.57,44.60,18.82,14.41,0.05,1.40,25.81,144.40,3090.60,30.41,-4.39,0.00,0.00,9.92,-0.35,8.74,0.45,81.34,45.80,19.98,6.48,25.75,25.75,12.17,5.34,-0.17,4.82,4.85,416.47,539.30,93.70,547.80,2839.30,574.80,655.00,19.29,16.95,760.80,155.30,22.10,177.40,21.60,155.80,116.40,20.41,15.30,47.90,152.10,3.70,0.00,116.40,35.70
India Cements,530005,INDIACEM,INE383A01012,Cement & Cement Products,Cement & Cement Products,390.95,106.20,12075.99,89.45,31.16,1.24,0.37,0.13,0.92,2.57,1304.80,9814.37,7.06,133.40,75.00,0.00,3.40,-0.09,12.60,-0.30,9.00,-54.87,-15.38,1.71,5.55,5.55,87.19,84.04,-120.20,0.87,-4.29,-832.61,-202.18,653.53,-350.27,4140.53,-537.47,-298.03,-8.46,-4.64,1024.74,83.19,-114.67,92.30,74.06,18.24,-132.90,8.12,-1.05,309.90,-132.12,26.58,-123.78,-10.75,-0.75
India Finsec,535667,,INE474O01010,Finance,Non Banking Financial Company (NBFC),214.40,118.63,625.87,38.14,21.17,28.63,15.98,0.00,11.30,1.80,0.00,49.47,29.42,41.22,55.98,0.00,0.00,0.00,0.00,0.00,44.01,20.45,20.28,21.15,0.00,0.00,60.33,32.34,28.79,1.68,1.30,11.76,23.98,0.23,51.78,71.70,49.42,52.01,72.22,4.03,18.58,14.04,0.12,14.16,0.65,13.51,5.35,75.57,28.79,29.19,7.03,6.48,0.00,3.80,1.66
India Motor Part,590065,IMPAL,INE547E01014,Auto Components,Trading - Auto components,1104.60,1182.49,1372.72,14.03,10.43,4.53,3.83,0.00,7.06,,0.00,2295.69,11.06,14.54,35.21,1.40,0.76,-2.84,0.00,-1.34,64.03,-35.15,-20.37,6.07,12.16,12.16,29.30,21.91,6.32,17.39,16.35,75.51,104.86,44.49,61.59,788.81,94.63,95.85,7.81,67.04,196.69,14.06,11.97,26.03,0.36,25.67,20.41,7.15,10.38,12.48,25.67,0.00,0.00,20.41,5.26
India Pesticides,543311,IPL,INE0D6701023,Fertilizers & Agrochemicals,Pesticides & Agrochemicals,148.57,268.64,1710.99,15.89,22.13,16.67,12.55,0.11,3.19,19.05,109.07,998.43,17.05,9.16,63.65,0.00,0.20,-1.67,0.02,0.00,36.14,-25.64,-17.46,-15.20,34.84,34.84,-21.53,-7.46,-34.78,1.97,3.03,82.05,111.37,14.83,119.57,828.61,116.03,134.22,14.43,7.14,275.18,45.20,8.92,54.12,5.17,48.95,34.91,16.43,12.69,11.52,47.08,1.87,0.00,34.89,12.17
Indiabulls,533520,IBULLSLTD,INE126M01010,Commercial Services & Supplies,Diversified Commercial Services,27.09,14.08,6326.91,13.07,19.78,16.17,23.06,0.15,6.36,9.98,458.55,2636.69,165.66,371.40,32.91,0.02,17.08,0.08,0.11,-0.05,45.99,-27.41,-0.40,-9.48,6.93,6.93,1038.54,1157.84,-7891.16,0.61,0.04,-68.20,-68.19,0.51,-8.21,-5.80,-7.77,-7.70,-141.55,-6.79,91.62,13.52,11.60,25.12,9.52,15.60,-1.81,14.76,-1.98,209.71,7.10,8.50,0.00,0.40,8.91
Indiamart Inter.,542726,INDIAMART,INE933S01016,Retailing,Internet & Catalogue Retail,1798.60,1580.87,10818.55,21.93,21.45,28.04,20.70,0.01,0.12,271.28,23.10,2340.29,12.74,-16.40,49.07,-0.05,19.92,0.75,12.11,-1.43,18.88,243.03,193.92,10.01,0.34,0.34,10.47,0.42,12.18,28.63,25.57,527.87,705.81,272.42,473.74,1388.34,683.95,716.89,34.12,91.73,372.10,119.40,92.40,211.80,6.90,204.90,153.50,32.09,41.25,60.00,203.90,1.00,0.00,153.50,50.40
Indian Bank,532814,INDIANB,INE562A01011,Banks,Public Sector Bank,845.00,1009.10,113832.07,8.90,7.28,6.32,15.45,10.64,2.28,1.41,892746.00,82557.00,9.53,11.39,73.84,0.00,6.16,0.34,17.03,-0.72,2.98,5.79,4.16,4.04,0.00,0.00,6.52,2.39,47.44,24.92,16.90,11259.77,14863.51,10011.45,42221.25,62039.43,51688.06,52231.00,68.06,83.61,16285.10,11404.95,1853.91,14025.45,0.00,14025.45,2277.08,70.03,17.11,1346.96,3334.77,9924.09,-766.59,2786.20,1116.26
Indian Energy Ex,540750,IEX,INE022Q01020,Capital Markets,Exchange and Data Platform,128.00,104.94,11417.12,23.43,50.62,51.79,39.40,0.01,1.99,261.20,11.16,1217.64,13.14,12.23,0.00,0.00,12.63,-1.53,31.47,1.21,55.63,2.20,3.36,-11.80,0.20,0.20,14.28,29.57,12.08,1.42,1.27,414.65,550.21,118.92,455.11,535.37,552.83,574.03,85.01,4.65,139.99,113.90,42.52,156.42,5.43,150.99,113.04,81.36,80.75,89.09,150.41,0.58,0.00,113.04,37.37
Indian Hotels Co,500850,INDHOTEL,INE053A01029,Leisure Services,Hotels & Resorts,752.00,275.08,107100.11,55.11,28.87,17.06,14.24,0.22,1.38,13.26,2836.55,12909.95,13.17,13.24,38.12,0.00,21.71,-1.52,24.47,1.89,15.59,-39.45,-33.28,-30.84,7.28,7.28,16.78,68.86,18.67,2.51,2.08,1507.47,2578.05,535.26,2769.33,8334.54,2441.34,2959.50,33.23,13.40,2041.08,576.03,61.09,637.12,142.75,494.37,329.32,28.22,16.13,142.34,439.82,54.55,0.00,296.37,120.40
Indian Terrain,533329,INDTERRAIN,INE611L01021,Textiles & Apparels,Garments & Apparels,33.39,7.25,169.18,206.32,25.21,7.63,-3.25,0.55,1.77,1.50,101.77,173.79,14.55,102.44,31.55,0.00,5.07,0.00,0.29,0.25,63.09,-7.78,-47.04,-43.70,63.36,63.36,501.98,969.31,-86.59,-0.16,-1.22,-43.09,-41.01,4.76,-2.93,340.60,-16.54,1.40,-0.86,-9.33,68.78,1.01,1.26,2.27,3.83,-1.56,-6.19,1.47,-9.00,10.13,-6.04,4.48,0.00,-6.19,0.15
Indian Toners,523586,,INE826B01026,Chemicals & Petrochemicals,Specialty Chemicals,48.48,75.98,251.89,9.78,28.94,16.24,12.64,0.00,4.15,214.56,0.00,221.88,3.92,-2.68,69.25,0.00,0.00,0.00,0.03,0.00,30.71,-19.95,-21.78,-32.78,16.69,16.69,-20.81,17.80,-22.19,1.17,1.51,22.17,33.50,6.11,33.21,152.99,33.50,38.92,21.71,4.32,39.10,8.65,1.58,10.23,1.31,8.92,7.84,22.12,20.05,10.39,8.87,0.05,0.00,7.84,1.02
Indo Cotspin,538838,,INE407P01017,Textiles & Apparels,Other Textile Products,37.27,,26.61,,24.39,1.18,-0.14,0.09,1.28,1.17,0.68,0.10,3.87,-103.33,59.21,0.00,0.00,0.00,0.00,0.00,40.79,-100.00,-200.00,0.00,7.98,7.98,-8.33,-8.33,,0.00,0.00,0.35,0.56,0.35,0.78,24.89,0.53,1.09,3.13,0.56,1.91,0.12,0.00,0.12,0.11,0.01,0.00,6.28,0.00,7.14,0.01,0.00,0.00,0.00,0.00
Indo Rama Synth.,500207,INDORAMA,INE156A01020,Textiles & Apparels,Other Textile Products,63.49,52.46,1655.75,10.10,24.39,17.94,34.46,2.18,0.75,2.25,1132.95,258.06,-1.72,123.51,74.84,0.00,0.13,-0.11,0.92,0.00,24.12,-0.61,-2.75,-0.74,5.36,5.36,11.79,12.62,20.83,2.44,2.02,2.44,1.40,27.99,178.84,4258.93,159.68,207.87,4.20,0.05,1305.71,90.86,2.85,93.71,11.93,81.78,52.75,6.96,4.04,261.11,52.75,29.03,0.00,52.75,0.00
Indo Thai Sec.,533676,INDOTHAI,INE337M01021,Capital Markets,Stockbroking & Allied,170.75,81.21,2274.93,33.15,19.99,34.58,28.57,0.09,3.31,28.95,24.70,271.00,217.64,497.74,56.07,-0.43,1.28,0.06,0.46,-0.03,42.20,-57.87,-51.55,-51.65,6.27,6.27,56.89,224.48,28.70,0.85,0.72,8.25,10.36,0.44,11.70,26.75,11.53,12.14,43.74,0.71,14.04,10.09,0.19,10.28,0.13,10.15,8.57,71.87,61.04,11.69,9.80,0.35,0.00,8.57,1.22
Indoco Remedies,532612,INDOCO,INE873D01024,Pharmaceuticals & Biotechnology,Pharmaceuticals,221.76,32.46,2046.36,,33.57,0.93,-9.42,1.16,1.13,0.30,1089.75,920.82,11.96,33.39,58.86,0.00,1.27,0.33,17.68,-0.47,22.04,-376.35,-49.53,-17.48,26.11,26.11,134.00,183.57,-280.03,7.04,-3.88,-74.83,-74.37,5.71,99.99,1664.92,-9.29,104.55,6.01,-7.99,439.67,17.53,1.63,19.16,29.70,-10.54,-36.35,3.99,-8.27,18.45,-36.66,26.12,0.00,-35.79,-0.31
Indokem,504092,,INE716F01012,Chemicals & Petrochemicals,Specialty Chemicals,614.55,12.19,1713.88,765.12,28.94,6.29,2.96,0.42,1.78,1.67,26.82,36.59,-4.51,-57.33,68.67,0.00,0.00,0.00,0.20,0.00,31.14,214.71,49.61,38.51,24.47,24.47,24.58,-10.06,52.86,0.38,0.25,3.14,3.29,0.72,7.65,178.09,6.09,8.34,4.30,1.14,41.57,1.79,0.17,1.96,0.59,1.37,0.70,4.31,1.68,27.89,0.70,0.67,0.00,0.70,0.00
Indosolar,533257,WAAREEINDO,INE866K01023,Electrical Equipment,Heavy Electrical Equipment,322.00,1493.13,1341.83,8.06,33.62,123.80,150.63,0.01,6.70,315.69,3.07,245.40,6.90,-5.73,74.93,0.00,0.54,-0.01,0.06,-0.07,24.46,-12.81,-15.57,-24.67,37.87,37.87,-23.76,1.21,-68.64,8.80,28.07,54.71,54.78,0.84,95.05,323.91,68.49,95.82,29.34,13.17,194.68,63.56,1.32,64.88,9.10,55.78,116.79,32.65,59.99,41.60,55.16,0.62,0.00,116.79,-61.64
Indostar Capital,541336,INDOSTAR,INE896L01010,Finance,Non Banking Financial Company (NBFC),245.25,,3954.35,,21.17,-2.58,-23.63,1.45,1.61,0.32,5476.76,3621.08,-1.92,8.37,70.36,-0.02,2.56,-0.03,2.20,0.03,24.88,-102.71,-153.37,-155.78,0.00,0.00,-157.19,2.53,-97.90,0.71,39.92,-15.57,120.58,69.32,822.72,1408.37,725.30,755.92,58.42,8.86,343.51,-278.81,1186.20,-278.65,7.33,-285.98,545.58,-81.17,-137.24,136.67,714.59,185.47,1186.04,-471.45,169.01
Indus Towers,534816,INDUSTOWER,INE121J01017,Telecom - Services,Telecom - Infrastructure,395.30,294.82,104299.91,14.58,16.28,19.48,18.61,0.53,1.25,7.35,21126.90,37007.50,6.72,-26.57,51.26,0.00,23.20,-1.90,21.42,1.74,4.05,-2.63,-1.29,1.23,15.03,15.03,2.00,0.77,0.52,6.62,6.58,9597.18,13153.70,763.70,20650.00,30122.80,14742.90,21145.00,68.55,37.65,8057.60,4390.10,85.10,4475.20,1704.30,2770.90,1736.80,54.48,21.55,2638.10,2333.80,437.10,0.00,1736.80,597.00
IndusInd Bank,532187,INDUSINDBK,INE095A01012,Banks,Private Sector Bank,1028.90,369.82,80129.36,60.60,14.36,5.68,1.36,6.75,2.86,1.07,442719.95,64809.35,-6.38,31.08,15.82,0.00,29.17,0.60,41.86,1.73,12.76,74.54,7.62,8.62,0.00,0.00,-0.74,-8.62,71.68,13.31,7.75,2574.41,3525.76,7690.44,26003.94,48667.66,33160.12,33692.39,53.43,33.06,12263.88,6274.47,2156.92,8431.39,0.00,8431.39,604.07,51.16,4.93,779.06,807.33,7624.06,0.00,604.07,203.28
InfoBeans Tech.,543644,INFOBEAN,INE344S01016,IT - Software,Computers - Software & Consulting,171.95,209.30,1669.58,19.65,23.39,29.18,23.25,0.04,5.28,94.27,14.67,316.59,35.35,56.18,72.82,-0.02,0.41,-0.04,0.00,-0.20,26.77,0.84,6.49,11.30,19.42,19.42,35.42,21.67,-7.29,2.23,2.40,38.83,52.82,13.42,68.38,394.78,56.50,83.06,17.32,3.89,111.85,23.21,12.39,35.60,6.37,29.23,23.32,20.75,20.85,24.24,28.85,0.38,0.00,23.32,5.53
Infomedia Press,509069,INFOMEDIA,INE669A01022,Printing & Publication,Printing & Publication,5.38,,27.40,,6.81,,,,1.72,0.23,38.50,-111.41,,32.54,50.69,0.00,0.00,0.00,0.77,0.00,48.53,14.81,-100.00,,,,,,-9.71,-0.19,-0.21,-2.91,-3.73,-0.82,0.00,0.00,0.00,0.00,,-0.74,0.00,0.00,-0.29,0.00,0.00,0.00,-1.03,,,50.19,-1.03,0.74,-0.29,-0.74,0.00
Infosys,500209,INFY,INE009A01021,IT - Software,Computers - Software & Consulting,1180.00,1081.68,478836.67,15.36,23.39,39.95,31.89,0.10,1.86,100.00,8737.00,89082.00,11.22,14.33,13.82,-0.56,27.09,-1.36,42.78,-0.41,15.88,-8.63,2.25,2.17,18.30,18.30,14.74,12.31,12.29,19.15,16.66,26516.13,37608.00,3600.00,39236.00,162990.00,37733.00,42545.00,24.07,64.32,42279.00,9943.00,1042.00,10985.00,1140.00,9845.00,6924.00,23.52,16.38,2074.00,9740.00,105.00,0.00,6921.00,2816.00
Inox India,544046,INOXINDIA,INE616N01034,Industrial Products,Other Industrial Products,1920.40,722.34,17418.82,67.74,24.43,33.48,26.13,0.07,1.44,34.69,81.04,1099.46,19.94,12.26,74.86,-0.14,6.86,-0.27,7.67,-0.05,10.61,-22.82,-22.99,-19.84,19.33,19.33,-0.34,24.33,-4.99,6.40,6.73,220.75,298.92,47.54,284.98,1306.00,300.43,325.49,21.82,24.90,339.62,76.13,12.67,88.80,7.57,81.23,61.12,22.42,18.00,18.15,80.51,0.72,0.00,61.12,19.39
Integra Engg.,505358,,INE984B01023,Industrial Manufacturing,Industrial Products,167.60,87.15,576.97,38.85,31.54,18.52,14.94,0.20,2.45,8.70,21.80,107.64,-5.09,-28.02,54.39,0.00,0.26,-0.12,0.60,0.00,44.75,32.26,15.64,14.85,23.74,23.74,-19.93,-30.29,-11.22,1.31,1.48,18.49,26.39,0.95,31.48,165.86,28.79,32.43,18.98,5.38,45.73,9.08,0.15,9.23,1.18,8.05,5.08,19.86,11.11,3.44,7.23,0.82,0.00,5.08,2.14
Integra Switch,517423,,INE0IPL01018,Electrical Equipment,Other Electrical Equipment,157.50,,45.39,,30.76,-15.98,-15.98,0.00,12.13,,0.00,-1.22,-84.62,-1550.00,68.60,0.00,0.00,0.00,0.00,0.00,31.39,0.00,0.00,0.00,0.00,0.00,0.00,0.00,0.00,-0.28,-0.28,0.02,0.02,0.00,0.02,0.13,0.02,0.02,15.38,0.07,0.01,-0.08,0.00,-0.08,0.00,-0.08,-0.08,-800.00,-800.00,2.88,-0.08,0.00,0.00,-0.08,0.00
Intellect Design,538835,INTELLECT,INE306R01017,IT - Software,Computers - Software & Consulting,748.85,624.90,10501.68,28.39,23.39,16.03,12.36,0.05,1.80,82.30,158.71,3100.27,22.59,4.84,29.63,-0.10,23.51,-2.06,7.34,0.24,39.53,-15.31,-16.95,-9.52,21.33,21.33,16.77,29.05,8.67,7.28,6.80,332.55,443.71,77.03,530.80,2500.00,451.25,607.66,21.23,23.97,701.69,142.09,32.68,174.77,48.14,126.63,93.70,20.25,13.35,69.51,125.24,1.39,0.00,94.49,31.54
Interglobe Aviat,539448,INDIGO,INE646L01027,Transport Services,Airline,5400.00,,208810.06,,17.62,5.24,-27.10,11.15,0.84,0.55,77749.20,6584.50,8.96,-147.77,41.57,0.00,20.32,-1.32,31.85,0.71,6.23,-90.62,-314.99,303.35,0.67,0.67,-37.49,-84.50,-110.94,-6.14,56.31,5699.62,7593.40,3295.30,18102.10,80802.90,11224.30,19904.50,22.40,187.84,20496.30,5226.50,1046.30,6272.80,2566.00,3706.80,2176.30,25.50,10.62,386.50,2310.70,1396.10,0.00,2176.30,134.40
International Gemological Instit,544311,IGIL,INE0Q9301021,Commercial Services & Supplies,Diversified Commercial Services,364.95,613.77,15773.89,25.87,19.78,69.25,55.81,0.10,5.04,82.21,142.76,1401.56,21.59,24.26,76.55,0.00,9.49,0.89,5.51,-0.87,8.44,-7.72,-6.42,-5.15,21.17,21.17,28.97,35.97,30.99,3.84,2.93,427.31,585.32,35.30,600.31,1053.16,594.18,635.64,57.00,9.89,300.91,173.51,13.70,187.21,9.79,177.42,126.53,57.66,42.05,86.43,174.97,2.45,0.00,126.53,48.44
Intl. Combustion,505737,,INE403C01014,Industrial Manufacturing,Industrial Products,521.00,,124.52,,31.54,0.48,-1.41,0.21,1.59,-0.91,26.90,128.34,2.08,-150.20,52.88,0.00,0.00,0.00,0.01,0.00,47.13,-469.44,-317.96,-178.40,22.82,22.82,-289.55,141.79,329.03,-16.69,-3.89,12.10,16.35,4.27,23.43,292.98,18.51,24.86,8.00,62.54,59.89,1.34,0.43,1.77,1.66,0.11,-0.93,2.24,-1.55,2.39,-0.93,1.04,0.00,-0.93,0.00
Intl. Travel Hse,500213,,INE262B01016,Leisure Services,"Tour, Travel Related Services",304.10,484.42,243.11,11.27,33.00,17.93,13.24,0.01,2.96,266.73,1.10,171.32,-2.95,-20.98,61.69,0.00,0.00,0.00,0.04,0.04,38.27,7.84,5.45,-4.31,26.52,26.52,-16.81,-13.06,-17.90,7.05,8.59,27.02,36.79,6.64,38.14,235.63,37.38,44.61,16.19,33.96,57.01,9.34,1.99,11.33,2.01,9.32,6.87,16.38,12.05,7.99,9.29,0.03,0.00,6.87,2.42
Invigorated Bus.,511716,,INE359A01012,Commercial Services & Supplies,Consulting Services,6.57,,26.45,,38.25,,,,0.03,-1.88,9.82,-219.72,-100.00,-15.00,68.08,0.00,0.00,0.00,0.00,0.00,31.91,0.00,0.00,0.00,,,0.00,0.00,25.00,-0.01,-0.01,-0.08,-0.08,0.15,-0.13,0.20,0.02,0.02,-65.00,-0.02,0.00,-0.08,0.06,-0.02,0.00,-0.02,-0.04,,,40.17,-0.04,0.02,0.00,-0.04,0.00
IRB Infra.Devl.,532947,IRB,INE821I01022,Construction,Civil Construction,20.18,14.29,24373.40,24.78,18.04,7.48,4.31,0.96,1.24,1.82,20027.06,20344.88,-2.20,17.88,30.81,0.02,43.87,0.03,10.14,0.12,15.17,3.38,5.32,6.44,2.02,2.02,21.07,13.74,51.26,0.25,0.17,992.19,6861.39,6221.96,3472.33,7613.47,2846.60,3884.23,45.61,5.37,2098.97,951.98,65.61,1017.59,269.21,748.38,202.48,45.35,9.65,603.90,286.38,462.00,0.00,202.48,83.90
IRB InvIT Fund,540526,IRBINVIT,INE183W23014,Transport Infrastructure,"Road AssetsToll, Annuity, Hybrid-Annuity",63.03,41.62,4980.59,15.61,19.35,6.96,5.11,1.15,1.29,1.55,9361.01,-698.45,56.32,-13.20,,,,,,,,-17.77,-5.06,2.07,0.00,0.00,61.97,58.69,-20.24,0.62,1.72,337.72,367.87,26.19,890.23,1084.06,643.83,897.94,82.12,6.13,290.74,244.63,1.55,244.63,70.61,174.02,99.60,84.14,33.74,4748.49,103.07,72.50,1.55,98.11,3.47
Iris Clothings,,IRISDOREME,INE01GN01025,Textiles & Apparels,Garments & Apparels,53.52,21.61,1018.66,57.98,25.21,16.05,14.45,0.24,3.19,9.06,34.31,103.69,31.84,31.91,61.17,0.00,0.00,0.00,0.74,-0.05,38.09,-37.64,-35.86,-25.46,36.02,36.02,53.04,105.32,52.47,0.21,0.14,13.12,17.81,0.31,28.00,144.14,22.01,28.31,19.43,0.69,37.40,5.26,0.03,5.29,1.08,4.21,2.63,14.06,7.03,36.69,3.63,0.58,0.00,2.63,1.00
Ishaan Infrastru,540134,,INE818R01011,Construction,Civil Construction,12.65,,8.19,,18.04,-3.66,-3.97,0.00,19.68,,0.00,-0.04,-100.00,-257.14,1.95,0.00,0.00,0.00,0.00,0.00,98.06,-54.55,-37.50,-37.50,,,-16.67,33.33,-16.67,-0.08,-0.09,-0.06,0.02,0.36,-0.34,0.00,0.02,0.02,,-0.09,0.00,-0.06,0.00,-0.06,0.00,-0.06,-0.06,,,6.47,-0.06,0.00,0.00,-0.06,0.00
ITC,500875,ITC,INE154A01025,Diversified FMCG,Diversified FMCG,287.00,262.68,359659.74,18.21,45.56,38.91,29.32,0.03,1.80,246.69,2399.06,71254.35,-3.23,-1.41,0.00,0.00,34.23,-0.60,49.13,-0.02,16.61,-17.57,-23.97,-25.18,5.13,5.13,-23.99,1.58,-15.62,3.51,4.19,34586.45,41942.95,17802.75,25831.58,75323.34,26833.24,28479.56,34.29,27.77,21494.79,6816.47,750.97,7567.44,422.96,7144.48,5343.41,31.71,24.86,1251.75,7128.01,16.47,0.00,5244.20,1784.60
ITC Hotels,544325,ITCHOTELS,INE379A01028,Leisure Services,Hotels & Resorts,165.22,131.63,34387.41,37.31,28.87,11.23,7.89,0.01,2.07,153.67,74.19,11449.52,16.09,35.30,39.85,0.00,11.61,-2.97,23.98,2.52,24.53,-42.69,-39.96,-37.31,5.41,5.41,19.48,90.58,36.05,0.87,0.64,639.20,884.06,77.45,1253.18,3559.81,934.73,1337.08,35.20,3.05,815.54,244.67,48.23,292.90,102.44,190.46,133.71,30.00,16.40,208.17,188.80,1.66,0.00,133.10,55.09
Ivalue Infosolut,544523,IVALUE,INE056801025,IT - Services,IT Enabled Services,274.70,378.84,1503.53,14.02,24.65,25.37,19.81,0.12,1.36,13.88,69.33,556.95,5.52,23.71,32.10,0.02,2.73,0.51,15.44,0.19,49.73,-63.14,-61.92,-66.06,96.60,96.60,72.55,408.42,51.74,2.90,2.47,85.58,113.19,19.67,115.30,922.68,127.81,134.97,12.50,20.32,227.90,10.09,7.17,17.26,1.78,15.48,10.36,4.43,4.55,8.42,13.85,1.63,0.00,10.39,3.49
Iykot Hitech,522245,,INE079L01013,Industrial Manufacturing,Industrial Products,21.11,,21.91,,31.54,-32.31,-31.69,0.00,15.06,,0.00,-2.57,-63.33,-35.71,36.82,-29.48,0.00,0.00,0.13,0.06,47.81,-1600.00,-1600.00,-1000.00,9.09,9.09,36.36,-115.15,28.57,-0.43,-0.17,-1.07,-1.05,0.09,-1.01,5.01,-1.06,-0.94,-20.16,-0.52,0.68,-0.33,0.00,-0.33,0.02,-0.35,-0.35,-48.53,-51.47,6.25,-0.35,0.00,0.00,-0.35,0.00
J & K Bank,532209,J&KBANK,INE168A01041,Banks,Private Sector Bank,156.12,239.55,17202.69,7.47,14.36,5.84,15.37,10.46,6.55,1.39,177785.49,16893.31,4.78,7.26,59.40,0.00,9.38,1.03,7.85,1.85,23.37,-46.30,0.88,2.86,0.00,0.00,11.01,7.93,-11.50,3.89,4.40,2081.08,2938.68,1146.94,8701.01,12541.08,9678.95,9846.96,69.38,18.91,3269.45,2208.80,253.20,2462.00,0.00,2462.00,484.53,67.56,14.82,110.13,659.36,1802.64,0.00,484.53,173.36
J K Cements,532644,JKCEMENT,INE823G01014,Cement & Cement Products,Cement & Cement Products,5563.50,2383.12,42995.30,44.03,31.16,15.10,15.61,0.88,0.92,4.28,6182.99,6959.98,15.92,6.47,45.66,0.00,16.85,-0.01,23.72,-0.03,13.76,-17.00,-3.91,-5.09,5.28,5.28,-5.81,-0.75,-15.31,35.91,41.99,794.41,1242.39,269.25,2033.78,11879.15,1605.41,2206.87,17.12,111.45,3352.53,687.66,56.45,744.11,146.42,597.69,324.25,20.51,9.67,77.27,489.15,108.54,0.00,324.42,164.90
Jagsonpal Pharma,507789,JAGSNPHARM,INE048B01035,Pharmaceuticals & Biotechnology,Pharmaceuticals,235.37,100.23,1554.14,33.06,33.57,22.73,17.30,0.03,5.06,62.02,8.17,262.78,3.87,10.25,69.06,1.17,2.30,-0.14,0.62,0.40,28.04,50.57,49.29,54.48,5.85,5.85,21.41,-21.41,22.13,2.00,1.62,39.70,69.86,27.88,51.07,268.72,51.13,59.26,19.00,8.34,75.61,14.20,2.83,17.03,2.35,14.68,10.80,18.78,14.28,13.31,14.43,0.25,0.00,10.80,3.64
Jai Mata Glass,523467,,INE250C01027,Other Construction Materials,Other Construction Materials,3.01,,30.10,,19.53,-10.27,-10.76,0.00,65.33,,0.00,-8.06,-95.45,38.78,44.57,0.00,0.00,0.00,0.00,0.00,55.44,0.00,0.00,0.00,700.00,700.00,-500.00,-500.00,-400.00,-0.01,0.00,-0.12,0.42,0.37,0.05,0.43,0.09,0.09,11.63,-0.05,0.11,0.02,0.00,0.02,0.00,0.02,0.02,18.18,18.18,10.00,0.02,0.00,0.00,0.02,0.00
Jaipan Industrie,505840,,INE058D01030,Consumer Durables,Household Appliances,36.72,53.43,22.40,6.63,48.95,5.68,5.46,0.93,5.11,10.60,7.15,1.61,-7.03,1308.33,35.13,-4.80,0.00,0.00,0.00,0.00,64.88,66.67,0.00,-24.00,35.84,35.84,26.67,66.67,100.00,0.16,0.08,0.24,0.24,0.02,0.92,28.64,0.74,0.94,3.21,0.39,6.07,0.15,0.05,0.20,0.07,0.13,0.05,2.47,0.82,6.10,0.05,0.08,0.00,0.05,0.00
Jamshri Realty,502901,,INE462D01034,Realty,"Residential, Commercial Projects",75.00,,52.40,,28.45,5.92,,,0.18,0.97,53.79,-12.34,-3.20,92.42,63.40,0.00,0.00,0.00,0.35,0.00,36.25,-190.00,70.69,164.00,19.40,19.40,15.79,-56.14,100.00,0.26,0.13,-1.56,-1.24,2.16,0.67,7.03,1.36,2.70,9.53,-1.77,1.84,0.57,0.45,1.03,0.22,0.81,0.09,30.98,5.43,6.99,0.09,0.71,-0.01,0.10,0.00
Jana Small Finan,544118,JSFB,INE953L01027,Banks,Other Bank,584.85,557.55,6177.87,16.27,16.27,7.45,7.63,9.31,2.13,1.13,41281.25,4328.25,18.24,-12.26,16.94,-4.91,4.01,-0.30,15.31,1.02,62.69,11.02,4.53,13.23,0.00,0.00,34.50,18.78,52.29,14.74,9.69,501.42,473.68,775.86,2075.04,4709.79,2790.34,2850.90,44.06,47.73,1240.65,491.00,265.99,756.99,0.00,756.99,101.93,39.58,8.22,105.18,101.93,655.06,0.00,101.93,0.00
Jasch Gauging,544112,,INE0QXV01014,Industrial Manufacturing,Industrial Products,516.30,524.13,233.98,15.45,31.54,21.28,15.71,0.00,8.94,186.82,0.28,94.69,12.78,2.51,57.63,0.00,0.00,0.00,0.00,0.00,42.37,23.83,21.27,32.97,9.05,9.05,11.08,-16.47,7.89,8.14,7.55,14.75,20.09,5.43,15.62,52.71,20.27,21.15,29.63,32.39,12.66,3.34,1.41,4.75,0.20,4.55,3.42,26.38,27.01,4.53,4.53,0.02,0.00,3.42,1.11
Jasch Industries,500220,,INE711C01028,Textiles & Apparels,Other Textile Products,311.40,250.79,211.69,14.17,24.39,19.22,18.86,0.55,1.46,12.31,42.01,70.09,42.47,91.78,57.64,0.00,0.00,0.00,0.00,0.00,42.35,-40.28,-37.94,-35.01,21.05,21.05,55.15,138.73,72.40,5.60,3.25,7.54,9.73,0.73,13.63,182.56,11.40,14.42,7.47,11.01,41.89,4.08,0.09,4.17,0.78,3.39,2.21,9.74,5.28,6.80,2.95,0.44,0.00,2.21,0.74
Jayant Agro Org.,524330,JAYAGROGN,INE785A01026,Chemicals & Petrochemicals,Specialty Chemicals,230.95,269.91,696.04,12.81,28.94,11.58,8.49,0.22,2.07,5.52,131.23,595.07,1.86,-2.16,67.13,0.00,0.06,0.02,0.02,0.02,32.80,12.98,19.54,16.94,11.86,11.86,28.42,9.81,26.10,6.69,5.38,54.93,72.60,2.12,108.81,2528.15,91.54,110.95,4.30,18.30,672.17,30.37,2.18,32.55,5.32,27.23,16.36,4.52,2.43,15.00,21.95,5.28,0.00,16.15,5.67
Jayaswal Neco,522285,JAYNECOIND,INE854B01010,Industrial Products,Iron & Steel Products,88.18,58.63,8545.38,14.95,21.73,20.67,18.05,0.74,1.39,3.02,2108.80,1870.37,22.18,140.77,55.15,0.00,1.32,0.42,0.78,0.48,42.75,1.60,8.21,5.33,6.18,6.18,25.75,19.39,108.47,2.00,0.96,112.68,103.20,12.63,940.81,5953.62,666.70,953.44,15.80,1.16,1649.35,314.59,4.85,319.44,74.67,244.77,93.02,19.07,5.64,970.99,125.39,119.38,0.00,93.02,32.37
Jayshree Chem.,506520,,INE693E01016,Chemicals & Petrochemicals,Commodity Chemicals,6.09,4.92,17.86,41.53,21.02,2.19,1.65,0.05,2.44,6.50,0.55,-18.87,38.75,386.67,46.26,0.00,0.00,0.00,0.01,0.00,53.03,-63.16,-30.43,350.00,21.60,21.60,-71.88,-93.75,-450.00,0.02,-0.01,-0.04,-0.27,0.63,-0.58,16.88,0.02,0.28,-3.44,-0.09,4.23,-0.32,0.31,-0.13,0.00,-0.13,-0.02,-7.57,-3.31,29.33,-0.02,0.01,0.12,-0.14,0.00
JBM Auto,532605,JBMA,INE927D01051,Auto Components,Auto Components & Equipments,662.60,181.79,15657.03,68.05,30.39,14.78,15.55,1.97,1.10,1.98,3028.80,1514.62,12.46,12.06,67.53,0.00,2.03,0.06,0.16,0.06,30.27,-47.20,-33.89,-32.16,34.82,34.82,29.39,90.74,13.37,1.78,1.56,202.35,273.19,52.47,642.40,5472.33,520.80,695.53,11.74,8.54,1253.88,120.14,40.15,160.29,43.97,116.32,39.04,9.58,3.11,23.65,50.55,65.77,0.00,36.80,11.51
Jindal Hotels,507981,,INE726D01016,Leisure Services,Hotels & Resorts,64.50,43.13,45.15,12.79,28.87,11.66,10.87,1.93,0.86,2.50,47.59,17.64,11.22,223.85,70.95,0.00,0.00,0.00,0.00,0.00,29.04,-68.13,-60.69,-46.52,5.56,5.56,41.29,164.18,-300.00,0.83,-0.41,1.37,2.01,3.36,8.54,44.99,7.25,12.26,18.98,1.66,9.57,2.01,0.01,2.02,1.21,0.81,-0.29,21.00,-3.03,7.00,-0.29,1.10,0.00,-0.29,0.01
Jindal Saw,500378,JINDALSAW,INE324A01032,Industrial Products,Iron & Steel Products,259.30,303.82,16595.36,25.40,21.73,10.43,8.20,0.37,1.61,2.52,4690.74,12510.29,-8.57,-62.04,63.25,0.00,13.08,-0.38,8.36,2.57,15.03,-26.59,-24.84,-18.08,16.94,16.94,-41.60,-28.71,-78.15,1.63,6.63,1747.16,2348.96,130.41,3444.06,20828.89,2986.50,3588.56,16.54,27.18,4084.68,670.11,28.66,698.77,153.33,545.44,415.47,16.41,10.17,63.95,374.30,171.14,0.00,424.04,-41.17
Jindal Stain.,532508,JSL,INE220G01021,Ferrous Metals,Iron & Steel,731.70,632.94,60355.64,18.33,17.28,19.30,17.75,0.38,1.25,8.66,7460.33,19626.49,9.82,27.78,62.04,0.00,20.45,-0.42,7.35,0.20,10.12,-7.86,-9.72,-8.64,7.01,7.01,2.55,12.24,7.56,9.33,8.67,2506.82,3338.96,438.16,4468.56,39312.21,3952.81,4908.93,11.37,30.41,10207.14,1296.14,68.87,1365.01,251.84,1113.17,714.66,12.70,7.00,164.73,969.05,144.12,0.00,714.16,254.39
Jindal Steel,532286,JINDALSTEL,INE749A01030,Ferrous Metals,Iron & Steel,1105.10,437.26,112755.50,36.52,17.28,9.70,8.22,0.44,1.25,3.53,22609.55,50797.16,16.45,-19.17,62.71,0.00,8.84,-0.35,19.52,0.38,8.73,-18.96,-24.88,-9.17,3.06,3.06,-11.50,-2.56,-43.60,8.28,14.65,3514.76,4343.55,-1065.11,9488.29,50128.66,6779.60,9547.15,18.93,27.57,12294.48,3005.60,30.40,3036.00,721.51,2314.49,1495.97,24.45,12.17,101.75,2017.88,296.61,0.00,1493.97,521.91
Jindal Worldwide,531543,JINDWORLD,INE247D01039,Textiles & Apparels,Other Textile Products,40.41,9.63,4083.47,48.17,24.39,8.94,8.46,0.65,1.91,3.90,558.35,760.13,-1.72,12.65,61.76,0.00,0.09,-0.07,0.00,0.00,38.16,24.03,15.18,-26.91,25.92,25.92,-25.33,2.16,85.84,0.32,0.17,75.94,103.64,2.57,194.88,2288.07,163.19,197.54,8.52,0.76,539.90,40.34,2.70,43.04,5.14,37.90,17.44,7.47,3.23,100.26,22.76,15.14,0.00,17.44,5.32
Jio Financial,543940,JIOFIN,INE758E01017,Finance,Investment Company,263.00,259.79,173669.40,84.04,36.02,1.86,1.19,0.16,6.98,3.31,21768.36,127500.45,119.23,28.96,49.13,2.01,11.27,-1.04,13.27,-0.99,26.15,204.99,118.03,131.12,1.24,1.24,205.85,32.34,155.73,1.26,0.51,1612.59,1946.91,428.45,1548.63,2043.29,1954.56,1977.08,75.79,2.54,612.46,456.88,67.02,495.33,6.13,489.20,324.66,74.60,49.39,6353.14,418.97,98.80,28.57,302.52,94.31
JK Paper,532162,JKPAPER,INE789E01012,"Paper, Forest & Jute Products",Paper & Paper Products,385.75,296.99,6993.47,21.40,16.85,7.64,5.08,0.47,1.39,3.28,2577.52,5339.21,10.00,-4.09,52.94,0.00,11.39,-0.20,6.27,0.12,29.40,51.95,23.84,4.79,7.46,7.46,16.07,10.77,62.71,7.18,4.67,368.65,526.86,108.17,928.11,6718.07,645.74,977.43,13.82,24.19,1661.04,249.64,22.88,272.52,89.01,183.51,83.75,15.03,5.04,169.40,116.37,67.14,0.00,79.12,32.69
JM Financial,523405,JMFINANCIL,INE780C01023,Finance,Holding Company,120.89,110.02,11564.90,10.95,14.58,11.63,11.94,1.09,2.83,2.47,11634.63,10561.79,-5.25,-4.38,57.03,-0.04,16.95,-0.21,5.50,-0.38,20.54,127.62,43.47,42.46,34.22,34.22,-17.66,-42.20,-19.66,3.05,4.75,820.26,996.85,42.76,2322.81,4410.07,2300.97,2364.76,52.67,8.59,1111.34,850.22,9.89,860.11,16.67,843.44,458.77,76.50,41.28,95.62,592.56,250.88,0.00,453.81,134.98
Josts Engg. Co.,505750,,INE636D01041,Industrial Manufacturing,Industrial Products,220.55,609.61,260.84,66.03,31.54,6.61,3.25,0.02,4.13,4.28,3.04,158.42,2.56,-70.91,48.15,0.09,0.00,0.00,0.05,0.00,51.80,-90.81,-339.01,-260.91,40.67,40.67,50.24,-193.36,320.00,2.13,0.51,16.41,21.56,1.34,23.74,217.33,23.88,25.53,10.92,13.63,39.61,2.11,0.42,2.53,0.36,2.17,0.60,5.33,1.51,1.00,0.90,1.27,0.00,0.60,0.30
JP Power Ven.,532627,JPPOWER,INE351F01018,Power,Power Generation,18.76,21.48,12850.07,15.39,22.12,6.97,3.60,0.27,2.70,3.32,3391.08,5878.80,8.80,12.35,24.00,0.00,6.75,0.17,11.15,-5.88,58.08,-3606.66,656.86,525.48,18.95,18.95,26.22,-79.82,68.57,0.68,0.41,813.41,1215.61,245.36,1854.62,5462.19,1629.68,2099.88,33.95,1.19,1583.16,601.36,47.72,649.08,117.33,531.75,278.13,37.98,17.57,6853.46,434.81,96.94,0.00,278.13,156.68
JSW Energy,533148,JSWENERGY,INE121E01018,Power,Power Generation,569.00,236.43,104362.80,52.02,22.12,8.16,7.51,2.50,0.60,1.29,76945.78,28995.33,35.37,-7.65,66.53,-2.88,11.41,1.67,16.16,1.87,5.82,-7.12,23.31,27.71,8.60,8.60,3.03,-19.33,-36.27,2.57,4.25,1785.10,2213.90,916.29,5221.38,11745.39,4278.85,5933.49,44.45,11.16,5143.37,2788.66,270.86,3059.52,738.59,2320.93,835.86,54.22,16.25,1745.28,1015.41,1305.52,0.00,743.12,179.55
JSW Infrast,543994,JSWINFRA,INE880J01026,Transport Infrastructure,Port & Port services,329.00,138.06,76657.05,49.44,22.03,13.69,15.44,0.63,2.27,5.52,6898.92,10460.46,19.02,-2.82,73.93,-9.68,11.21,4.29,9.19,6.76,5.39,-15.59,-19.39,-12.40,18.95,18.95,15.95,32.35,-8.21,1.49,1.83,1439.30,1802.84,352.95,2262.18,4476.14,1984.74,2531.29,50.54,7.16,1223.85,581.16,89.85,671.01,143.46,527.55,389.57,47.49,31.83,415.98,472.56,54.99,0.00,384.68,82.99
JSW Steel,500228,JSWSTEEL,INE019A01038,Ferrous Metals,Iron & Steel,1292.30,1027.40,315889.21,26.24,17.28,10.96,10.24,0.99,1.48,2.74,99310.00,99748.00,12.22,136.05,44.29,-1.02,25.92,0.54,11.49,0.33,17.62,-75.60,18.25,9.70,5.94,5.94,24.20,13.22,112.58,19.02,8.93,3882.08,5077.00,73.00,22725.00,168824.00,14110.00,23419.00,13.46,14.33,43147.00,7476.00,350.00,7826.00,2537.00,5289.00,2209.00,17.33,5.12,244.00,3072.00,2217.00,0.00,2184.00,863.00
JTL Defence,537254,,INE140B01048,Industrial Products,"Aluminium, Copper & Zinc Products",599.80,8.20,631.37,1127.45,16.95,0.68,1.29,0.30,2.86,1.28,59.82,185.68,4668.24,107.14,95.00,0.00,0.00,0.00,0.00,0.00,5.00,-257.06,-163.60,-33.33,50.01,50.01,-236.67,-305.00,-10.10,-2.54,-1.89,-6.44,-6.37,0.20,-1.16,0.98,-6.37,-0.96,-118.37,-4.11,0.00,-1.80,0.01,-1.79,1.15,-2.94,-2.97,,,15.68,-2.94,0.00,0.00,-2.97,0.03
Jubilant Ingrev.,543271,JUBLINGREA,INE0BY001018,Chemicals & Petrochemicals,Specialty Chemicals,757.45,242.95,12070.49,37.96,28.94,11.35,9.51,0.25,1.29,8.87,791.81,3110.45,10.96,14.58,45.22,0.00,6.49,0.00,24.98,0.22,22.30,22.42,28.15,22.45,16.83,16.83,40.20,14.49,40.91,6.64,4.71,251.37,343.62,37.56,519.33,4177.62,399.52,557.15,12.43,15.77,1037.87,142.00,11.30,153.30,40.84,112.46,75.10,13.68,7.24,15.81,99.77,12.69,0.00,75.10,24.67
Jumbo Bag,516078,,INE699D01015,Industrial Products,Packaging,91.30,91.74,76.42,7.29,21.77,14.63,14.16,0.86,1.35,5.84,41.29,38.96,0.92,108.96,42.77,0.01,0.00,0.00,0.00,0.00,57.23,354.10,177.34,147.48,23.27,23.27,87.00,-24.44,145.13,6.62,2.70,3.15,4.96,0.27,10.38,126.45,8.29,10.58,8.21,3.87,30.64,4.46,0.37,4.83,0.67,4.16,2.26,14.56,7.38,8.37,3.42,0.74,0.00,2.26,1.16
Jupiter Life Lin,543980,JLHL,INE682M01020,Healthcare Services,Hospital,319.00,141.88,10502.14,54.94,48.63,14.80,13.06,0.38,0.88,7.82,584.24,1478.52,14.76,-0.87,40.91,0.00,9.37,0.89,16.51,-0.50,33.20,-25.35,-15.51,-11.10,4.85,4.85,1.07,13.70,-14.63,1.14,1.34,190.65,260.68,25.43,303.04,1302.40,267.94,325.02,23.27,5.89,352.95,78.42,12.82,91.24,21.22,70.02,43.95,22.22,12.45,65.57,61.75,8.27,0.00,43.89,17.80
Just Dial,535648,JUSTDIAL,INE599M01018,Retailing,Internet & Catalogue Retail,710.65,711.59,6037.69,11.60,21.45,13.06,10.58,0.02,8.87,84.66,84.51,5021.44,7.27,-13.60,74.14,-0.01,3.21,-1.61,9.87,0.56,12.76,66.22,64.71,-1.55,0.00,0.00,1.11,2.71,4.12,19.54,18.77,266.80,664.15,386.54,335.38,1141.93,313.50,360.76,29.37,68.70,297.86,86.44,127.31,213.75,11.71,202.04,159.65,29.02,53.60,85.04,198.91,3.13,0.00,159.65,39.26
K C P,590066,KCP,INE805C01028,Cement & Cement Products,Cement & Cement Products,152.97,175.87,1965.05,11.10,31.16,12.20,12.17,0.37,2.80,8.46,664.23,1769.17,6.55,-7.69,44.39,0.14,2.31,-0.33,0.55,0.00,52.74,-54.38,-43.46,-45.45,5.83,5.83,-42.20,5.95,-37.70,2.86,4.92,161.48,249.95,35.70,332.91,2528.94,308.67,393.62,13.16,11.41,676.51,111.09,16.50,127.59,22.09,105.50,88.68,16.42,13.11,12.89,96.57,8.93,0.00,63.49,6.81
Kabra Extrusion,524109,KABRAEXTRU,INE900B01029,Industrial Manufacturing,Industrial Products,418.60,12.99,1465.07,2092.96,31.54,0.06,-1.91,0.33,1.47,0.60,145.06,424.00,3.14,-95.56,60.44,-0.05,0.36,0.01,0.02,0.00,39.19,-125.22,-112.57,110.88,16.34,16.34,-308.75,-198.99,-77.14,-0.50,-2.18,18.45,39.81,22.02,49.66,476.85,40.16,60.86,10.41,9.21,85.97,-2.97,4.05,1.08,6.25,-5.17,-7.61,-3.45,-8.85,17.49,-7.83,2.66,0.00,-7.61,-0.21
Kaiser Corporat.,531780,,INE229G01022,Commercial Services & Supplies,Trading & Distributors,6.35,,33.42,,22.35,-0.65,-19.34,3.49,1.08,-0.45,17.58,-0.22,-42.29,15.60,26.60,0.00,0.00,0.00,0.00,0.00,73.41,-192.50,-149.17,-64.63,141.73,141.73,-60.27,12.33,48.00,-0.07,-0.05,-1.07,-2.40,1.94,-2.28,19.80,-0.50,-0.34,-11.52,-0.20,3.09,-1.46,1.59,0.13,0.03,0.10,-0.50,-47.25,-16.18,5.26,-0.44,0.54,0.00,-0.27,0.07
Kajaria Ceramics,500233,KAJARIACER,INE217B01036,Consumer Durables,Ceramics,1214.70,372.73,19103.31,33.13,36.13,23.27,17.90,0.07,2.97,36.92,228.59,3049.65,8.50,63.87,47.69,0.00,11.58,1.35,26.24,-1.23,14.48,9.24,1.01,-1.18,12.43,12.43,39.34,41.00,55.04,10.64,6.84,300.67,435.97,-14.14,635.54,4635.07,513.65,679.05,13.71,18.48,1102.74,186.86,11.89,201.00,43.64,157.36,110.31,16.95,10.21,15.93,149.92,5.19,-2.25,111.20,39.61
Kalind,526935,,INE377D01026,Commercial Services & Supplies,Diversified Commercial Services,9.39,3.68,858.41,23.16,19.78,31.75,24.90,0.05,9.23,1233.25,9.78,91.07,610.81,616.83,13.76,-0.20,0.00,0.00,1.46,0.75,84.78,39.33,17.54,30.28,42.08,42.08,288.11,197.90,186.10,0.16,0.06,-0.14,-0.49,0.45,-0.74,0.00,-0.39,-0.26,,0.00,13.60,5.72,0.48,6.20,0.00,6.20,5.25,42.06,38.60,3.00,6.18,0.02,0.00,5.25,0.93
Kalpat.,544423,KALPATARU,INE227J01012,Realty,"Residential, Commercial Projects",300.70,160.19,6205.62,50.52,28.45,1.27,2.73,2.23,1.52,3.13,9167.82,3910.56,62.33,553.27,81.34,0.00,5.87,-2.22,8.23,1.94,4.56,-114.98,-106.13,-121.22,18.55,18.55,62.28,-864.65,-43.98,-1.29,-2.40,20.20,75.92,109.97,56.76,2221.62,128.10,165.75,2.55,1.29,443.20,-28.26,13.58,-14.68,9.84,-24.52,-51.84,-6.38,-11.70,205.91,-56.37,31.85,0.00,-49.42,-4.53
Kamadgiri Fash.,514322,,INE535C01013,Textiles & Apparels,Other Textile Products,135.95,52.65,79.79,26.25,24.39,8.09,8.22,0.38,1.81,2.03,14.95,33.40,-4.40,143.20,37.53,0.00,0.00,0.00,0.00,0.00,62.48,-92.38,-42.96,-31.34,12.87,12.87,-14.81,24.07,-20.00,0.27,0.34,1.48,1.60,0.71,8.03,177.50,5.87,9.12,4.52,2.04,36.31,1.62,0.05,1.67,0.81,0.86,0.20,4.46,0.55,5.87,0.27,0.59,0.00,0.20,0.06
Kamdhenu,532741,KAMDHENU,INE390H01020,Industrial Products,Iron & Steel Products,34.55,33.56,973.91,11.37,21.73,29.39,21.99,0.02,9.97,119.07,9.41,368.18,2.93,28.08,49.03,0.00,2.06,0.18,0.03,0.02,48.89,64.60,49.10,-38.67,6.73,6.73,-1.08,61.30,33.94,1.02,0.76,60.87,80.40,10.45,75.43,747.49,80.62,85.89,10.09,2.19,195.78,21.32,8.62,29.94,1.32,28.62,21.42,10.89,10.94,28.14,28.59,0.03,0.00,21.42,7.17
Kanoria Energy,539620,,INE534E01020,Cement & Cement Products,Cement & Cement Products,17.02,,145.17,39.23,31.16,6.82,0.41,0.90,1.24,1.42,83.17,49.88,1.84,1093.55,73.94,0.00,0.00,0.00,0.00,0.00,26.06,-3118.75,98.82,71.59,7.89,7.89,93.59,12.82,-3320.00,-0.57,0.02,3.58,5.26,2.78,18.54,298.37,17.39,21.35,6.21,0.42,99.64,3.90,0.44,4.34,1.04,3.30,0.15,3.91,0.15,42.65,0.24,3.06,0.00,0.15,0.09
Kanpur Plastipa.,507779,KANPRPLA,INE694E01014,Industrial Products,Packaging,211.01,236.37,513.26,11.82,21.77,17.15,15.61,0.42,1.69,6.27,112.38,240.93,11.94,56.49,68.03,-0.09,0.02,0.02,1.40,-0.08,30.55,-16.79,-13.09,-13.64,12.76,12.76,39.45,61.48,111.87,4.96,2.47,11.02,16.32,-1.37,43.56,562.87,43.05,54.73,7.74,4.76,179.50,12.80,1.56,15.54,2.95,12.59,5.73,7.13,3.85,23.23,8.12,3.29,-1.18,6.91,2.40
Kansai Nerolac,500165,KANSAINER,INE531A01024,Consumer Durables,Paints,204.18,91.27,16503.11,25.59,37.22,11.99,8.82,0.05,2.06,27.62,302.73,6632.91,5.24,0.93,74.96,0.00,4.02,0.42,11.88,-0.02,9.14,107.85,72.96,51.67,17.76,17.76,8.32,-28.58,5.95,2.86,2.73,624.98,1478.03,768.66,942.32,7822.97,819.15,1020.85,12.05,14.14,2162.03,303.15,52.61,355.76,52.94,302.82,215.59,14.02,9.97,80.85,295.46,7.36,0.00,220.91,79.87
Karnataka Bank,532652,KTKBANK,INE614B01018,Banks,Private Sector Bank,289.45,414.44,10940.26,7.61,14.36,6.06,10.36,8.63,9.75,1.32,114106.07,12846.03,0.47,23.41,0.00,0.00,13.10,1.32,15.75,-0.41,71.15,2.64,2.94,6.52,0.00,0.00,9.09,2.42,43.28,11.08,7.74,1272.41,1640.59,1269.51,6159.36,9013.60,7343.87,7428.93,68.33,33.67,2261.28,1503.81,358.36,1862.17,0.00,1862.17,292.40,66.50,12.93,377.98,356.49,1505.68,0.00,292.40,64.09
Karnika Industri,,KARNIKA,INE0MGA01012,Textiles & Apparels,Garments & Apparels,119.20,,739.01,26.43,25.21,,29.00,0.78,1.60,8.19,75.53,34.42,,,73.39,0.00,0.00,0.00,0.00,0.00,26.61,-1.93,-1.73,65.41,35.29,35.29,,,,1.45,,,,,,,,,,,,,,,,,,,,,,,,,
Kartik Invest.,501151,,INE524U01019,Finance,Other Financial Services,8688.35,2509.76,212.00,41.01,26.72,94.69,80.89,0.00,145.50,,0.00,8.17,29250.00,25950.00,74.81,0.00,0.00,0.00,0.00,0.00,25.19,500.00,16.67,-33.33,0.00,0.00,0.00,50.00,-700.00,2.46,-0.41,-0.03,-0.03,0.00,-0.03,0.06,-0.03,-0.03,-50.00,-1.23,0.00,-0.02,0.01,-0.01,0.00,-0.01,-0.01,,,0.24,-0.01,0.00,0.00,-0.01,0.00
Karur Vysya Bank,590003,KARURVYSYA,INE036D01028,Banks,Private Sector Bank,348.10,321.50,33645.68,12.26,14.36,7.62,19.10,8.38,2.10,1.58,118288.30,13914.54,16.02,36.93,2.07,0.00,17.92,-1.33,41.22,1.96,38.78,4.24,3.87,14.18,0.00,0.00,26.65,10.92,44.92,7.82,5.40,1937.81,2590.72,1829.55,6293.03,9678.04,8005.78,8119.52,65.02,20.10,2568.55,1729.31,447.25,2176.56,0.00,2176.56,521.45,67.33,20.30,161.05,687.36,1489.20,0.00,521.45,165.91
Kati patang Life,531126,,INE237C01016,Beverages,Breweries & Distilleries,15.44,,77.49,,51.47,-29.11,-53.13,0.64,3.28,-951.00,13.60,-25.26,-0.52,-151.30,35.95,2.47,0.00,0.00,0.01,0.00,64.05,-63.93,-65.80,-61.98,64.82,64.82,28.07,236.84,8.80,-0.27,-0.27,-3.97,-4.93,0.90,-5.21,10.92,-5.24,-5.10,-47.71,-0.69,1.76,-1.14,0.00,-1.14,0.00,-1.14,-1.25,-64.77,-71.02,35.90,-1.25,0.11,0.00,-1.23,0.00
KEI Industries,517569,KEI,INE878B01027,Industrial Products,Cables - Electricals,5023.30,2582.03,48029.77,48.18,28.45,20.07,14.75,0.04,2.96,20.89,253.02,6645.83,20.29,34.36,35.00,0.00,27.32,0.05,25.90,0.07,11.76,-3.58,-2.30,3.73,14.92,14.92,53.42,47.90,40.05,28.68,20.49,695.90,936.97,71.80,990.96,9735.88,991.93,1062.07,10.18,72.88,2590.32,258.01,39.61,297.62,19.89,277.73,195.75,9.96,7.56,19.11,263.23,14.50,0.00,195.75,67.48
Kellton Tech,519602,KELLTONTEC,INE164B01030,IT - Services,IT Enabled Services,14.27,26.24,759.92,8.32,24.65,14.96,13.65,0.24,3.24,5.85,191.00,754.12,9.35,10.76,37.67,0.00,1.04,-0.17,0.00,0.00,61.30,14.34,16.79,37.68,31.79,31.79,-1.99,-28.82,-1.46,0.42,0.46,79.72,92.50,2.07,127.64,1097.82,112.77,129.71,11.63,1.63,295.47,35.12,0.64,35.76,3.98,31.78,22.65,11.89,7.67,48.76,26.94,4.84,0.00,22.65,4.30
Keltech Energies,506528,,INE881E01017,Chemicals & Petrochemicals,Explosives,8840.45,3902.20,884.05,33.77,43.79,20.41,17.70,0.48,1.03,8.40,73.24,151.95,13.56,-0.83,54.33,0.00,0.00,0.00,0.16,0.02,45.51,-4.27,32.99,29.58,10.76,10.76,9.87,-15.21,-1.58,80.80,82.10,24.91,32.97,6.31,37.97,489.41,37.26,44.26,7.76,249.40,143.46,12.56,1.17,13.73,1.81,11.92,8.21,8.76,5.72,1.00,11.00,0.92,0.00,8.21,2.78
Kesoram Inds.,502937,KESORAMIND,INE087A01019,Cement & Cement Products,Cement & Cement Products,13.14,,405.04,,31.16,-8.48,-18.63,0.59,0.65,-1.32,218.54,59.46,4.63,23.03,43.34,0.00,0.14,0.14,3.99,-0.06,52.51,-164.98,18.11,-21.79,10.99,10.99,-6.18,19.96,-79.68,-0.65,-3.20,5557.31,5584.58,5696.20,-51.66,258.76,-71.04,-38.92,-19.96,179.12,61.05,-10.52,-77.50,1.79,5.45,-3.66,-99.34,-17.23,-15.61,310.66,-99.43,5.96,-89.81,-9.53,-0.09
Key Corp,507948,,INE130F01016,Finance,Non Banking Financial Company (NBFC),72.73,,43.64,,21.17,-4.07,-4.07,0.00,0.79,,0.00,59.37,93.53,-135.26,69.08,0.00,0.00,0.00,0.02,0.00,30.90,-196.05,-196.25,-196.46,0.22,0.22,17.51,-221.83,17.41,15.40,13.12,4.31,4.30,0.01,4.35,5.11,4.29,4.35,85.13,7.20,8.09,7.88,0.00,7.88,0.01,7.87,7.87,97.40,97.28,6.00,7.87,0.00,0.00,7.87,0.00
KFin Technolog.,543720,KFINTECH,INE138Y01010,Capital Markets,"Depositories, Clearing Houses and Other Intermediaries",945.00,464.51,16341.79,46.64,43.29,29.19,21.61,0.03,2.43,97.36,55.44,1500.54,22.77,2.51,22.82,-0.04,20.73,-5.53,27.31,2.09,29.14,-7.32,-9.75,-4.94,19.47,19.47,7.16,12.73,-2.65,4.35,4.49,308.19,447.59,37.72,479.11,1090.75,432.92,497.37,43.92,19.33,274.06,113.60,10.03,123.63,17.64,105.99,77.26,41.45,28.19,172.19,104.90,1.09,0.00,77.26,27.65
Khaitan (India),590068,KHAITANLTD,INE731C01018,Consumer Durables,Consumer Electronics,155.39,190.77,73.81,10.60,41.29,20.10,19.89,0.16,0.65,5.51,5.43,28.79,41.11,7.74,60.24,0.00,0.00,0.00,0.03,0.00,39.72,-17.01,-14.51,-10.10,8.04,8.04,34.17,49.25,56.41,5.14,3.28,4.69,7.15,2.75,7.30,77.61,7.35,7.70,9.41,14.69,29.66,1.99,0.11,2.10,0.07,2.03,1.56,6.71,5.26,4.75,1.60,0.43,0.00,1.56,0.03
Khaitan Chemical,507794,KHAICHEM,INE745B01028,Fertilizers & Agrochemicals,Fertilizers,49.35,118.51,476.31,8.18,15.20,18.50,25.37,1.05,1.49,2.93,305.82,280.95,19.87,47.39,72.65,0.00,0.11,-0.23,0.00,0.00,27.23,765.87,35.38,33.67,6.31,6.31,-25.66,-44.39,-49.04,1.12,2.21,1.40,-16.50,0.86,23.10,720.17,13.35,23.96,3.21,0.14,234.32,31.72,0.18,31.90,2.39,29.51,21.41,13.54,9.14,9.70,21.32,8.19,0.00,21.41,-0.10
Kinetic Engg.,500240,,INE266B01017,Auto Components,Auto Components & Equipments,259.10,,616.94,,30.39,3.61,1.42,0.47,2.03,-1.03,70.58,122.14,25.12,-261.26,65.04,0.00,3.23,-0.05,0.69,0.01,31.03,-3702.78,-544.71,-385.51,20.47,20.47,385.22,-269.95,-2594.23,-4.83,0.27,-4.10,6.22,13.54,4.27,141.73,0.60,7.29,3.01,2.74,35.34,-2.03,5.61,3.58,1.46,2.12,0.52,-5.74,1.47,23.41,0.52,1.60,0.00,0.63,0.00
Kirl. Brothers,500241,KIRLOSBROS,INE732A01036,Industrial Products,"Compressors, Pumps & Diesel Engines",1859.70,851.41,14810.44,36.59,47.29,20.35,17.30,0.10,1.57,16.24,250.09,2448.15,5.04,-4.23,65.95,0.00,6.41,0.17,10.23,-0.15,17.40,-39.70,-43.01,-36.44,14.21,14.21,3.67,63.12,0.15,8.39,8.40,409.48,559.05,63.91,609.36,4492.24,579.38,668.74,13.56,52.29,979.00,111.70,15.60,127.60,22.80,104.80,67.50,11.41,6.92,15.90,98.30,6.20,-0.30,66.91,27.80
Kirl.Pneumatic,505283,KIRLPNU,INE811A01020,Industrial Products,"Compressors, Pumps & Diesel Engines",1463.30,858.71,9504.78,34.79,47.29,30.30,22.73,0.00,1.95,1826.00,0.24,1237.96,9.99,26.98,38.81,0.00,10.39,0.83,25.97,-0.56,24.81,-76.32,-75.16,-74.99,29.12,29.12,29.89,419.27,21.35,5.25,4.33,213.43,280.65,17.93,293.60,1628.63,285.78,314.67,18.03,32.52,272.00,35.80,8.20,44.00,7.20,36.80,28.10,13.16,10.33,13.00,36.80,0.00,0.00,28.10,8.70
Kisan Mouldings,530145,,INE017C01012,Industrial Products,Plastic Products - Industrial,22.55,,269.39,,21.98,-3.14,-5.29,0.16,1.12,-3.27,31.55,74.29,-4.79,-3182.61,70.55,0.00,0.54,0.00,0.38,0.38,28.53,102.11,170.27,299.17,16.82,16.82,-338.31,-159.70,-11250.00,-0.56,0.01,3.30,3.39,0.47,10.64,273.36,5.10,11.02,3.89,0.28,61.49,2.01,0.22,2.23,1.49,0.74,0.06,3.27,0.10,119.46,0.06,0.68,0.00,0.06,0.00
Knowledge Realty,544481,KRT,INE1JAR25012,Realty,Real Estate Investment Trusts (REITs),117.64,33.20,52166.28,83.18,59.17,5.22,1.67,0.29,0.71,2.33,12363.20,-1011.83,,15380.51,,,,,,,,133.58,16.30,9.47,4.91,4.91,,,,0.57,,-2.36,-2.36,0.00,-2.36,0.00,-2.36,-2.36,,,,,,,,,,,,,,,,,
Kotak Mah. Bank,500247,KOTAKBANK,INE237A01036,Banks,Private Sector Bank,397.50,305.85,395509.32,19.75,14.36,6.98,11.39,3.65,2.24,1.91,662333.86,180231.22,5.68,4.59,25.87,0.00,25.21,-1.19,37.71,1.52,11.20,1.06,5.26,-16.15,0.00,0.00,-15.21,1.12,22.55,5.51,4.50,22068.66,28989.03,41426.21,16774.64,65668.83,57214.14,58155.05,25.54,22.26,17248.31,4124.88,9455.61,13580.49,0.00,13580.49,4472.18,23.91,25.93,994.16,6053.40,7527.09,0.00,4472.18,1624.27
KPIT Technologi.,542651,KPITTECH,INE04I401011,IT - Software,Computers - Software & Consulting,619.25,570.84,16982.04,27.19,23.39,26.31,20.97,0.24,1.03,11.12,838.38,3268.69,9.55,-22.64,38.59,-0.82,13.22,-0.03,23.60,-1.05,23.95,-28.57,-25.71,-18.68,14.08,14.08,-12.66,7.40,-32.28,4.27,6.27,821.94,1132.55,170.12,1229.78,5842.35,1150.64,1375.60,21.05,30.63,1538.76,294.76,15.96,310.72,62.88,247.84,171.90,19.16,11.17,271.93,235.81,12.03,0.00,171.90,63.91
Kreon Finnancial,530139,,INE302C01018,Finance,Non Banking Financial Company (NBFC),88.49,98.24,178.94,22.68,21.17,18.45,21.66,1.03,11.91,5.15,37.14,15.86,49.90,1460.34,60.53,4.93,0.00,0.00,0.00,0.00,39.47,1125.00,364.89,-4954.55,0.00,0.00,28.67,-102.65,16.98,2.18,1.86,-4.25,-4.07,0.11,-0.55,26.53,-1.34,-0.55,-2.07,-2.05,10.21,4.15,1.67,5.82,0.18,5.64,3.77,40.65,36.92,20.22,4.85,0.79,0.00,3.77,1.08
Krishana Phosch.,,KRISHANA,INE506W01020,Fertilizers & Agrochemicals,Fertilizers,180.38,166.00,5576.23,28.35,15.20,27.24,38.15,1.31,1.36,6.00,733.46,498.90,73.44,95.27,72.93,-0.01,0.37,0.11,0.03,0.03,26.67,-43.32,-5.33,-0.59,28.00,28.00,35.68,36.49,53.99,1.52,0.99,86.54,123.26,9.93,183.96,1355.21,162.71,193.89,13.57,2.80,395.54,65.56,2.81,68.37,7.64,60.73,30.58,16.57,7.73,61.83,51.27,9.46,0.00,30.58,20.68
Krishna Fil. Ind,500248,,INE073A01019,Industrial Products,Plastic Products - Industrial,4.81,,3.74,93.53,21.98,0.00,,,0.06,,2.85,-10.63,,166.67,62.45,0.00,1.16,0.00,0.00,0.00,36.39,-600.00,-600.00,0.00,,,0.00,0.00,-600.00,0.13,-0.03,0.01,0.01,0.09,-0.08,0.00,0.01,0.01,,0.01,0.00,-0.02,0.00,-0.02,0.00,-0.02,-0.02,,,7.79,-0.02,0.00,0.00,-0.02,0.00
Kross Ltd,544253,KROSS,INE0O6601022,Auto Components,Auto Components & Equipments,203.39,285.70,1312.72,22.70,30.39,16.43,11.95,0.11,3.46,11.06,53.72,457.51,17.09,13.22,68.57,0.05,2.51,-0.11,6.05,0.02,22.88,-40.71,-37.62,-32.85,27.45,27.45,39.46,107.67,24.39,2.06,1.66,48.00,67.39,5.27,81.26,620.41,79.64,86.49,13.10,7.45,139.36,16.17,2.09,18.26,2.05,16.21,10.70,11.60,7.68,32.26,13.87,2.34,0.00,10.70,3.17
Ksolves India,543599,KSOLVES,INE0D6I01023,IT - Software,Computers - Software & Consulting,282.80,328.82,673.21,19.26,23.39,127.40,131.53,0.20,2.33,57.85,5.70,17.05,13.79,7.77,58.92,0.00,0.01,-0.07,0.01,0.00,41.06,-5.88,0.69,-1.58,18.64,18.64,16.47,18.34,28.25,3.58,2.79,34.76,46.25,0.44,48.45,137.21,46.70,48.89,35.31,14.66,37.66,10.14,0.10,10.24,0.77,9.47,6.62,26.93,17.58,11.86,9.21,0.26,0.00,6.62,2.58
Kuber Udyog,539408,,INE594R01018,Finance,Non Banking Financial Company (NBFC),22.96,36.33,7.88,12.71,21.17,8.77,12.03,0.22,5.15,7.44,0.92,0.80,186.21,1140.00,0.00,0.00,14.44,14.44,0.29,0.00,85.27,-12.00,107.14,123.08,0.00,0.00,93.33,-13.33,144.44,0.64,0.26,0.03,0.04,0.00,0.27,0.43,0.27,0.27,62.79,0.09,0.25,0.15,0.00,0.15,0.00,0.15,0.09,60.00,36.00,3.43,0.09,0.06,0.00,0.09,0.00
Kush Industries,514240,,INE979D01011,Textiles & Apparels,Other Textile Products,6.10,,9.30,,24.39,-2.61,,,0.16,,8.93,-22.14,-100.00,83.33,58.01,0.00,0.00,0.00,0.00,0.00,39.31,-66.67,-66.67,50.00,,,0.00,-33.33,-150.00,0.01,-0.01,-0.08,-0.05,0.09,-0.14,0.01,-0.08,-0.08,-1400.00,-0.03,0.00,-0.03,0.01,-0.02,0.00,-0.02,-0.02,,,14.85,-0.02,0.00,0.00,-0.02,0.00
L G Balakrishnan,500250,LGBBROSLTD,INE337A01034,Auto Components,Auto Components & Equipments,1532.40,1699.05,4882.12,15.26,30.39,19.63,15.52,0.11,1.78,25.44,231.13,2121.81,20.77,12.07,34.84,0.01,6.42,-0.19,13.46,0.11,45.28,-3.80,-15.83,-8.17,12.58,12.58,9.23,18.95,0.07,21.01,21.00,273.34,391.39,78.25,416.07,2578.29,379.70,471.23,16.14,94.73,657.05,97.11,23.54,112.27,26.37,85.90,66.97,14.78,9.26,31.89,91.21,3.07,8.38,60.82,24.23
L T Foods,532783,LTFOODS,INE818H01020,Agricultural Food & other Products,Other Agricultural Products,415.30,368.14,14398.60,22.49,19.09,17.74,14.94,0.36,1.76,7.20,1610.05,4485.71,28.19,3.17,51.00,0.00,8.21,-0.53,10.84,0.54,29.95,35.22,27.01,32.39,7.39,7.39,33.33,0.72,8.87,5.28,4.85,603.30,822.00,116.57,978.79,8681.47,906.88,1092.56,11.27,17.43,2463.92,265.41,43.23,308.64,52.35,256.29,168.50,10.77,6.84,34.73,228.30,27.99,0.00,168.50,59.80
L&T Finance Ltd,533519,LTF,INE498L01015,Finance,Non Banking Financial Company (NBFC),318.00,156.95,79692.26,24.88,21.17,8.40,11.22,3.94,2.76,1.61,110297.66,25479.14,15.24,20.43,65.96,-0.03,7.71,0.07,14.90,-0.01,11.45,13.20,13.66,12.40,0.54,0.54,23.63,9.99,30.70,3.60,2.81,2644.02,3491.26,16.26,9620.58,15924.24,9498.42,9637.32,60.41,10.60,4259.57,2619.62,0.03,2619.65,40.69,2578.96,700.84,61.50,16.45,2497.71,943.22,1635.74,0.00,701.10,242.38
L&T Technology,540115,LTTS,INE010V01017,IT - Services,IT Enabled Services,3564.80,2941.48,37807.08,28.13,24.65,26.71,21.53,0.09,1.84,30.44,578.50,6451.50,10.13,9.97,73.52,-0.05,4.13,0.27,14.05,-0.59,8.29,7.33,0.04,5.16,17.42,17.42,24.42,18.31,12.97,33.62,29.79,1264.04,1713.00,282.90,1789.70,9642.20,1692.30,1995.40,18.56,119.64,2637.50,440.70,83.00,507.70,80.60,427.10,316.10,16.71,11.38,21.20,426.70,16.40,16.00,299.72,110.60
La Tim Metal & I,505693,,INE501N01020,Metals & Minerals Trading,Trading - Metals,10.66,20.79,139.26,15.75,49.61,14.73,10.59,0.67,1.83,2.99,52.42,65.09,61.36,2064.44,62.68,0.00,0.54,0.00,0.20,0.00,36.58,23.97,16.54,68.68,6.30,6.30,46.01,-13.44,47.78,0.23,0.16,-0.89,-1.89,4.80,1.20,256.58,3.24,5.97,0.47,-0.07,87.58,4.39,2.00,6.39,0.69,5.70,2.03,5.01,2.32,13.16,2.53,3.17,0.00,2.03,0.50
Ladam Affordab.,540026,,INE213U01019,Realty,"Residential, Commercial Projects",6.99,,12.80,,28.45,-0.38,-3.54,0.40,0.88,,11.35,19.14,-100.00,-1011.11,59.01,0.00,0.00,0.00,0.00,0.00,40.98,-53.33,50.00,-25.00,,,-14.29,14.29,-22.22,-0.04,-0.05,-0.06,-0.03,0.21,-0.23,0.39,-0.03,-0.02,-58.97,-0.03,0.00,-0.14,0.05,-0.09,0.00,-0.09,-0.09,,,9.15,-0.09,0.00,0.00,-0.09,0.00
Lagnam Spintex,,LAGNAM,INE548Z01017,Textiles & Apparels,Other Textile Products,88.44,261.84,156.26,8.53,24.39,10.07,11.23,2.64,1.03,1.86,357.89,117.68,7.69,38.29,68.50,0.00,0.00,0.00,0.00,0.00,31.50,-29.46,-12.98,-10.54,10.93,10.93,37.77,53.99,198.98,3.33,1.11,12.94,17.90,0.21,65.46,605.55,49.04,65.83,10.81,7.27,140.10,15.04,0.05,15.09,4.17,10.92,1.97,10.74,1.41,17.67,2.74,8.18,0.00,1.97,0.77
Lake Shore,519612,,INE734D01010,Food Products,Packaged Foods,82.90,15.47,29.02,161.22,46.04,1.13,0.79,0.00,31.09,,0.00,16.87,,-78.82,16.45,0.00,18.42,18.42,0.18,0.00,64.95,-416.67,1150.00,-81.67,,,0.00,445.45,11.76,0.54,0.49,0.73,0.97,1.36,-0.38,0.00,0.97,0.98,,2.09,0.00,-0.11,0.34,0.23,0.00,0.23,0.17,,,3.50,0.23,0.00,0.00,0.17,0.06
Lakhotia Poly.,535387,,INE191O01010,Textiles & Apparels,Other Textile Products,59.70,66.09,62.53,11.01,24.39,11.16,14.43,0.92,1.92,12.46,16.33,7.21,-52.09,-20.89,74.00,0.00,0.00,0.00,0.00,0.00,25.98,-88.66,-86.10,-95.58,106.25,106.25,-124.36,-651.28,-54.08,0.43,0.94,6.02,8.05,11.70,-2.93,59.28,8.72,8.77,-4.94,5.75,1.03,0.78,0.67,1.45,0.01,1.44,0.98,75.73,95.15,10.47,1.34,0.10,0.00,0.98,0.36
Larsen & Toubro,500510,LT,INE018A01030,Construction,Civil Construction,4025.00,1898.97,553828.28,31.43,18.04,14.57,15.86,1.15,1.00,3.90,125496.59,109014.67,9.78,13.35,0.00,0.00,19.13,0.35,43.01,-0.31,37.60,-18.67,-12.34,-21.79,20.84,20.84,1.56,29.85,15.51,29.97,26.30,15360.84,23578.79,3197.85,34426.90,255734.45,34016.87,38138.05,13.46,109.35,63678.92,8024.01,1356.78,9380.79,1033.30,8347.49,4318.17,12.60,6.78,275.07,5859.53,2487.96,0.00,3617.19,1533.96
Latent View,543398,LATENTVIEW,INE0I7C01011,IT - Software,Computers - Software & Consulting,297.85,278.51,6173.02,31.59,23.39,15.85,11.90,0.02,2.76,29.94,33.24,1734.51,22.77,5.00,65.10,0.00,2.12,-1.03,3.60,-0.53,29.19,-14.44,-8.81,-16.06,20.81,20.81,12.41,33.93,-6.84,2.33,2.46,161.30,228.74,68.94,196.23,847.84,225.53,254.84,23.14,8.44,236.02,50.43,23.44,73.87,9.60,64.27,50.57,21.37,21.43,20.66,61.96,2.31,0.00,50.84,11.39
Laurus Labs,540222,LAURUSLABS,INE947Q01028,Pharmaceuticals & Biotechnology,Pharmaceuticals,1811.40,249.52,97877.55,89.52,33.57,17.76,18.30,0.48,1.33,9.91,2518.48,5192.09,22.62,114.88,27.47,-0.02,28.00,2.18,13.73,-0.23,30.79,28.35,30.31,24.64,29.64,29.64,67.03,34.01,123.94,6.80,3.02,282.79,484.29,75.10,1055.28,5553.96,643.24,1073.33,19.00,6.64,1569.57,382.13,10.43,392.56,116.84,275.72,161.68,24.35,10.30,107.96,224.22,51.50,0.00,163.02,63.14
Laxmi Organic,543277,LXCHEM,INE576O01020,Chemicals & Petrochemicals,Specialty Chemicals,180.46,62.52,4997.80,39.76,28.94,4.72,4.11,0.27,1.32,8.71,543.02,1930.17,5.47,25.01,69.34,-0.02,0.69,-0.47,3.83,0.01,26.14,214.25,158.57,113.14,16.77,16.77,271.80,74.44,216.60,2.44,0.77,118.28,160.52,18.60,286.40,2985.44,187.73,311.76,9.59,4.10,692.93,30.75,5.51,36.26,17.15,19.11,21.39,4.44,3.09,55.41,14.19,4.92,0.00,21.39,-7.20
Leela Palaces Hotels,544408,THELEELA,INE0AQ201015,Leisure Services,Hotels & Resorts,501.80,376.68,16769.88,37.38,28.87,8.72,8.20,0.28,1.02,4.47,1810.95,6069.63,19.10,240.90,75.91,0.00,7.87,-0.75,11.51,1.00,4.71,-71.60,-57.81,-51.91,4.93,4.93,25.96,161.91,459.82,1.46,0.26,48.04,102.07,105.98,594.97,1300.57,561.46,701.39,45.75,1.73,274.79,101.43,26.63,128.06,26.37,101.69,8.71,36.91,3.17,333.96,15.68,86.01,0.00,8.77,6.98
Lexoraa Ind,531944,,INE185D01015,Industrial Manufacturing,Industrial Products,17.10,,6.72,,31.54,,,,0.60,-1.63,0.00,-4.75,417.35,32.26,28.08,0.00,0.00,0.00,0.00,0.00,71.91,-286.67,-221.74,-221.74,0.00,0.00,600.00,-675.00,600.00,-0.71,-0.10,-0.48,-0.48,0.00,-0.43,3.36,-0.43,-0.43,-12.80,-1.22,1.54,-0.04,0.00,-0.04,0.00,-0.04,-0.04,-2.60,-2.60,4.23,-0.04,0.00,0.00,-0.04,0.00
LIC Housing Fin.,500253,LICHSGFIN,INE115A01026,Finance,Housing Finance Company,519.00,802.70,28551.00,4.98,15.36,8.59,14.41,6.70,0.40,1.37,277538.95,41318.85,0.23,4.34,45.24,0.00,21.47,0.08,21.02,0.13,12.27,0.43,1.90,1.84,0.03,0.03,1.42,-0.41,9.90,27.25,24.80,5442.15,6878.86,3.04,26501.95,28110.60,26407.12,26504.89,94.28,98.94,7186.34,6776.18,0.41,6776.59,24.90,6751.69,1364.00,94.29,18.98,110.08,1704.60,5047.09,0.00,1363.89,340.60
LMW,500252,LMW,INE269B01029,Industrial Manufacturing,Industrial Products,16182.00,2629.80,17378.14,95.13,31.54,5.58,4.05,0.00,2.01,,0.00,2855.84,11.24,75.98,30.80,0.00,5.45,-0.09,9.50,-0.05,54.23,-12.83,-4.75,-8.91,8.31,8.31,362.33,407.56,384.05,51.97,10.74,99.75,151.29,121.93,141.96,3012.01,147.07,259.67,4.71,96.05,694.14,13.75,35.31,50.35,29.53,20.82,11.47,1.98,1.76,10.68,19.53,0.00,-1.29,12.23,8.06
Lodha Developers,543287,LODHA,INE670K01029,Realty,"Residential, Commercial Projects",1239.80,683.23,123847.14,30.02,28.45,16.41,15.48,0.42,1.73,8.62,9896.00,22287.30,26.04,39.20,70.31,-1.96,23.65,2.41,3.56,-1.06,2.46,36.21,36.59,36.09,8.10,8.10,95.33,43.53,103.39,13.73,6.76,2584.96,3555.50,390.30,3988.80,13779.50,3960.30,4232.20,28.95,27.71,3491.70,984.20,133.00,1117.20,65.90,1051.30,675.10,28.19,19.33,998.10,903.50,147.80,0.00,674.70,228.40
Longspur Intl,504340,,INE180M01033,Finance,Other Financial Services,10.08,25.63,31.15,62.29,26.72,2.26,1.78,0.33,0.86,36.00,10.07,16.47,-55.75,-23.08,23.39,0.61,0.00,0.00,0.00,0.00,76.61,-155.17,-188.46,-616.67,44.92,44.92,-8.82,-117.65,-15.79,0.05,0.14,0.60,0.82,0.02,1.08,9.40,1.01,1.10,11.49,0.44,0.65,0.34,0.00,0.34,0.02,0.32,0.19,52.31,29.23,13.65,0.26,0.06,0.00,0.19,0.06
Lords Chloro,500284,LORDSCHLO,INE846D01012,Chemicals & Petrochemicals,Commodity Chemicals,147.86,286.48,425.96,12.91,21.02,13.65,13.43,0.72,1.70,4.69,173.92,213.87,29.77,124.73,74.96,0.00,0.01,0.00,0.08,0.04,24.96,240.55,95.51,66.13,12.81,12.81,10.78,-33.32,43.06,5.22,4.15,5.63,8.15,1.59,24.04,270.22,13.17,24.91,8.90,2.46,100.20,20.41,0.27,20.68,4.05,16.63,10.45,20.37,10.43,25.15,14.02,2.61,0.00,10.45,3.58
Lords Ishwar,530065,,INE689J01013,Leisure Services,Hotels & Resorts,14.26,4.04,10.65,88.75,28.87,3.73,-1.36,1.09,1.43,1.79,6.41,-1.58,-4.07,-53.85,54.63,0.00,0.00,0.00,3.48,0.00,41.90,-1400.00,9.52,125.00,6.49,6.49,200.00,33.33,-262.50,0.17,-0.11,0.35,0.43,0.24,0.72,8.36,0.74,0.96,8.61,0.47,1.67,0.09,0.00,0.09,0.06,0.03,-0.08,5.39,-4.79,7.47,-0.08,0.11,0.00,-0.08,0.00
Lotus Chocolate,523475,,INE026D01011,Food Products,Packaged Foods,654.00,,839.73,,46.04,9.71,0.17,1.55,1.16,0.81,92.54,46.83,-13.25,-121.47,72.07,0.00,0.01,0.00,0.04,0.00,27.88,-100.45,-204.72,34.45,32.58,32.58,-432.73,-347.47,-99.33,0.02,2.33,17.23,23.06,0.81,31.17,573.75,30.17,31.98,5.43,13.42,158.71,4.95,3.61,8.56,0.51,8.05,2.99,3.12,1.88,12.84,3.97,4.08,0.00,2.99,0.99
LTM,540005,LTM,INE214T01019,IT - Software,Computers - Software & Consulting,4690.00,3256.50,139207.95,24.81,23.39,29.60,23.13,0.10,1.60,28.02,2310.00,23995.40,13.87,18.88,68.49,-0.03,6.31,-0.32,16.73,-0.17,8.30,5.86,9.05,4.44,16.85,16.85,24.93,19.62,17.06,49.43,42.32,4598.70,6214.20,989.70,6494.90,38008.10,6493.10,7484.60,17.09,155.21,9840.60,1649.40,392.10,2041.50,242.90,1798.60,1254.60,16.76,12.75,29.60,1726.20,72.40,0.00,1254.10,471.60
M & M,500520,M&M,INE101A01026,Automobiles,Passenger Cars & Utility Vehicles,3428.60,2422.95,426626.19,22.25,33.61,15.10,20.33,1.47,1.09,3.90,136935.91,92537.57,26.18,38.11,18.44,-0.01,34.89,-1.34,32.58,1.21,10.47,14.02,7.38,6.92,4.29,4.29,28.70,20.38,37.04,43.86,32.84,12929.10,19079.62,3718.47,30518.19,159210.82,28163.01,34236.66,19.17,103.97,45529.19,8412.46,1210.40,9807.52,1547.56,8259.96,4376.58,18.48,9.93,558.25,5644.11,2431.19,-184.66,4216.78,1267.53
M & M Fin. Serv.,532720,M&MFIN,INE774D01024,Finance,Non Banking Financial Company (NBFC),405.50,312.34,56319.53,16.80,21.17,8.72,12.26,4.82,2.74,1.50,128370.44,26360.73,13.56,46.24,52.49,0.00,9.53,0.13,31.48,-0.61,6.46,-1.38,3.89,3.72,1.50,1.50,21.74,17.37,75.34,6.66,3.80,2256.38,3026.91,76.84,11686.71,18518.85,11438.02,11759.23,63.11,16.27,4990.61,3026.45,42.98,3069.43,85.87,2983.56,528.96,60.64,10.60,277.87,703.58,2279.98,0.00,527.87,174.62
M B Agro Prod.,,MBAPL,INE900L01028,Fertilizers & Agrochemicals,Fertilizers,160.01,114.12,7010.60,45.25,15.20,19.34,31.33,1.56,1.44,5.29,855.91,462.07,47.70,108.81,74.76,0.00,0.67,0.21,0.01,0.01,24.57,-44.85,43.16,59.84,22.75,22.75,15.67,-27.63,16.84,0.75,0.64,57.47,94.62,11.25,145.45,1057.61,122.70,156.69,13.75,1.31,409.69,56.97,3.04,60.01,9.29,50.72,28.21,13.91,6.89,87.63,44.14,6.58,0.00,28.21,15.93
M R P L,500109,MRPL,INE103A01014,Petroleum Products,Refineries & Marketing,174.06,154.53,30512.91,10.96,10.14,18.03,14.48,1.08,1.14,6.80,15341.03,12444.20,23.40,1067.35,88.58,0.00,2.17,-1.24,0.39,0.05,8.86,708.34,-29.53,-26.01,5.53,5.53,633.68,891.54,-449.40,5.40,-1.54,58.56,118.88,175.67,2305.89,94683.64,1140.67,2487.69,2.44,0.32,17356.23,179.59,39.34,218.93,363.34,-144.41,-270.66,1.03,-1.56,1752.60,-401.59,257.18,0.00,-270.66,-130.93
Machhar Industri,543934,,INE01BT01015,Chemicals & Petrochemicals,Specialty Chemicals,332.05,103.76,24.60,32.37,28.94,8.43,6.24,0.25,2.64,7.94,2.45,8.98,25.10,484.62,50.52,0.00,0.00,0.00,0.47,-4.84,49.00,81.25,38.71,54.84,8.93,8.93,118.18,40.91,163.64,3.91,1.48,0.12,0.19,0.39,0.48,15.68,0.42,0.84,3.06,2.02,3.51,0.22,0.04,0.26,0.11,0.15,0.11,6.27,3.13,0.74,0.11,0.04,0.00,0.11,0.00
Macpower CNC,,MACPOWER,INE155Z01011,Industrial Manufacturing,Industrial Products,1457.80,798.80,1458.41,37.49,31.54,29.11,21.30,0.00,2.34,27.59,0.68,165.24,34.80,46.90,73.22,0.05,0.57,-0.54,0.39,-0.13,25.82,-5.62,-6.28,-5.05,12.59,12.59,94.70,105.05,110.09,9.58,4.56,26.00,34.63,-0.40,41.53,261.82,35.94,41.88,15.86,25.43,61.03,7.92,0.05,7.97,1.76,6.21,4.56,12.98,7.47,10.00,6.11,0.10,0.00,4.56,1.55
Madhav Infra,539894,MADHAVIPL,INE631R01026,Construction,Civil Construction,7.85,15.86,211.62,8.08,18.04,15.63,12.12,0.69,1.61,2.50,165.25,212.64,-20.15,-1.21,68.81,0.00,0.00,0.00,0.04,0.04,31.15,-45.65,-28.84,-25.69,21.67,21.67,-9.54,21.72,-16.44,0.23,0.28,25.19,29.87,5.94,66.84,610.24,56.68,71.97,10.95,0.96,87.54,17.08,2.99,20.07,3.37,16.70,7.48,19.51,8.54,26.96,8.98,7.72,0.00,7.48,1.50
Madhusudan Masa,,MADHUSUDAN,INE0P6701019,Food Products,Other Food Products,234.00,298.73,377.56,20.68,21.52,16.25,15.44,0.59,2.29,4.73,69.08,102.73,13.97,31.65,70.47,2.38,0.68,0.24,4.47,-0.52,24.38,11.09,5.88,6.18,17.83,17.83,47.22,38.65,56.18,3.60,2.57,11.67,15.44,1.37,22.23,216.44,21.64,23.61,10.27,8.06,64.48,6.65,0.19,6.84,0.50,6.34,3.72,10.31,5.77,14.47,4.94,1.40,0.00,3.72,1.22
Magnus Steel,517320,,INE898E01011,Electrical Equipment,Other Electrical Equipment,54.23,8.97,18.33,2.82,30.76,170.70,464.95,0.52,1.57,82.38,1.76,0.01,443.19,1346.67,12.19,-33.94,0.00,0.00,0.00,0.00,87.81,58.55,58.55,58.55,48.71,48.71,402.08,216.67,487.80,0.46,0.08,0.06,0.07,0.00,0.19,3.19,0.19,0.19,5.96,0.01,1.95,0.48,0.00,0.48,0.00,0.48,0.41,24.62,21.03,3.38,0.41,0.07,0.00,0.41,0.00
Mah. Scooters,500266,MAHSCOOTER,INE288A01013,Finance,Investment Company,13937.00,10227.93,15920.28,57.16,36.02,1.06,1.06,0.00,2.39,,0.00,27623.36,41.01,43.69,51.00,0.00,6.18,-0.15,3.85,0.16,38.96,-17.21,-16.67,-8.63,0.00,0.00,-83.86,-82.33,-90.61,2.90,30.94,166.41,215.28,44.42,172.82,184.38,171.68,173.64,93.73,187.56,29.27,28.19,0.00,28.19,0.01,28.18,35.36,96.31,120.81,11.43,28.18,0.00,0.00,35.36,-7.18
Mahanagar Gas,539957,MGL,INE002S01010,Gas,LPG/CNG/PNG/LNG Supplier,1115.70,2063.90,11019.16,15.28,15.28,18.28,13.74,0.03,0.94,45.35,218.73,6335.48,12.43,-32.87,32.50,0.00,23.21,-0.92,22.53,1.52,11.75,46.83,44.50,31.74,5.37,5.37,-31.50,-48.01,-39.39,19.61,32.35,977.51,1374.10,184.01,1509.78,6923.68,1297.48,1603.74,21.81,105.78,2081.38,500.71,31.93,532.64,95.93,436.71,319.56,24.06,15.35,98.78,432.22,4.49,0.00,319.56,112.66
Mahaveer Infoway,539383,,INE019D01016,IT - Software,Computers - Software & Consulting,14.85,17.30,8.18,19.95,23.39,17.43,14.71,0.00,2.88,64.00,0.00,-0.84,-30.08,173.33,47.07,0.00,0.00,0.00,0.00,0.00,52.92,-128.26,-118.84,-66.67,5.91,5.91,-206.25,-418.75,-230.00,-0.24,0.18,0.08,0.17,0.28,0.14,2.73,0.30,0.42,5.13,0.15,0.75,0.16,0.00,0.16,0.03,0.13,0.10,21.33,13.33,5.51,0.10,0.03,0.00,0.10,0.00
Mahindra EPC,523754,MAHEPC,INE215D01010,Industrial Manufacturing,Industrial Products,107.76,42.60,304.65,27.55,31.54,10.33,7.93,0.24,1.74,5.30,45.31,157.11,5.12,2.22,54.18,-0.02,0.13,0.11,0.00,0.00,45.69,-144.68,-124.55,-119.32,71.31,71.31,-149.64,156.93,-318.37,-0.77,0.35,7.21,10.71,2.42,13.93,272.67,12.99,16.35,5.11,2.58,62.04,2.74,0.13,2.87,0.80,2.07,0.98,4.42,1.58,27.94,1.31,0.76,0.00,0.98,0.33
Mahindra Holiday,533088,MHRIL,INE998I01010,Leisure Services,Hotels & Resorts,218.96,36.08,4429.50,94.67,28.87,8.12,9.90,4.92,1.25,1.63,3829.42,576.20,6.85,-63.89,66.73,-0.01,4.01,-1.29,11.00,-0.01,18.07,-120.61,-60.92,-42.93,40.66,40.66,-7.68,61.76,-219.25,-0.43,0.39,127.82,192.54,128.62,586.90,2780.85,349.86,715.86,21.11,6.32,701.40,121.91,38.75,160.66,95.64,65.02,7.17,17.38,1.02,201.64,26.29,38.73,0.00,7.87,19.12
Mahindra Life.,532313,MAHLIFE,INE813A01018,Realty,"Residential, Commercial Projects",398.25,514.70,8502.87,27.37,28.45,7.64,9.91,0.18,1.41,38.35,662.28,3413.53,875.69,211.28,52.41,0.00,7.38,-0.26,22.77,-0.09,17.44,-5.07,29.48,-315.27,10.82,10.82,-271.72,-20.23,66.89,4.01,2.40,41.25,70.50,277.47,-169.78,372.27,66.83,84.64,-45.61,2.87,31.97,-55.02,106.66,51.64,6.09,45.55,51.26,-172.10,160.34,213.26,41.60,3.95,0.00,51.24,-9.66
Mahindra Logis.,540768,MAHLOG,INE766P01016,Transport Services,Logistics Solution Provider,416.30,100.45,4130.13,104.81,25.21,7.36,0.32,0.55,1.07,2.29,649.75,1075.56,16.93,205.56,59.58,0.00,4.09,-0.73,14.44,0.58,21.90,24.46,14.36,2.75,9.35,9.35,51.38,47.33,-394.81,2.56,-1.09,-40.53,-7.67,15.47,284.39,6104.83,72.36,298.68,4.66,-3.61,1624.59,76.21,5.07,81.28,64.57,16.71,-9.44,4.69,-0.58,72.13,-5.82,22.53,0.00,-10.80,3.62
Mallcom (India),539400,MALLCOM,INE389C01015,Industrial Products,Other Industrial Products,975.85,934.02,607.17,22.69,24.43,11.44,9.74,0.38,1.54,5.62,120.30,312.13,3.93,-29.45,73.68,0.00,0.01,0.01,0.26,0.25,26.05,4.29,0.10,0.07,16.36,16.36,-22.61,-22.66,-33.30,10.53,15.79,36.89,74.13,28.91,60.87,486.78,53.67,63.27,12.50,92.04,122.43,17.65,0.17,17.82,2.39,15.43,9.85,14.42,8.05,6.24,13.43,2.00,0.00,9.85,3.58
Malu Paper,532728,MALUPAPER,INE383H01017,"Paper, Forest & Jute Products",Paper & Paper Products,33.15,,56.67,,16.85,-9.01,,,0.47,-0.13,152.63,-42.55,15.36,25.14,69.80,0.00,0.00,0.00,0.00,0.00,30.19,-145.71,41.67,30.29,10.72,10.72,-222.90,-194.33,-120.81,0.75,-3.61,-12.13,-17.13,0.55,-0.93,277.89,-5.71,-0.38,-0.33,-7.11,94.43,-4.76,0.00,-4.76,1.37,-6.13,-6.15,-5.04,-6.51,17.06,-8.67,2.54,0.00,-6.15,-2.53
Manaksia Coated,539046,MANAKCOAT,INE830Q01018,Industrial Products,Iron & Steel Products,120.08,67.47,1279.61,31.38,21.73,19.86,14.14,0.33,1.79,2.90,115.40,338.37,7.07,59.61,57.78,0.32,0.22,-0.92,0.59,0.00,41.42,162.57,99.46,96.24,10.92,10.92,15.08,-41.36,0.64,1.32,1.34,15.38,20.60,9.24,53.77,781.63,53.88,63.00,6.88,1.94,249.80,24.47,4.14,28.61,2.15,26.46,14.01,9.80,5.61,10.47,18.69,7.77,0.00,14.01,4.69
Manba Finance,544262,MANBA,INE939X01013,Finance,Non Banking Financial Company (NBFC),137.29,240.89,686.59,14.05,21.17,12.49,11.65,3.80,24.52,1.40,1555.60,359.52,31.73,15.34,74.98,0.00,0.92,0.05,0.00,0.00,24.09,19.14,0.12,0.18,0.00,0.00,39.19,38.94,36.00,2.64,1.94,37.80,50.10,-0.01,162.54,250.45,157.95,162.54,64.90,7.52,67.00,43.71,2.02,45.73,1.16,44.57,9.75,65.24,14.55,50.24,12.18,32.39,0.00,9.75,2.43
Mangal Electrica,544492,MEIL,INE0PKD01011,Electrical Equipment,Other Electrical Equipment,289.00,621.22,798.65,17.01,30.76,14.73,11.47,0.08,4.99,7.61,45.43,562.74,17.36,3.03,74.79,0.00,1.28,-0.91,4.30,-0.13,19.65,-41.02,-37.15,-36.92,33.19,33.19,11.74,77.13,101.61,2.72,1.82,47.30,63.71,1.97,81.84,549.04,78.87,83.79,14.91,23.08,89.66,9.97,0.25,10.22,1.21,9.01,3.73,11.12,4.16,20.50,5.07,3.94,0.00,3.73,1.34
Mangalam Global,544273,MGEL,INE0APB01032,Agricultural Food & other Products,Other Agricultural Products,15.51,27.68,513.72,13.88,19.09,16.96,14.56,0.87,1.37,2.39,214.71,215.06,41.38,46.52,72.39,0.00,0.09,-0.09,0.00,0.00,27.52,-32.45,-18.09,-23.81,14.00,14.00,46.74,92.60,31.10,0.26,0.20,24.80,31.45,19.13,45.01,2281.45,64.16,66.45,1.97,0.70,858.54,12.56,4.18,16.74,0.62,16.12,6.43,1.46,0.75,32.96,8.47,7.65,0.00,6.43,2.04
Mangalam Organic,514418,MANORG,INE370D01013,Chemicals & Petrochemicals,Commodity Chemicals,478.20,316.47,397.51,16.93,21.02,10.46,9.31,1.13,1.14,2.03,359.15,310.03,17.28,1.38,58.64,0.00,0.00,0.00,2.21,-1.42,39.14,21.57,-1.41,-52.41,8.96,8.96,2.73,115.87,-40.56,8.49,14.28,12.60,16.62,0.32,58.60,530.01,38.11,58.93,11.06,14.71,146.55,21.61,4.04,25.65,5.22,20.43,12.23,14.75,8.35,8.56,14.69,5.74,0.00,12.23,2.45
Mangalam World.,544764,MWL,INE0JYY01029,Metals & Minerals Trading,Trading - Metals,37.90,36.02,1124.09,21.66,49.61,17.70,18.03,0.79,1.51,2.24,236.14,269.99,12.75,63.43,66.50,0.00,0.26,0.25,0.00,0.00,33.24,-21.80,-0.52,4.83,12.95,12.95,81.18,72.83,18.66,0.40,0.34,27.63,29.51,7.17,54.96,1059.87,51.67,60.28,5.19,0.99,275.73,16.05,3.67,19.72,2.42,17.30,10.13,5.82,3.67,29.70,9.87,7.43,0.00,10.12,-0.27
Mankind Pharma,543904,MANKIND,INE634S01028,Pharmaceuticals & Biotechnology,Pharmaceuticals,2483.00,1183.71,102534.45,48.09,33.57,13.53,13.14,0.39,0.83,5.65,6311.54,16259.06,14.16,12.65,72.63,-0.03,9.45,-0.79,15.39,0.93,2.53,2.62,6.72,13.58,11.74,11.74,24.73,9.81,29.12,13.75,10.62,1797.74,2520.86,548.19,3025.84,12207.44,2786.93,3408.15,24.79,48.26,3570.35,846.77,83.05,929.82,218.68,711.14,444.62,23.72,12.45,41.26,540.49,170.65,0.00,438.32,95.87
Mantra Capital,511577,,INE304E01010,Finance,Non Banking Financial Company (NBFC),15.85,,56.88,,21.17,-9.31,-40.05,3.34,2.48,-0.71,90.95,-4.73,248.06,-54.62,67.08,-7.92,0.00,0.00,0.00,0.00,32.93,-18.01,-62.84,-63.51,0.00,0.00,-66.23,-7.46,54.69,-1.11,-0.80,-8.79,-8.84,0.00,-8.43,3.43,-8.70,-8.43,-245.77,-2.75,2.41,-2.28,0.03,-2.25,0.08,-2.33,-2.56,-94.61,-106.22,31.99,-2.58,0.25,0.00,-2.56,-0.03
Mapro Industries,509762,,INE848M01019,Construction,Civil Construction,59.16,11.73,49.63,107.89,18.04,1.56,1.18,0.00,1.37,,0.10,17.93,112.35,360.00,30.58,0.00,0.00,0.00,0.00,0.00,69.42,-244.44,-425.00,-471.43,23.84,23.84,136.36,-163.64,136.36,0.31,0.13,0.27,0.36,0.93,-0.57,0.00,0.36,0.36,,0.32,0.23,0.11,0.00,0.11,0.00,0.11,0.11,47.83,47.83,8.39,0.11,0.00,0.00,0.11,0.00
Maral Overseas,521018,MARALOVER,INE882A01013,Textiles & Apparels,Other Textile Products,57.01,35.78,240.10,10.73,24.39,7.57,3.84,3.38,0.93,1.54,373.82,69.23,-0.30,173.80,74.95,0.00,0.07,0.00,0.00,0.00,24.97,-55.07,-28.21,-8.63,12.45,12.45,925.77,1022.70,-147.57,1.44,-3.03,-24.25,-25.63,22.40,22.82,1047.03,11.00,45.17,2.18,-5.83,225.50,1.63,4.64,6.27,9.02,-2.75,-12.57,0.72,-5.57,41.51,-12.75,10.00,0.00,-12.57,-0.18
Martin Burn,523566,,INE199D01016,Realty,"Residential, Commercial Projects",42.98,78.29,22.13,6.40,28.45,4.33,3.30,0.00,11.98,,0.12,53.42,158.33,-45.51,66.23,0.00,0.00,0.00,0.12,0.00,33.63,1317.65,2490.91,-49.67,35.48,35.48,31.03,160.34,183.53,4.68,1.65,-2.08,7.12,16.38,-8.13,0.32,-1.27,-1.02,-2540.62,11.62,0.00,-0.58,1.80,1.22,0.05,1.17,0.85,,,5.15,1.17,0.00,0.00,0.85,0.33
Maruti Infra.,531540,,INE392G01028,Construction,Civil Construction,10.65,2.48,99.85,90.77,18.04,6.88,4.21,0.68,1.75,2.05,19.51,10.13,-27.48,-32.52,52.31,0.00,0.00,0.00,0.00,0.00,47.69,-57.14,-76.30,-77.59,59.57,59.57,-27.78,222.22,-35.71,0.02,0.03,1.93,2.12,0.29,3.54,50.73,3.61,3.83,6.98,0.21,17.10,0.54,0.00,0.54,0.04,0.50,0.28,3.16,1.64,18.75,0.31,0.19,0.00,0.28,0.03
Maruti Suzuki,532500,MARUTI,INE585B01010,Automobiles,Passenger Cars & Utility Vehicles,14150.00,10115.02,444710.93,31.02,33.61,19.02,14.43,0.00,1.07,73.89,102.50,106999.10,26.61,-1.37,58.65,0.12,12.82,-1.30,25.09,1.00,3.35,-5.80,-9.75,-29.96,2.71,2.71,-6.69,33.22,-9.11,109.63,120.62,14451.43,19620.00,5198.80,20223.60,152913.00,19751.80,25360.00,13.23,461.20,38605.20,4622.60,1923.70,6546.30,1556.00,4990.30,3792.40,11.97,9.82,157.20,4943.50,46.80,0.00,3792.40,1151.10
MAS FINANC SER,540749,MASFIN,INE348L01012,Finance,Non Banking Financial Company (NBFC),317.65,432.69,5762.97,14.50,21.17,11.26,13.42,3.47,3.61,1.59,10317.49,2792.76,23.12,22.62,66.66,0.00,3.69,0.23,19.68,-0.36,9.97,5.43,2.67,3.66,0.26,0.26,15.76,11.67,27.21,5.98,4.71,310.38,421.01,2.92,1193.94,1597.23,1191.26,1196.86,74.75,17.11,465.98,333.91,0.75,334.66,1.67,332.99,86.59,71.66,18.58,181.45,115.89,217.10,0.00,85.55,29.30
Mastek,523704,MASTEK,INE759A01021,IT - Software,Computers - Software & Consulting,1893.20,3037.70,5868.90,13.38,23.39,18.02,15.57,0.15,2.16,20.07,438.26,2976.35,5.97,11.97,35.77,0.00,7.45,-0.58,19.86,0.84,36.94,-0.25,-7.11,0.40,15.38,15.38,10.22,9.78,15.02,34.15,29.75,367.15,459.16,29.89,546.45,3455.23,488.40,563.52,15.82,121.50,914.70,137.32,10.56,147.88,18.42,129.46,92.05,15.01,10.06,15.47,120.70,8.76,0.00,92.05,28.65
Mazagon Dock,543237,MAZDOCK,INE249Z01020,Industrial Manufacturing,Ship Building & Allied Services,2390.00,1544.42,96393.66,33.73,43.32,35.98,29.20,0.05,1.40,52.87,447.39,9553.19,13.87,31.72,81.22,0.00,1.72,-0.01,5.02,-0.07,12.04,-18.35,-9.04,-17.74,19.56,19.56,48.03,79.95,21.74,13.62,11.21,2412.94,3061.66,1121.23,2065.92,11431.88,3071.17,3186.36,18.07,59.83,2625.59,301.69,323.58,625.27,23.06,602.21,452.15,11.49,17.22,201.69,566.85,35.36,0.00,452.15,147.57
MBL Infrast,533152,MBLINFRA,INE912H01013,Construction,Civil Construction,25.13,,385.46,,18.04,2.69,-1.06,1.03,0.26,2.18,989.43,803.47,75.65,69.60,74.57,0.56,0.00,-0.08,0.42,0.06,25.01,-38.65,-68.40,69.97,48.35,48.35,-146.45,-127.33,-58.31,-0.34,-0.82,-108.93,168.83,398.46,45.06,128.32,104.58,165.10,35.12,13.83,27.69,-21.81,35.11,13.49,13.77,-0.28,-12.45,-78.76,-44.28,152.53,-12.44,11.97,-0.19,-12.26,0.01
Medplus Health,543427,MEDPLUS,INE804L01022,Retailing,Pharmacy Retail,696.40,317.29,8366.34,39.75,42.53,12.56,11.64,0.72,3.00,3.09,1424.38,1951.35,16.79,18.02,40.19,-0.03,14.38,-1.15,29.95,2.13,15.45,-48.15,-33.97,-21.24,0.37,0.37,1.92,29.40,-21.66,2.76,3.54,142.98,183.29,47.77,487.95,6136.05,280.06,529.90,7.95,12.56,1542.63,130.73,15.02,145.75,65.62,80.13,42.34,8.47,2.74,23.95,52.76,27.37,0.00,42.36,10.42
Meesho,544632,MEESHO,INE0VDM01015,Retailing,E-Retail/ E-Commerce,191.57,,88570.44,,52.74,-35.59,-42.32,0.01,1.55,-108.15,62.63,3929.97,34.47,74.56,16.41,-0.16,5.19,1.02,9.14,3.58,69.26,-20.14,-17.11,-11.85,0.04,0.04,-15.02,-3.59,-54.09,-0.29,-1.49,-4851.17,-1454.87,-835.45,-578.49,9389.90,-165.83,-131.80,-6.16,-452.68,2503.87,-264.34,33.68,-138.25,7.98,-146.23,-289.36,-10.56,-8.62,194.75,-240.09,1.45,-92.41,-215.92,49.27
Meghmani Organi.,543331,MOL,INE0CT101020,Fertilizers & Agrochemicals,Pesticides & Agrochemicals,54.36,38.02,1385.02,21.56,22.13,6.67,1.88,0.47,1.07,2.39,725.97,1519.35,-7.73,240.98,48.95,0.00,0.91,-0.43,0.00,0.00,50.08,500.12,189.65,396.45,31.96,31.96,46.36,-70.52,280.05,1.89,0.50,-12.13,9.47,42.36,144.25,2079.75,79.83,187.96,6.94,-0.42,613.62,66.89,16.58,83.47,29.70,53.77,12.68,10.90,2.07,25.43,24.30,29.47,0.00,12.68,11.61
Megri Soft,539012,,INE756R01013,Commercial Services & Supplies,Data Processing Services,80.10,34.95,25.15,38.11,,3.70,2.74,0.00,5.33,,0.00,19.68,5.84,20.00,74.99,0.00,0.00,0.00,0.00,0.00,25.01,-20.83,-16.13,-17.65,7.67,7.67,33.33,61.90,35.71,0.60,0.45,0.56,0.74,0.06,0.80,3.56,0.75,0.86,22.47,1.78,0.72,0.21,0.01,0.22,0.03,0.19,0.14,29.17,19.44,3.14,0.19,0.00,0.00,0.14,0.05
Menon Bearings,523828,MENONBE,INE071D01033,Auto Components,Auto Components & Equipments,221.09,123.52,1223.82,27.86,30.39,25.50,22.26,0.25,2.51,11.87,46.63,179.74,27.97,61.45,68.44,0.00,0.14,-0.07,0.40,0.37,31.03,2.39,2.05,-6.85,28.51,28.51,55.80,67.26,67.38,2.52,1.50,24.65,33.84,1.25,45.16,242.52,37.38,46.19,18.62,4.45,67.21,12.92,1.60,14.52,2.29,12.23,8.43,19.22,12.54,5.60,11.07,1.16,0.00,8.43,2.63
Mercury Labs,538964,,INE947G01011,Pharmaceuticals & Biotechnology,Pharmaceuticals,777.00,457.78,93.24,21.19,33.57,12.06,9.17,0.14,3.85,12.31,8.42,56.88,-3.66,16.71,73.66,0.00,0.00,0.00,0.00,0.00,26.34,-75.61,-72.73,-41.67,35.05,35.05,-49.58,-13.56,-69.07,2.50,8.08,3.10,4.66,1.07,7.02,75.10,5.16,8.04,9.35,26.17,18.14,2.36,0.18,2.54,0.84,1.70,0.97,13.01,5.35,1.20,1.55,0.15,0.00,0.97,0.58
Mercury Trade Li,512415,,INE319T01016,Commercial Services & Supplies,Diversified Commercial Services,4.70,,6.39,,19.78,0.58,0.02,0.12,1.53,-58.88,7.32,48.45,28.70,-7842.68,0.00,0.00,0.00,0.00,0.00,0.00,99.99,-1296.24,-1205.98,-1204.04,21.46,21.46,48307.69,-4484.62,48853.85,-46.75,-0.10,1.66,2.15,0.26,1.95,112.76,2.19,2.21,1.73,1.22,0.00,-0.13,0.00,-0.13,0.00,-0.13,-0.13,,,13.61,-0.13,0.00,0.00,-0.13,0.00
MIC Electronics,532850,MICEL,INE287C01037,Industrial Products,Other Industrial Products,38.65,,933.70,,24.43,8.55,-5.76,0.20,1.91,3.97,44.19,168.02,132.71,-227.57,51.58,-0.12,5.58,3.75,0.00,0.00,42.84,-111.61,-72.46,-68.09,87.99,87.99,3.65,224.82,27.54,0.09,0.07,9.60,13.06,1.24,18.26,94.76,17.59,19.20,19.27,0.41,11.61,4.11,0.14,4.25,0.91,3.34,1.67,35.40,14.38,48.20,1.67,1.67,0.00,1.67,0.00
Mihika Industrie,538895,,INE779Q01017,Commercial Services & Supplies,Trading & Distributors,10.23,3.51,10.23,146.14,22.35,0.41,0.41,0.01,131.33,,0.16,11.97,-95.95,200.00,47.14,0.00,0.00,0.00,0.00,0.00,52.85,0.00,-200.00,-13.33,106.80,106.80,0.00,15.38,0.00,0.01,0.01,0.05,0.11,0.60,-0.49,34.74,0.11,0.11,-1.41,0.05,1.66,-0.13,0.15,0.02,0.00,0.02,0.01,-7.83,0.60,10.00,0.02,0.00,0.00,0.01,0.01
Mini Diamonds(I),523373,,INE281E01028,Consumer Durables,"Gems, Jewellery And Watches",5.35,4.51,126.10,64.67,19.54,2.62,2.20,0.05,1.27,40.83,3.30,40.13,39.82,-67.97,4.73,1.60,0.00,0.00,0.00,0.00,95.27,-143.20,-141.99,-142.77,29.76,29.76,46.25,-441.90,50.00,0.11,0.08,4.34,5.35,-1.21,7.07,405.67,7.00,7.42,1.74,0.14,100.58,2.53,0.00,2.53,0.11,2.42,1.78,2.52,1.77,23.57,2.42,0.00,0.00,1.78,0.64
Mishka Exim,539220,,INE540S01019,Consumer Durables,"Gems, Jewellery And Watches",43.10,22.35,62.28,31.94,19.54,11.34,8.57,0.00,11.68,87.67,0.08,9.74,411.07,306.25,58.65,0.06,0.00,0.00,0.00,0.00,41.35,-76.81,-76.09,-80.95,13.00,13.00,-11.11,366.67,-11.11,0.11,0.12,0.35,0.45,0.35,0.26,4.67,0.51,0.63,5.57,0.23,2.09,0.18,0.09,0.27,0.03,0.24,0.18,8.61,8.61,14.45,0.24,0.00,0.00,0.18,0.06
Modern Shares,509760,,INE370A01019,Finance,Other Financial Services,37.57,15.33,11.01,100.12,26.72,2.62,1.56,0.02,4.52,11.00,0.20,10.04,-8.68,-60.71,72.83,0.00,0.00,0.00,0.00,0.00,27.17,-200.00,-200.00,-228.57,11.82,11.82,-55.00,-135.00,-60.00,0.20,0.51,0.22,0.41,0.00,0.45,3.71,0.42,0.45,12.13,0.75,0.99,0.20,0.00,0.20,0.01,0.19,0.15,20.20,15.15,2.93,0.19,0.00,0.00,0.15,0.05
MOIL,533286,MOIL,INE490G01020,Minerals & Mining,Industrial Minerals,282.05,223.26,5736.24,18.89,17.89,12.64,10.00,0.00,3.03,,0.00,2505.76,4.92,8.12,64.68,0.00,3.73,-0.43,6.82,-0.81,24.76,-5.39,-2.40,-2.35,9.29,9.29,72.25,76.40,70.10,4.31,2.53,374.70,486.78,111.38,527.53,1582.07,477.41,629.54,33.34,18.76,348.06,78.81,22.46,101.27,37.44,63.83,51.51,22.64,14.80,203.49,63.83,0.00,0.00,51.51,12.31
Mold-Tek Pack.,533080,MOLDTKPAC,INE893J01029,Industrial Products,Packaging,675.10,442.66,2242.95,29.50,21.77,13.32,10.88,0.31,1.49,6.34,214.66,673.37,14.71,15.54,33.21,0.02,8.30,-1.39,21.81,0.86,36.68,23.89,22.37,16.67,18.57,18.57,19.36,2.31,14.15,7.70,6.74,60.43,81.27,2.25,141.80,781.32,95.20,143.89,18.15,18.22,240.56,46.79,1.41,47.38,14.04,33.34,22.40,19.45,9.06,16.62,30.01,4.15,0.82,21.79,7.62
Money Masters,535910,,INE340O01021,Finance,Non Banking Financial Company (NBFC),0.68,0.76,6.83,12.65,21.17,3.42,2.71,1.14,0.13,4.00,15.27,3.41,-6.15,-15.62,34.65,0.00,0.00,0.00,0.00,0.00,65.36,-53.85,-39.13,-39.13,0.00,0.00,-26.32,21.05,-45.45,0.01,0.01,0.51,0.69,0.00,1.26,2.14,1.25,1.26,58.88,0.05,0.32,0.19,0.00,0.19,0.00,0.19,0.11,59.38,34.38,10.04,0.11,0.08,0.00,0.11,0.00
Monolithisch Ind,,MONOLITH,INE1DV401010,Industrial Products,Electrodes & Refractories,887.70,450.65,1929.50,67.04,37.59,34.79,27.76,0.05,6.37,117.30,6.48,108.97,39.10,58.94,74.27,0.00,1.79,0.48,2.82,0.21,21.12,24.17,22.78,14.80,15.12,15.12,98.94,73.29,134.73,4.63,1.97,14.49,19.43,0.15,21.07,97.26,19.72,21.22,21.66,9.06,28.80,6.59,0.00,6.59,0.42,6.17,4.29,22.88,14.90,21.74,6.02,0.15,0.00,4.29,1.73
Morarka Finance,511549,,INE367A01015,Finance,Non Banking Financial Company (NBFC),61.50,204.97,27.67,16.57,21.17,1.58,1.35,0.00,1.17,,0.00,111.32,26.13,29.46,66.77,0.00,0.00,0.00,0.00,0.00,33.22,280.00,-757.14,-757.14,0.00,0.00,206.67,-146.67,171.43,0.84,0.31,2.80,3.17,1.22,1.95,2.51,3.17,3.17,77.69,6.22,0.29,0.15,0.00,0.15,0.00,0.15,0.14,51.72,48.28,4.50,0.15,0.00,0.00,0.14,0.00
Moschip Tech.,532407,MOSCHIP,INE935B01025,IT - Hardware,Computers Hardware & Equipments,210.23,47.29,4089.32,128.31,26.58,10.97,11.03,0.22,1.62,6.67,88.09,369.86,8.37,-21.15,39.31,-0.52,0.77,0.37,0.00,0.00,59.83,-69.18,-30.96,-14.12,37.99,37.99,-41.98,-32.44,-77.56,0.13,0.57,33.37,33.66,3.96,56.10,466.84,41.05,59.97,12.02,1.75,135.59,16.46,0.72,17.18,4.80,12.38,10.92,12.14,8.05,38.29,11.48,0.90,0.00,10.92,0.55
Motil.Oswal.Fin.,532892,MOTILALOFS,INE338I01027,Capital Markets,Stockbroking & Allied,867.95,631.62,52284.80,26.40,19.99,12.66,15.53,1.65,2.10,2.78,21255.11,12827.93,14.85,-28.82,67.20,-0.34,6.86,-0.17,6.78,0.76,19.15,-681.31,907.96,861.35,40.33,40.33,14.54,-88.09,9.53,21.14,19.38,2501.53,3226.26,77.68,4545.80,8339.54,4524.63,4623.39,54.51,41.74,2737.03,1719.53,7.12,1726.65,26.14,1700.51,1162.87,62.82,42.49,59.95,1405.59,294.92,0.00,1162.06,249.75
MPF Systems,532470,,INE095E01022,Commercial Services & Supplies,Diversified Commercial Services,2.74,950.54,0.03,0.01,19.78,99.76,244.73,0.77,11.38,,2.67,0.76,,350.89,70.00,0.00,0.00,0.00,0.00,0.00,30.00,-101.59,-101.59,-102.73,100.00,100.00,-7.69,-3484.62,-46.15,-6.12,-11.37,-1.70,-1.70,0.00,-1.14,0.00,-1.14,-1.14,,-148.73,0.00,-0.13,0.00,-0.13,0.00,-0.13,-0.13,,,2.72,-0.13,0.00,0.00,-0.13,0.00
Mphasis,526299,MPHASIS,INE356A01018,IT - Software,Computers - Software & Consulting,2429.00,1746.47,46366.87,23.95,23.39,22.09,18.53,0.24,1.16,13.42,2619.68,10552.89,13.69,11.32,30.54,-0.01,19.50,-0.01,45.31,-0.34,4.65,-3.95,-3.61,-1.04,25.36,25.36,13.13,14.32,10.82,25.65,23.22,1700.79,2260.14,255.00,2646.98,14229.99,2423.84,2900.18,18.60,89.55,3732.49,702.86,80.95,783.81,131.92,651.89,441.70,18.83,11.83,190.26,610.07,41.82,0.00,441.70,168.37
MPS,532440,MPSLTD,INE943D01017,Printing & Publication,Printing & Publication,2770.50,1525.50,4736.36,25.86,6.81,39.27,31.16,0.10,1.45,86.26,60.63,579.22,10.09,18.76,68.34,0.00,1.38,-0.09,2.14,0.18,27.31,7.12,7.99,14.00,16.55,16.55,53.03,34.24,42.99,29.46,20.60,142.89,201.13,18.43,210.89,726.89,193.73,221.14,29.01,87.05,186.28,50.29,6.50,57.42,7.01,50.41,35.24,27.00,19.16,17.11,49.50,0.28,-0.63,35.69,14.26
MSP Steel & Pow.,532650,MSPL,INE752G01015,Industrial Products,Iron & Steel Products,35.07,12.82,1983.71,14.24,21.73,9.69,13.69,0.31,1.17,2.78,321.19,463.42,4.03,905.49,45.12,4.90,1.18,1.06,15.78,-1.03,37.92,-74.20,-37.01,-32.15,2.91,2.91,17.06,72.54,23.21,0.39,0.31,-28.35,2.56,3.64,133.85,2905.25,83.74,137.49,4.61,-0.50,710.86,44.90,0.54,45.44,13.68,31.76,17.84,6.32,2.51,566.80,21.53,10.23,0.00,17.84,3.69
MTAR Technologie,543270,MTARTECH,INE864I01014,Electrical Equipment,Other Electrical Equipment,6012.00,988.37,18530.37,134.97,30.76,15.20,12.61,0.46,1.56,5.66,376.57,794.92,53.38,126.78,29.35,-1.09,24.80,7.49,22.35,-5.31,23.51,13.89,20.62,37.96,31.16,31.16,198.52,116.38,349.69,16.42,3.65,52.87,72.46,5.74,120.65,675.96,93.29,125.06,17.85,17.51,156.58,28.45,0.76,29.21,8.19,21.02,11.23,18.17,7.17,30.76,15.20,5.82,0.00,11.23,3.97
Mukesh Babu Fin.,530341,,INE596B01017,Finance,Non Banking Financial Company (NBFC),138.50,135.74,96.55,29.16,21.17,3.33,1.61,0.14,14.12,1.97,48.91,336.32,142.80,-8.46,62.86,0.00,0.00,0.00,0.00,0.00,37.15,-227.37,764.71,605.13,2.29,2.29,-8.03,-86.96,-69.52,1.46,4.23,1.35,1.60,0.14,4.72,8.24,4.69,4.86,57.28,1.94,3.85,2.99,3.14,6.13,0.04,6.09,3.97,77.66,103.12,6.97,5.09,1.00,0.00,2.95,1.12
Mukta Agricultur,535204,,INE160O01031,Commercial Services & Supplies,Trading & Distributors,2.91,4.23,6.31,13.43,22.35,1.21,1.21,0.00,483.00,,0.00,0.73,,242.42,5.27,0.00,0.00,0.00,0.00,0.00,94.73,-68.97,-68.97,0.00,,,-36.36,-36.36,-181.82,0.04,-0.05,0.14,-0.17,0.17,-0.34,0.00,0.13,0.13,,-0.07,0.00,-0.11,0.00,-0.11,0.00,-0.11,-0.11,,,21.68,-0.11,0.00,0.00,-0.11,0.00
Munjal Showa,520043,MUNJALSHOW,INE577A01027,Auto Components,Auto Components & Equipments,143.47,91.74,573.60,21.69,30.39,4.53,3.31,0.00,1.89,290.75,0.00,670.03,12.33,4.80,65.02,0.00,0.11,0.02,0.01,0.00,34.87,-22560.00,1102.80,-12350.00,17.04,17.04,56.05,-101.27,35.63,2.81,2.07,-14.23,35.16,30.27,17.16,1250.45,1.78,13.79,1.37,7.22,286.04,1.57,11.01,12.58,2.70,9.88,8.28,0.55,2.89,8.00,9.88,0.00,0.00,8.28,1.60
Music Broadcast,540366,RADIOCITY,INE919I01024,Entertainment,Media & Entertainment,6.81,,238.57,,46.50,-8.28,-11.31,0.05,7.04,-4.60,23.64,376.21,-24.33,-8.68,74.05,0.00,0.00,0.00,3.75,0.00,22.20,-119.22,-124.85,-117.27,31.59,31.59,772.34,-5152.13,-524.88,0.27,-0.06,-34.71,-41.64,26.86,-22.29,234.48,-30.92,3.70,-9.51,-0.98,49.32,0.94,7.02,7.96,7.08,0.88,-2.17,1.91,-4.40,69.14,-2.18,3.06,0.00,-2.17,-0.01
Muthoot Cap.Serv,511766,MUTHOOTCAP,INE296G01013,Finance,Non Banking Financial Company (NBFC),237.88,284.60,389.14,15.48,21.17,8.87,1.86,4.94,8.89,1.11,3314.28,653.97,22.00,-16.97,63.33,0.00,1.25,-0.05,1.01,0.00,34.40,51.21,1.97,-4.35,0.00,0.00,24.69,30.35,-273.88,4.94,-2.84,45.63,60.40,2.76,320.55,473.74,318.38,323.15,67.66,27.82,145.20,67.93,2.18,70.11,1.19,68.92,-4.67,46.78,-3.22,16.45,-6.17,75.09,0.00,-4.67,-1.50
Muthoot Finance,533398,MUTHOOTFIN,INE414G01012,Finance,Non Banking Financial Company (NBFC),2890.90,4414.26,116041.93,10.20,21.17,15.77,30.92,4.02,3.73,2.28,163271.13,40200.28,50.65,84.79,73.35,0.00,11.61,-0.70,10.75,0.32,4.29,-16.85,-6.25,-6.40,0.04,0.04,44.46,54.35,43.08,69.72,50.22,5332.97,7266.00,110.23,14732.96,20214.17,14727.29,14843.28,72.88,132.84,6450.13,5028.14,15.55,5043.69,34.75,5008.94,1974.25,77.95,30.61,401.47,2654.03,2354.91,0.00,2016.20,679.78
Mystic Electron.,535205,,INE159O01033,Commercial Services & Supplies,Trading & Distributors,3.54,5.22,7.00,15.22,22.35,0.87,0.97,0.00,,,0.00,9.13,,-6.12,6.90,0.00,0.00,0.00,0.00,0.00,93.10,-74.19,-67.74,50.00,,,-25.00,-50.00,-200.00,0.04,-0.04,1.03,1.10,1.32,-0.22,0.00,1.11,1.11,,0.52,0.00,-0.08,0.00,-0.08,0.00,-0.08,-0.08,,,19.77,-0.08,0.00,0.00,-0.08,0.00
N S D L,544467,,INE301O01023,Capital Markets,"Depositories, Clearing Houses and Other Intermediaries",820.60,489.47,16412.00,42.27,43.29,23.22,17.36,0.01,1.34,77.11,16.59,2329.97,24.35,9.40,0.00,0.00,11.69,-2.71,37.75,0.11,50.55,8.85,11.33,-1.64,9.87,9.87,6.54,8.31,9.68,4.91,4.48,327.99,453.45,117.44,375.51,1420.15,437.56,472.96,26.44,17.16,312.03,94.77,34.77,129.54,9.58,119.96,89.63,30.37,28.72,40.00,118.35,1.61,0.00,89.63,28.72
NACL Industries,524709,NACLIND,INE295D01020,Fertilizers & Agrochemicals,Pesticides & Agrochemicals,178.59,25.58,4186.23,161.51,22.13,8.13,2.37,0.46,1.27,1.97,311.96,659.50,11.90,129.61,53.68,-0.02,0.09,0.04,1.32,-0.14,44.90,-2523.26,471.43,212.06,30.17,30.17,9.03,-65.06,59.82,0.89,0.56,-120.77,-119.24,37.01,-62.25,1234.52,-82.93,-53.88,-5.04,-3.94,448.36,37.98,1.17,39.15,7.45,31.70,13.04,8.47,2.91,20.12,17.92,13.78,0.00,13.04,4.88
Nakoda Group,541418,NGIL,INE236Y01012,Food Products,Packaged Foods,40.00,11.08,68.58,42.07,46.04,8.42,5.28,0.45,2.04,2.79,12.93,11.43,0.76,155.82,57.29,0.00,0.00,0.00,0.00,0.00,42.70,-60.81,-54.73,-45.11,12.42,12.42,21.69,121.69,81.25,0.17,0.09,-3.64,-4.86,0.01,-1.99,46.25,-3.16,-1.98,-4.30,-2.04,6.92,0.83,0.00,0.83,0.30,0.53,0.16,11.99,2.31,17.66,0.20,0.33,0.00,0.16,0.05
Nalin Lease Fin.,531212,,INE606C01012,Finance,Non Banking Financial Company (NBFC),39.99,68.87,26.22,7.80,21.17,10.96,8.68,0.27,2.16,7.01,10.39,31.68,2.41,5.66,74.87,0.00,0.00,0.00,0.00,0.00,25.13,50.00,101.14,755.56,0.00,0.00,9.22,-87.23,20.65,1.69,1.40,3.53,4.43,-0.01,5.02,7.30,4.86,5.02,68.77,5.37,2.05,1.41,0.04,1.45,0.04,1.41,0.92,68.78,44.88,6.56,1.35,0.06,0.00,0.92,0.43
Nam Securities,538395,,INE792G01011,Finance,Other Financial Services,98.40,7.54,53.06,294.76,26.72,1.75,1.23,0.00,49.30,,0.00,6.10,14.74,-25.00,75.00,0.00,0.00,0.00,0.00,0.00,25.00,-180.00,-174.19,-175.76,0.00,0.00,25.00,-265.00,25.00,0.37,0.30,0.36,0.48,0.00,0.64,66.71,0.50,0.64,0.96,0.67,11.84,0.20,0.03,0.23,0.04,0.19,0.16,1.69,1.35,5.39,0.19,0.00,0.00,0.16,0.04
Narayana Hrudaya,539551,NH,INE410P01011,Healthcare Services,Hospital,1919.70,938.23,39263.07,45.55,48.63,15.50,20.54,1.29,1.94,4.68,5857.50,4332.90,59.61,8.93,63.27,0.00,9.40,-0.58,9.05,-0.09,17.65,-7.46,-9.46,-7.91,7.23,7.23,39.01,50.96,5.37,10.14,9.62,787.51,936.35,80.02,1297.83,5482.98,1096.64,1374.75,23.67,38.66,1507.27,336.51,24.45,360.30,84.30,276.00,196.71,22.33,13.01,204.36,231.50,45.16,0.66,195.99,34.79
Nath Bio-Genes,537291,NATHBIOGEN,INE448G01010,Agricultural Food & other Products,Other Agricultural Products,158.84,276.19,301.92,8.91,19.09,7.10,5.47,0.20,1.97,3.12,138.50,661.45,21.02,9.40,45.59,0.00,0.26,0.04,0.01,0.00,54.13,-322700.00,519.24,684.60,17.44,17.44,20.01,-84.70,14.07,16.98,14.88,39.07,40.58,4.05,51.00,267.89,51.73,55.55,19.04,20.31,283.70,29.29,3.83,31.06,0.98,30.08,28.28,10.32,9.26,19.00,28.94,3.20,2.06,26.26,0.66
National Plastic,531287,,INE896D01017,Industrial Products,Plastic Products - Industrial,239.10,359.11,145.33,15.00,21.98,16.81,16.75,0.86,1.14,4.23,51.79,53.94,14.64,5.67,66.34,0.01,0.00,0.00,0.00,0.00,33.67,71.81,12.56,12.91,13.54,13.54,4.29,-7.63,15.32,4.21,3.65,9.02,12.53,0.16,25.30,308.78,18.39,25.44,8.19,14.86,74.07,6.29,0.00,6.29,1.88,4.41,2.22,8.49,3.00,6.08,3.08,1.33,0.00,2.22,0.86
National Standar,504882,NATIONSTD,INE166R01015,Realty,"Residential, Commercial Projects",235.51,79.51,467.44,41.70,28.45,4.79,3.49,0.00,96.95,,0.00,262.00,-13.00,-2.86,73.94,0.00,0.00,0.00,0.00,0.00,26.06,118.97,105.45,-63.55,12.16,12.16,-61.75,4.91,156.57,1.27,0.50,13.20,18.27,18.13,0.16,22.33,18.27,18.29,0.72,6.60,0.00,-2.85,4.34,1.49,0.00,1.49,0.99,,,20.00,1.49,0.00,0.00,0.99,0.50
Natl. Aluminium,532234,NATIONALUM,INE139A01034,Non - Ferrous Metals,Aluminium,369.00,389.06,67762.04,10.04,18.73,39.59,29.42,0.00,3.60,90.07,59.83,20685.39,9.02,17.83,51.28,0.00,21.99,-0.28,11.22,0.47,15.52,16.30,15.36,15.24,1.11,1.11,83.22,58.99,90.87,10.91,5.71,5267.49,7078.37,357.01,7507.91,16787.63,7136.73,7864.31,44.72,28.68,3806.94,1477.76,123.51,1601.27,178.34,1422.93,1049.48,38.82,27.57,918.32,1414.89,8.04,0.00,1049.48,365.41
Navkar Corporat.,539332,NAVKARCORP,INE278M01019,Transport Services,Logistics Solution Provider,103.26,52.57,1553.80,38.87,25.21,3.06,1.56,0.09,1.60,5.02,177.30,1807.44,45.58,238.93,70.37,0.00,0.67,0.50,0.02,-1.63,28.94,-12.16,-27.38,-16.82,24.07,24.07,62.05,94.82,401.22,0.82,0.16,-38.27,-66.94,-4.58,9.25,487.31,-39.21,11.70,1.90,-3.01,138.46,20.45,0.58,21.03,13.35,7.68,2.45,14.77,1.77,150.52,3.81,3.87,0.00,2.45,1.35
Navneet Educat.,508989,NAVNETEDUL,INE060A01024,Household Products,Stationary,132.18,136.51,2924.00,23.37,23.37,10.23,8.03,0.05,3.59,11.56,108.00,1998.00,-3.76,-37.89,63.29,0.00,3.20,0.09,13.57,0.54,19.94,261.54,411.11,273.58,19.65,19.65,-12.78,-76.65,-10.19,6.37,7.10,196.73,940.31,707.01,319.37,1780.59,267.41,333.43,17.94,34.28,794.00,227.00,8.00,235.00,17.00,218.00,157.00,28.59,19.77,44.00,212.00,6.00,0.00,157.00,55.00
NDTV,532529,NDTV,INE155G01029,Entertainment,TV Broadcasting & Software Production,77.39,,874.85,,26.60,-72.58,-339.79,2.01,1.04,-10.49,257.55,83.13,12.35,-37.07,69.02,0.00,0.00,-0.04,0.00,0.00,30.97,-16.93,-18.43,-20.28,29.81,29.81,18.05,48.07,16.46,-7.24,-6.24,-210.21,-217.06,1.20,-173.38,465.03,-190.71,-166.23,-37.28,-19.16,107.65,-57.62,5.00,-52.62,8.39,-61.01,-70.31,-53.53,-65.31,25.79,-70.02,9.01,0.00,-70.38,0.29
Neil Industries,539016,,INE396C01010,Finance,Non Banking Financial Company (NBFC),7.44,14.48,14.54,9.26,21.17,4.39,2.49,0.09,1.75,4.69,5.13,40.52,18.40,28.69,1.88,0.00,0.00,0.00,0.00,0.00,98.13,28.13,-10.39,-7.06,0.00,0.00,41.07,51.79,24.24,0.21,0.17,1.15,2.02,0.05,2.51,3.09,2.06,2.51,81.23,0.61,0.96,0.56,0.00,0.56,0.13,0.43,0.33,58.33,34.38,19.55,0.43,0.00,0.00,0.33,0.11
Nelcast,532864,NELCAST,INE189I01024,Industrial Products,Castings & Forgings,121.35,59.29,1058.55,25.77,29.34,11.43,8.43,0.43,1.31,2.85,257.19,579.24,4.22,1.31,74.87,0.00,0.39,0.03,0.12,0.01,24.62,-66.34,-51.78,-50.58,26.62,26.62,-44.17,12.96,-58.88,0.59,1.44,34.75,49.30,20.47,88.91,1251.68,81.24,106.02,7.10,4.29,331.86,28.23,4.14,32.37,6.45,25.92,12.50,8.51,3.77,17.40,16.60,9.32,0.00,12.50,4.09
NELCO,504112,NELCO,INE045B01015,IT - Hardware,Computers Hardware & Equipments,1000.80,40.23,2289.80,383.55,26.58,7.21,0.46,0.57,0.88,2.63,72.84,106.01,2.05,-11.82,50.09,0.00,5.62,0.89,0.05,-0.21,43.99,114.68,34.68,52.10,33.23,33.23,7.49,-29.33,30.00,1.03,0.79,9.60,19.66,5.22,42.74,304.87,25.95,48.11,14.02,4.18,74.79,7.74,0.76,8.50,4.92,3.58,1.80,10.35,2.41,22.82,2.40,1.18,0.00,1.80,0.60
Neogen Chemicals,542665,NEOGEN,INE136S01016,Chemicals & Petrochemicals,Specialty Chemicals,2056.10,317.03,5618.98,158.01,28.94,6.46,3.58,1.71,1.17,1.60,1395.09,789.87,18.00,-12.07,53.00,1.78,4.11,-0.35,19.60,-3.05,23.27,50.22,18.14,9.84,41.10,41.10,53.06,39.35,66.76,6.25,3.89,43.32,50.16,-9.87,136.32,777.56,112.74,140.53,17.53,13.20,186.73,31.51,1.23,32.74,5.78,26.96,10.26,16.87,5.49,26.38,14.29,12.67,0.00,10.26,4.03
NESCO,505355,NESCO,INE317F01035,Commercial Services & Supplies,Diversified Commercial Services,1073.40,1501.68,7557.14,18.14,19.78,18.54,14.84,0.09,0.83,19.06,271.72,2982.33,21.24,3.73,68.54,0.00,4.32,-0.31,4.12,0.28,23.03,7.43,7.68,-13.19,2.03,2.03,-7.22,6.87,3.97,14.19,13.64,389.68,489.16,113.66,437.75,732.01,520.40,570.33,59.80,53.25,193.34,110.34,28.11,138.45,10.87,127.58,96.14,57.07,49.73,14.09,123.82,3.76,0.00,96.14,27.68
Nestle India,500790,NESTLEIND,INE239A01024,Food Products,Packaged Foods,1530.00,347.65,295002.78,78.56,46.04,84.14,73.17,0.08,0.96,33.02,444.16,5116.41,19.30,24.81,62.76,0.00,10.30,0.56,11.89,-0.51,15.04,-12.48,-13.42,-13.18,1.35,1.35,39.81,61.04,47.92,5.06,3.42,3095.99,4447.47,352.06,4771.33,20201.56,4290.27,4830.19,23.62,17.19,5096.16,1100.13,4.17,1104.30,156.94,947.36,659.23,21.59,12.94,96.42,900.47,46.89,0.00,659.23,241.24
Netweb Technol.,543945,NETWEB,INE0NT901020,IT - Services,IT Enabled Services,4586.00,1807.96,26109.25,100.17,24.65,37.50,32.84,0.39,1.44,15.86,282.23,711.91,107.70,102.07,66.98,0.00,9.27,-0.02,5.91,1.23,17.84,20.87,22.01,24.79,24.79,24.79,169.00,115.56,179.92,14.98,5.38,114.03,153.97,9.39,160.01,1149.02,157.46,168.80,13.93,20.21,301.21,44.80,1.11,45.91,3.32,42.59,30.48,14.87,10.12,11.33,41.61,0.98,0.00,30.48,11.13
Netwrk.18 Media,532798,NETWORK18,INE870H01013,Entertainment,Media & Entertainment,29.38,,4530.40,,46.50,3.02,0.76,0.67,0.26,1.00,3287.71,4152.91,-48.53,98.67,56.89,0.00,4.33,-1.96,0.12,-0.01,38.66,29.55,-49.59,-75.30,31.83,31.83,80.29,629.81,-125.77,-0.25,0.96,-333.91,-1771.08,-734.42,-336.56,6887.92,135.25,358.54,-4.89,-10.94,467.86,4.16,231.11,84.63,34.12,50.51,148.85,0.89,-0.38,765.21,148.85,52.30,150.64,-1.78,0.00
Neueon Corporation,532887,NEUEON,INE333I01044,Electrical Equipment,Heavy Electrical Equipment,14.84,,832.73,,33.62,-40.43,-43.73,0.19,4.03,-23401.00,41.98,163.67,17.82,-104.55,90.00,-3.63,0.00,0.00,0.18,0.00,9.82,-99.56,-99.53,-99.67,1460.85,1460.85,28.57,39383.67,-95.88,-0.02,-3.90,-90.74,-90.74,0.17,-2.07,5.40,-90.62,-1.90,-38.33,-16.05,4.46,-0.49,0.01,-0.48,21.60,-22.08,-22.08,-10.99,-495.07,5.65,-22.09,0.01,0.00,-22.08,0.00
New India Assura,540769,NIACL,INE470Y01017,Insurance,General Insurance,175.46,,28952.50,37.64,39.49,4.29,4.92,,,,0.00,0.00,11.34,-35.77,85.44,0.00,1.02,0.01,11.17,0.00,2.36,-141.24,-140.05,-1172.77,0.00,0.00,-208.41,-89.89,-159.54,-1.47,2.43,1044.99,1022.50,84.03,989.43,43541.38,1031.10,1082.06,2.27,6.29,11719.01,189.30,201.83,391.13,0.00,391.13,401.67,1.62,3.43,824.00,391.13,0.00,0.00,400.33,-1.27
Newgen Software,540900,NEWGEN,INE619B01017,IT - Software,Computers - Software & Consulting,562.75,512.59,8017.59,23.39,23.39,25.01,19.59,0.02,2.38,88.81,39.36,1636.19,7.88,8.01,53.45,-0.07,13.78,-0.70,8.15,-0.70,23.88,-40.90,-43.60,-63.25,43.98,43.98,24.24,238.07,26.35,4.41,3.51,308.25,401.97,63.58,376.20,1486.88,397.47,430.51,25.30,22.26,320.66,45.00,29.39,74.39,9.06,65.33,49.72,14.03,15.51,140.43,64.11,1.22,0.00,49.72,14.38
Newtrac Foods,514060,,INE229N01010,Commercial Services & Supplies,Trading & Distributors,2.66,,17.87,,22.35,-69.48,-79.67,0.36,1.03,-29.05,1.71,-14.39,-60.01,-555.94,18.50,0.00,0.00,0.00,0.33,0.00,81.17,-101.30,-102.12,-100.97,23.37,23.37,-25.00,-7837.50,-66.67,0.01,0.04,1.80,2.53,0.00,2.59,64.08,2.59,2.59,4.04,0.27,13.37,0.08,0.27,0.35,0.00,0.35,0.24,0.60,1.80,19.20,0.33,0.02,0.00,0.24,0.09
Next Mediaworks,532416,NEXTMEDIA,INE747B01016,Entertainment,Media & Entertainment,3.87,,25.31,,46.50,-0.62,,,5.20,0.02,38.92,-102.25,,9.92,74.99,0.00,2.45,0.00,0.00,0.00,22.55,-54.40,-200.00,-28.57,,,-28.57,0.00,-24.79,-0.13,-0.17,-4.88,3.94,9.38,-1.08,0.00,-0.52,-0.52,,0.59,0.00,-0.07,0.00,-0.07,0.00,-0.07,-1.17,,,66.89,-1.17,1.10,0.00,-1.17,0.00
Nexus Select,543913,NXST,INE0NDH25011,Realty,Real Estate Investment Trusts (REITs),166.96,77.53,25267.19,57.37,59.17,5.83,2.69,0.47,0.20,2.71,6203.15,-1884.92,12.33,-4.84,,,,,,,,1185.06,14.35,9.69,2.02,2.02,11.31,1.48,30.89,1.03,0.79,419.67,697.85,126.07,1552.24,2282.89,1000.58,1586.70,67.99,3.19,613.58,421.27,26.25,447.52,154.76,292.76,119.58,68.66,19.49,15095.02,180.26,112.50,0.00,119.58,60.68
NIIT,500304,NIITLTD,INE161A01038,Other Consumer Services,Education,96.86,26.57,1322.83,94.18,21.81,2.23,0.90,0.01,5.71,25.28,6.96,1042.90,11.83,-69.47,40.87,3.90,8.06,-2.05,11.14,-0.03,39.91,-316.09,-2834.38,152.05,14.27,14.27,-62.60,-85.16,79.47,0.59,0.32,46.12,57.42,78.35,3.49,357.58,60.09,83.33,0.98,3.40,84.12,-9.84,21.73,13.87,6.68,7.19,4.19,-11.70,6.98,27.15,4.95,0.26,-1.98,6.06,0.76
NIIT Learning,543952,NIITMTS,INE342G01023,Other Consumer Services,Education,246.61,432.50,3411.50,14.85,21.81,20.59,16.55,0.21,1.73,12.88,318.16,1515.38,21.70,1.12,34.25,0.16,14.44,-2.31,25.38,0.92,25.92,-25.55,23.70,6.14,18.29,18.29,2.82,-3.13,16.45,4.17,3.61,235.63,306.35,33.59,358.73,1653.26,341.36,403.27,21.70,16.71,451.35,90.41,6.79,103.48,18.11,85.37,49.30,20.03,11.86,27.30,73.02,6.07,-6.28,53.51,23.72
Nikki Glob.Fin.,531272,,INE526C01012,Finance,Non Banking Financial Company (NBFC),18.34,23.29,6.27,12.80,21.17,13.05,14.95,0.34,1.17,,0.51,-1.91,3200.00,450.00,7.93,-2.55,0.00,0.00,0.00,0.00,92.06,-29.03,-37.14,-37.14,69.70,69.70,-540.00,-800.00,-540.00,0.64,-0.15,-0.03,-0.03,0.00,-0.03,0.14,-0.03,-0.03,-21.43,-0.09,0.00,-0.05,0.00,-0.05,0.00,-0.05,-0.05,,,3.42,-0.05,0.00,0.00,-0.05,0.00
Nila Infrastruct,530377,NILAINFRA,INE937C01029,Realty,"Residential, Commercial Projects",7.66,15.92,302.54,12.09,28.45,22.32,12.92,0.13,1.10,10.67,23.69,147.95,2.06,12.60,61.90,0.00,0.28,-0.06,0.03,0.03,37.78,44.27,-3.98,-11.69,8.97,8.97,-15.19,-3.97,25.78,0.21,0.17,20.26,32.08,15.16,22.13,246.88,35.69,37.10,8.96,0.52,92.60,8.82,3.73,12.55,0.40,12.15,6.71,9.52,7.25,39.39,11.20,0.95,0.00,6.71,2.88
Nila Spaces,542231,NILASPACES,INE00S901012,Realty,"Residential, Commercial Projects",12.74,17.82,502.23,16.11,28.45,31.32,18.23,0.46,2.69,2.53,78.68,131.38,31.15,72.88,61.90,0.00,0.00,-0.05,0.00,0.00,38.08,-8.51,5.99,3.68,0.54,0.54,49.30,44.00,47.26,0.22,0.15,13.89,20.48,8.58,33.14,135.80,35.42,40.58,24.40,0.37,40.83,12.09,2.43,14.52,1.32,13.20,5.84,29.61,14.30,39.39,8.11,5.09,0.00,5.86,2.26
Nilkamal Ltd,523385,NILKAMAL,INE310A01015,Consumer Durables,Plastic Products - Consumer,1699.90,1587.10,2540.49,18.88,24.85,10.61,8.22,0.27,2.29,5.23,418.23,1562.46,7.57,30.18,64.54,0.00,0.97,-0.01,12.90,-0.82,21.59,-41.47,-33.07,-22.20,12.58,12.58,28.69,65.41,59.17,16.30,10.21,105.99,140.79,18.45,285.85,3312.74,183.60,303.72,8.63,71.32,883.14,58.00,6.27,64.27,33.62,30.65,15.33,6.57,1.74,14.92,19.53,11.12,0.00,15.24,4.21
Nippon Life Ind.,540767,NAM-INDIA,INE298J01013,Capital Markets,Asset Management Company,1165.00,447.74,74477.98,45.50,38.43,43.80,34.48,0.02,1.54,313.05,75.34,4021.02,23.01,21.24,71.80,-0.13,7.04,-0.31,15.49,0.72,5.67,30.93,44.35,0.14,2.76,2.76,30.84,30.66,27.16,7.88,6.23,1286.39,1694.32,2.51,1729.15,2518.21,1701.06,1731.66,68.67,20.27,606.61,388.13,146.00,534.13,8.44,525.69,396.12,63.98,65.30,635.35,523.89,1.80,0.00,396.12,128.21
Nitta Gelatin,506532,NITTAGELA,INE265B01019,Chemicals & Petrochemicals,Specialty Chemicals,1729.20,1992.93,1572.28,15.13,28.94,27.70,20.99,0.01,6.04,199.54,4.23,502.17,10.37,36.60,74.49,0.00,0.05,0.05,0.95,0.02,24.51,-26.16,-26.37,-24.08,16.53,16.53,25.40,65.17,31.63,27.73,21.11,69.71,111.93,20.69,106.11,526.57,102.86,116.09,20.15,92.45,138.79,27.48,1.95,29.95,3.35,26.60,19.13,19.80,14.16,9.08,25.74,0.34,-0.52,19.69,6.61
Niva Bupa Health,544286,NIVABUPA,INE995S01015,Insurance,General Insurance,86.56,,16016.17,91.91,39.49,3.15,3.46,,,,0.00,0.00,27.91,-42.64,55.30,-0.06,12.09,1.49,16.17,-0.32,16.44,-13.53,1.66,1.43,0.00,0.00,87.86,85.21,92.89,0.75,0.39,213.52,213.52,155.42,82.71,5374.28,213.52,238.13,1.54,1.17,1931.75,98.07,-0.15,97.92,0.00,97.92,71.44,5.08,3.70,1845.06,97.92,0.00,0.00,71.44,26.48
NOCIL,500730,NOCIL,INE163A01018,Chemicals & Petrochemicals,Specialty Chemicals,174.05,65.42,2905.65,41.77,28.94,3.93,2.60,0.00,2.79,73.24,8.04,1606.37,0.96,-25.26,33.76,0.00,4.78,0.23,7.48,-0.44,53.99,63.29,75.70,114.82,21.14,21.14,47.87,-31.16,60.83,1.66,1.03,91.85,114.14,32.10,137.41,1392.69,107.10,160.68,9.87,6.16,336.22,30.58,6.60,37.18,13.67,23.51,17.26,9.10,5.13,167.02,23.14,0.37,0.00,17.26,5.88
Noida Tollbridg.,532481,NOIDATOLL,INE781B01015,Transport Infrastructure,"Road AssetsToll, Annuity, Hybrid-Annuity",4.44,,82.30,2.90,19.35,162.47,,,1.01,,42.91,-198.79,7.29,1365.18,26.37,0.00,0.00,0.00,0.60,0.00,67.67,38.18,39.95,60.55,7.11,7.11,10.19,-31.37,28.50,0.28,0.22,-11.74,-244.22,-230.13,13.30,40.24,-11.72,15.67,33.05,-13.12,10.52,3.73,0.57,4.30,0.16,4.14,4.14,35.46,39.35,186.20,4.14,0.00,0.00,4.15,0.00
Northern Arc,544260,NORTHARC,INE850M01015,Finance,Non Banking Financial Company (NBFC),284.65,648.89,4589.41,10.45,21.17,9.74,11.08,3.15,1.92,1.62,12258.35,3733.99,21.13,50.39,0.00,0.00,8.64,1.13,5.63,-1.48,85.72,-13.98,-0.45,-0.62,0.72,0.72,28.10,28.90,45.83,7.07,5.02,304.55,386.08,11.47,1224.33,2344.27,1217.92,1235.80,52.23,18.87,605.43,322.67,2.27,324.94,4.24,320.70,78.25,53.30,12.92,161.41,104.36,216.34,0.00,81.05,26.12
Novartis India,500672,NOVARTIND,INE234A01025,Pharmaceuticals & Biotechnology,Pharmaceuticals,1635.70,430.04,4019.84,41.12,33.57,16.25,11.63,0.00,5.30,112.16,3.21,805.49,5.42,-4.87,70.68,0.00,0.16,-0.01,1.35,0.82,27.81,27.56,43.10,69.30,10.00,10.00,28.16,-24.30,16.62,13.05,11.19,100.82,130.42,41.96,91.42,356.27,131.08,133.27,25.66,40.87,87.55,27.24,10.61,37.85,0.53,37.32,27.62,31.11,31.55,12.34,37.22,0.10,0.00,27.62,9.60
NTPC,532555,NTPC,INE733E01010,Power,Power Generation,350.90,242.52,340354.03,12.26,22.12,8.33,13.97,1.33,0.83,2.90,271004.58,193479.00,2.35,15.88,51.10,0.00,16.30,-0.24,29.44,0.31,3.14,-35.03,137.17,90.83,19.16,19.16,29.03,-32.38,12.90,6.93,6.20,22576.80,32198.33,8526.03,54355.27,188138.06,45663.16,63064.35,28.89,24.16,47064.35,12578.93,3240.65,15819.58,4587.00,11232.58,6108.46,26.73,12.98,9696.67,7765.06,3467.52,0.00,6010.60,1656.60
NTPC Green Ene.,544289,NTPCGREEN,INE0ONG01011,Power,Power Generation,90.70,26.72,76299.69,125.71,22.12,3.53,2.79,1.67,0.24,1.76,31716.14,10538.86,42.12,8.90,89.01,0.00,1.67,0.06,5.21,0.14,4.12,54.61,36.68,27.66,18.70,18.70,63.82,28.32,38.26,0.36,0.26,475.52,652.63,257.41,1919.80,2209.64,1419.02,2177.27,86.88,0.56,680.21,603.55,89.44,692.99,223.33,469.66,220.48,88.73,32.41,8426.33,277.10,192.56,0.00,220.48,56.62
Nucleus Soft.,531209,NUCLEUS,INE096B01018,IT - Software,Software Products,696.70,537.61,1833.02,16.04,28.92,16.83,13.08,0.01,1.06,94.38,8.55,881.12,1.66,-31.98,73.59,0.00,3.32,-1.14,1.48,0.27,21.60,-30.91,-54.06,-77.23,13.94,13.94,-76.57,2.88,-32.19,9.07,13.37,133.82,219.05,66.26,168.35,832.25,180.58,195.39,20.23,61.92,217.72,33.98,17.96,51.94,3.40,48.54,35.20,15.61,16.17,26.33,48.30,0.24,0.00,35.20,13.10
Nureca,543264,NURECA,INE0DSF01015,Healthcare Equipment & Supplies,Medical Equipment & Supplies,333.40,154.83,319.29,73.57,32.97,3.30,1.12,0.01,8.25,7.59,2.26,171.22,23.92,176.32,68.09,0.00,0.11,-0.17,0.24,0.00,31.57,-150.41,-188.87,-159.17,5.06,5.06,-710.71,932.14,279.01,3.22,0.81,0.76,1.34,12.44,-7.55,109.66,2.51,4.85,-6.88,0.85,34.18,-0.56,2.57,2.01,0.53,1.48,0.81,-1.64,2.37,10.00,1.23,0.25,0.00,0.81,0.42
Nuvama Wealth,543988,NUVAMA,INE531F01023,Capital Markets,Stockbroking & Allied,1765.70,1075.49,32269.70,29.80,19.99,17.49,27.36,2.80,1.40,2.40,11543.52,4084.53,12.80,5.22,53.98,-0.15,19.00,2.06,8.49,0.19,18.51,13.71,15.15,15.21,20.42,20.42,18.42,2.78,15.83,16.75,14.66,985.64,1318.31,14.30,2220.34,4162.30,2139.55,2233.92,53.34,54.82,1122.65,611.58,3.48,615.06,24.27,590.79,263.87,54.48,23.50,35.97,350.72,240.07,0.00,263.96,86.85
Nuvoco Vistas,543334,NUVOCO,INE118D01016,Cement & Cement Products,Cement & Cement Products,350.60,209.76,12527.35,30.19,31.16,7.07,4.05,0.48,0.45,2.92,4916.10,9871.61,9.45,172.73,72.02,0.00,4.71,-0.17,18.00,-0.35,5.27,13.37,-4.41,-3.29,6.42,6.42,9.57,13.30,19.88,4.47,3.73,21.81,26.51,18.92,1372.51,10356.67,520.60,1389.11,13.25,0.61,2872.70,518.59,14.80,533.39,214.66,318.73,133.16,18.05,4.64,357.16,201.60,117.13,0.00,133.16,68.44
OBCL,541206,OBCL,INE426Z01016,Transport Services,Logistics Solution Provider,53.10,,108.41,,25.21,-1.05,-8.91,0.86,1.73,-0.41,72.43,62.84,-1.23,-367.82,72.19,0.26,0.00,0.00,0.00,0.00,27.81,-123.45,-181.33,-233.88,24.43,24.43,21.89,-191.04,-35.29,0.57,0.89,2.04,3.61,0.65,12.18,338.85,7.17,12.43,3.59,1.10,85.22,2.01,3.34,5.35,1.38,3.97,1.87,2.36,2.19,21.08,2.37,1.60,0.00,1.87,0.50
Oberoi Realty,533273,OBEROIRLTY,INE093I01010,Realty,"Residential, Commercial Projects",1861.10,1354.44,67697.79,25.57,28.45,17.28,14.55,0.16,3.70,17.06,2825.40,17558.02,29.86,28.37,67.71,0.00,15.11,-0.31,14.83,0.25,2.36,-22.72,-22.82,-22.66,5.13,5.13,41.09,82.43,29.02,14.95,11.59,2167.08,2944.89,195.54,3103.04,5286.27,3132.77,3221.23,58.70,61.21,987.55,520.34,93.19,613.53,31.62,581.91,421.25,52.69,42.66,363.60,506.96,74.95,0.00,421.25,85.71
OCCL,544278,OCCLLTD,INE0PK601023,Chemicals & Petrochemicals,Commodity Chemicals,174.32,354.91,863.56,11.31,21.02,12.85,11.94,0.19,1.81,16.05,84.07,421.28,40.17,120.61,51.76,0.00,0.27,0.13,4.75,0.00,43.22,108.01,228.40,158.14,14.05,14.05,134.22,-9.27,206.32,8.06,2.63,21.47,28.60,2.00,53.01,306.73,34.15,55.08,17.28,4.29,123.09,26.33,0.40,26.73,7.05,19.68,13.14,21.39,10.68,9.99,18.34,1.34,0.00,13.14,5.20
Odyssey Tech.,530175,,INE213B01019,IT - Software,Software Products,38.34,36.16,61.12,16.52,28.92,9.35,6.94,0.00,13.97,,0.00,43.50,2.43,-2.63,54.69,-0.06,0.00,0.00,0.00,0.00,45.30,-87.13,-87.17,-102.73,13.84,13.84,-112.20,346.34,-59.26,0.14,0.34,4.24,5.83,2.81,5.05,27.26,5.76,7.79,18.53,2.73,6.01,0.41,0.74,1.15,0.42,0.73,0.54,6.82,8.99,15.90,0.73,0.00,0.00,0.54,0.19
Oil Country,500313,OILCOUNTUB,INE591A01010,Oil,Oil Equipment & Services,56.49,,290.37,,24.20,-25.38,-28.67,0.13,4.16,-78.11,24.88,145.43,-48.58,-119.60,47.23,0.00,0.01,-0.01,0.10,0.00,52.66,10.78,1.07,-45.59,19.68,19.68,-87.37,-76.79,71.51,-2.91,-1.69,-31.86,-29.10,2.86,43.15,122.90,-23.59,46.01,35.11,-6.66,24.57,8.79,0.49,9.28,17.34,-8.06,-8.81,35.78,-35.86,51.99,-8.40,0.34,0.00,-8.81,0.41
Omax Autos,520021,OMAXAUTO,INE090B01011,Auto Components,Auto Components & Equipments,190.92,379.05,405.91,10.02,30.39,15.41,9.34,0.15,1.05,4.53,52.81,325.38,31.75,187.57,54.63,-0.23,0.39,0.03,0.15,0.15,44.83,-38.87,-31.89,-37.97,2.90,2.90,61.24,159.93,48.46,4.96,3.34,-3.93,35.32,42.49,32.23,369.26,36.35,55.51,8.73,10.08,99.64,8.36,8.76,19.14,4.27,14.87,7.14,8.39,8.72,21.39,8.45,4.40,-2.02,8.69,1.31
Omega Interactiv,511644,,INE113B01037,IT - Software,Software Products,38.69,39.92,305.81,27.35,28.92,24.64,19.75,0.00,2.09,36.70,0.29,66.57,877.07,257.19,7.94,-16.28,0.00,0.00,0.00,0.00,92.07,142.22,10.21,10.21,44.68,44.68,163.80,139.37,97.29,0.55,1.38,1.19,1.59,2.55,-0.23,0.02,2.32,2.32,-1150.00,0.74,21.04,2.21,0.00,2.21,0.00,2.21,2.21,10.50,10.50,1.60,2.21,0.00,0.00,2.21,0.00
One 97,543396,PAYTM,INE982J01020,Financial Technology (Fintech),Financial Technology (Fintech),1410.00,308.05,90488.12,111.52,77.67,5.01,4.70,0.01,2.55,42.43,194.00,15962.00,22.55,262.55,0.00,0.00,48.09,-1.31,24.87,1.79,27.04,20.22,42.70,53.79,13.23,13.23,181.94,83.33,78.86,3.44,1.93,-1457.64,-645.20,1550.30,-1505.50,6900.40,-1452.00,-779.40,-21.82,-10.33,1918.00,72.00,224.00,313.00,166.00,147.00,123.00,3.75,7.28,64.00,126.00,4.00,-17.00,139.60,3.00
One Mobikwik,544305,MOBIKWIK,INE0HLU01028,Financial Technology (Fintech),Financial Technology (Fintech),214.77,,1692.98,575.85,77.67,-2.24,-8.26,0.51,1.47,1.13,275.95,523.15,2.74,101.87,25.08,-0.01,4.48,0.24,3.52,-0.55,66.91,73.97,-8.69,-19.70,6.47,6.47,-119.57,-124.37,-118.18,0.97,-5.36,-121.73,-119.57,22.32,-101.72,1170.17,-92.47,-79.60,-8.69,-15.64,271.36,-41.45,10.25,-31.20,2.86,-34.06,-41.92,-15.27,-15.45,15.63,-41.89,7.83,0.00,-41.92,0.04
Onemi Technology,544754,KISSHT,INE12F801023,Finance,Other Financial Services,313.60,,5281.13,16.67,26.72,22.59,24.02,1.44,1.57,2.33,1928.08,1330.91,61.79,75.34,24.80,,7.64,,19.05,,48.52,15.70,12.22,11.33,4.77,4.77,46.35,31.46,59.16,5.64,11.14,160.52,216.27,0.20,438.10,1352.49,415.46,438.16,32.39,299.49,463.10,141.67,2.61,144.28,5.30,138.98,59.74,30.59,12.90,10.72,79.75,59.23,0.00,59.74,20.01
OneSource Speci.,544292,ONESOURCE,INE013P01021,Pharmaceuticals & Biotechnology,Pharmaceuticals,1560.50,,17872.09,,33.57,0.57,-1.09,0.26,0.99,0.55,1503.94,5819.83,4.29,-141.74,30.48,0.00,19.19,1.69,23.37,2.76,26.95,443.48,149.77,34.21,44.72,44.72,39.41,3.88,-13257.89,2.18,-0.02,104.93,-67.75,-94.29,466.74,1444.85,210.33,484.21,32.30,-1.57,327.27,88.48,2.40,93.75,67.80,25.95,-0.19,27.04,0.78,11.45,-4.40,27.48,-2.87,2.55,-4.21
Onix Solar,513119,,INE173M01012,Non - Ferrous Metals,Copper,570.85,552.06,2104.61,35.01,41.68,10.21,10.18,0.00,37.93,612.91,0.00,759.17,77.60,645.78,50.22,-24.76,0.00,0.00,0.77,0.00,49.00,-18.85,8.25,9.52,42.76,42.76,2144.35,1949.19,1962.38,5.65,2.89,1.45,1.52,0.42,1.11,29.39,1.52,1.53,3.78,4.14,45.20,1.24,0.11,1.35,0.00,1.35,1.01,2.74,2.23,1.98,1.35,0.00,0.00,1.01,0.34
Onward Technolog,517536,ONWARDTEC,INE229A01017,IT - Services,IT Enabled Services,293.85,281.50,653.49,14.52,24.65,22.94,19.53,0.16,3.66,20.30,39.84,231.06,10.51,37.59,39.97,0.90,9.32,-0.51,1.80,-1.74,47.53,16.96,20.12,19.99,21.42,21.42,7.18,-10.68,-12.25,5.02,5.60,27.06,36.30,7.21,44.70,491.32,38.49,51.88,9.10,11.94,133.15,17.14,2.47,19.61,3.18,16.43,12.73,12.87,9.56,22.72,15.93,0.50,0.00,12.73,3.19
Oracle Fin.Serv.,532466,OFSS,INE881D01027,IT - Software,Software Products,11332.00,4872.00,98694.71,28.92,28.92,45.28,32.61,0.00,5.44,629.45,32.50,7783.00,28.57,41.92,72.41,-0.03,9.70,1.66,8.79,-0.33,9.08,68.17,74.38,77.65,15.11,15.11,121.73,24.81,120.52,162.57,73.87,2379.07,3310.90,304.20,3076.30,6846.80,3311.00,3380.10,44.93,273.95,1852.20,846.30,72.50,918.80,17.70,901.10,641.90,45.69,34.66,43.50,905.40,-4.30,0.00,641.90,263.50
Orient Cement,535754,ORIENTCEM,INE876N01018,Cement & Cement Products,Cement & Cement Products,139.51,154.03,2868.26,13.48,31.16,16.46,17.27,0.03,1.95,23.43,72.46,2125.33,-12.09,-18.04,72.66,0.00,4.12,-0.58,2.17,0.20,21.05,38.91,53.49,33.57,33.19,33.19,-20.88,-40.76,-62.44,3.75,9.98,90.83,145.49,19.50,301.69,2708.83,167.41,320.42,11.14,4.45,866.00,182.00,2.00,184.00,37.00,147.00,205.00,21.02,23.67,21.00,144.00,3.00,0.00,205.00,-61.00
Orient Electric,541301,ORIENTELEC,INE142Z01019,Consumer Durables,Household Appliances,175.55,85.04,3757.90,31.51,48.95,19.87,14.15,0.12,1.35,8.10,93.35,738.76,12.84,38.05,38.30,0.00,3.28,-0.14,32.49,-0.03,25.94,-21.82,-14.81,-13.93,17.66,17.66,44.53,67.93,79.74,1.48,0.82,83.59,112.25,11.32,204.22,3093.68,137.00,216.06,6.60,3.90,769.08,46.08,2.48,48.56,19.45,29.11,17.52,5.99,2.28,21.34,23.66,5.45,0.00,17.52,6.14
Orient Green,533263,GREENPOWER,INE999K01014,Power,Power Generation,10.08,6.54,1183.61,22.12,22.12,7.19,5.27,0.45,2.04,2.04,524.12,-20.76,0.71,0.48,24.38,0.00,0.64,-0.14,1.17,-0.18,73.81,-244.63,-1120.55,445.45,28.22,28.22,-8.20,-83.17,-16.32,0.20,0.25,36.87,41.87,28.65,168.79,260.37,103.48,187.06,64.83,0.33,87.38,60.13,5.61,65.92,21.05,44.87,28.62,68.81,32.96,1173.03,28.62,16.07,-0.18,29.08,0.00
Oriental Aromat.,500078,OAL,INE959C01023,Chemicals & Petrochemicals,Specialty Chemicals,378.85,69.13,1262.84,237.38,28.94,4.47,0.50,0.61,1.59,1.38,402.60,647.70,13.54,-77.68,74.17,0.00,0.02,0.02,0.00,0.00,25.81,-37.09,-18.20,1.75,23.69,23.69,9.63,7.75,402.00,0.75,0.15,34.41,47.61,2.95,93.52,928.26,72.91,96.59,10.07,10.20,225.52,18.06,0.27,18.33,7.70,10.63,0.50,8.01,0.22,16.83,2.56,8.07,0.00,0.50,2.06
Oriental Hotels,500314,ORIENTHOT,INE750A01020,Leisure Services,Hotels & Resorts,135.39,58.33,2418.97,36.02,28.87,12.12,9.49,0.17,0.54,8.45,130.59,744.20,6.94,42.30,68.53,0.28,0.36,-0.01,1.14,0.00,29.96,-83.65,-49.98,-39.20,5.77,5.77,-8.54,50.41,-20.06,0.30,0.37,38.51,63.16,3.11,110.19,439.70,79.64,112.77,25.06,2.20,107.65,25.63,0.32,25.95,8.45,17.50,6.63,23.81,6.16,17.86,13.80,3.70,0.00,6.63,4.55
Oswal Yarns,514460,,INE670H01017,Commercial Services & Supplies,Trading & Distributors,15.75,,6.32,,22.35,-3.42,-3.96,0.16,51.25,,0.48,-1.04,-28.16,-116.67,45.27,0.00,0.00,0.00,0.00,0.00,54.73,0.00,0.00,0.00,2.03,2.03,50.00,50.00,33.33,-0.10,-0.07,-0.05,-0.14,-0.06,-0.02,1.98,-0.04,-0.01,-1.01,-0.30,0.28,-0.02,0.00,-0.02,0.01,-0.03,-0.03,-7.14,-10.71,4.01,-0.03,0.00,0.00,-0.03,0.00
Oxygenta Pharma,524636,,INE102E01018,Pharmaceuticals & Biotechnology,Pharmaceuticals,50.39,,186.36,,33.57,-33.56,,,0.60,-1.51,109.56,-79.67,20.59,8.12,56.53,0.00,0.00,0.00,0.03,0.00,43.43,23.53,-109.43,358.33,7.44,7.44,-108.05,-101.76,-65.63,-0.57,-1.65,-10.35,-14.35,1.31,-9.82,109.30,-12.17,-8.56,-8.98,-2.79,15.13,-6.83,0.16,-6.66,0.85,-7.51,-6.11,-45.14,-40.32,36.98,-8.15,0.63,-0.01,-6.10,-2.04
P & G Hygiene,500459,PGHH,INE179A01014,Personal Products,Personal Care,8649.00,2784.67,28087.39,35.52,39.68,157.48,114.93,0.00,1.22,112.04,0.87,721.01,-1.54,-4.58,70.64,0.00,0.98,0.01,15.58,-0.38,12.79,-17.54,-23.20,-22.10,5.72,5.72,-36.11,-17.98,-34.25,38.90,59.17,636.76,862.16,37.11,871.29,3374.42,876.69,908.63,25.82,196.11,937.03,266.17,7.69,273.86,9.09,264.77,192.06,28.41,20.50,32.46,264.70,0.07,0.00,192.06,72.64
P N Gadgil Jewe.,544256,PNGJL,INE953R01016,Consumer Durables,"Gems, Jewellery And Watches",658.05,846.05,8935.62,19.93,19.54,20.92,23.45,0.89,1.53,6.66,1737.09,1827.02,47.77,77.70,83.11,0.00,0.48,-0.25,4.76,0.04,11.64,16.71,16.85,34.90,0.55,0.55,65.84,22.93,51.92,7.76,5.11,219.00,293.10,34.14,336.81,7586.00,337.09,371.93,4.44,16.08,1714.56,109.97,12.88,122.85,11.21,111.64,69.34,6.41,4.04,135.71,92.72,18.92,0.00,69.34,23.38
Padmanabh Inds.,526905,,INE743D01011,Chemicals & Petrochemicals,Commodity Chemicals,8.60,3.73,5.22,19.35,21.02,17.39,342.86,6.21,1.58,2.56,1.18,-5.89,642.26,285.71,2.21,0.00,0.00,0.00,0.00,0.00,97.78,-95.65,-95.83,-92.00,2.65,2.65,-300.00,-2600.00,-150.00,0.02,-0.03,0.01,0.00,0.00,0.05,3.06,0.01,0.05,1.63,0.02,0.12,-0.01,0.00,-0.01,0.01,-0.02,-0.02,-8.33,-16.67,6.08,-0.02,0.00,0.00,-0.02,0.00
Pan India Corpor,511525,,INE376A01032,Finance,Investment Company,1.62,,34.71,,36.02,-6.28,-6.28,0.00,2.00,,0.00,-205.92,-100.00,88.66,45.51,0.00,0.00,0.00,0.01,0.00,54.48,37.50,37.50,37.50,,,-47.62,-61.90,-42.11,-0.01,-0.01,-3.94,-3.94,0.00,-3.94,0.04,-3.94,-3.94,-9850.00,-0.18,0.00,-0.21,0.02,-0.19,0.00,-0.19,-0.19,,,214.26,-0.19,0.00,0.00,-0.19,0.00
Panchmahal Steel,513511,,INE798F01010,Industrial Products,Iron & Steel Products,313.30,44.09,597.78,149.44,21.73,3.11,-1.45,0.23,2.56,2.84,35.22,131.62,4.87,884.31,73.81,0.00,0.00,0.00,0.00,0.00,22.25,-304.72,199.56,117.82,12.17,12.17,-4195.00,-1980.00,-326.04,2.27,-1.01,3.33,4.55,2.71,15.51,383.10,10.16,18.22,4.05,1.75,87.54,-0.20,1.04,0.84,1.99,-1.15,-1.92,-0.23,-2.19,19.08,-2.62,1.47,0.00,-1.92,-0.70
Panth Infinity,539143,,INE945O01019,Diversified,Diversified,10.17,151.03,56.10,1.13,21.58,,39.51,0.91,4.73,,90.03,43.73,841.24,2731.16,0.00,0.00,0.00,0.00,0.00,0.00,100.01,-25.20,-35.63,-35.63,5.90,5.90,308.75,534.99,308.45,2.54,1.38,1.38,1.96,0.00,1.97,29.97,1.96,1.97,6.57,0.55,33.41,3.43,0.00,3.43,0.00,3.43,3.43,10.27,10.27,24.91,3.43,0.00,0.00,3.43,0.00
Paradeep Phosph.,543530,PARADEEP,INE088F01024,Fertilizers & Agrochemicals,Fertilizers,144.92,302.37,15043.13,13.84,15.20,17.13,18.89,1.02,1.15,3.61,6906.28,5744.52,28.08,13.95,57.86,0.07,5.10,-3.26,18.07,2.58,18.85,152.28,78.43,62.77,20.43,20.43,24.13,-23.74,23.93,3.78,3.88,540.08,752.42,95.63,1270.89,13820.21,1098.60,1350.41,9.20,6.77,4503.50,580.19,34.05,614.24,86.02,528.22,316.75,12.88,7.03,815.21,423.87,104.35,0.00,316.75,107.12
Park Medi World,544645,PARKHOSPS,INE119201023,Healthcare Services,Hospital,288.60,153.24,12433.66,44.78,48.63,19.34,16.70,0.18,2.06,8.10,364.18,1935.60,20.51,24.99,82.89,0.00,0.82,-0.04,8.95,0.00,7.33,15.41,-2.11,-1.02,33.79,33.79,20.16,21.40,35.27,1.91,1.51,206.51,286.67,30.46,375.13,1393.57,349.30,407.53,26.92,5.34,398.85,104.93,6.87,111.80,14.77,97.03,65.50,26.31,16.42,76.88,81.90,15.13,0.00,57.98,16.39
Patel Integrated,526381,PATINTLOG,INE529D01014,Transport Services,Logistics Solution Provider,14.01,20.41,98.12,9.37,25.21,8.06,7.83,0.05,3.34,36.03,6.26,53.93,15.96,35.80,36.15,0.16,0.00,0.00,0.00,0.00,63.84,-16.05,-31.30,-32.79,18.51,18.51,27.84,90.21,53.05,0.36,0.24,6.98,7.67,2.68,8.78,342.69,8.22,10.83,2.56,1.09,77.98,1.94,0.44,2.38,0.64,1.74,1.64,2.49,2.10,69.59,1.64,0.10,0.00,1.64,0.00
Paushak,532742,PAUSHAKLTD,INE111F01024,Chemicals & Petrochemicals,Specialty Chemicals,652.80,224.34,1609.99,37.98,28.94,8.30,6.98,0.16,1.59,23.14,76.94,478.79,14.65,-17.03,67.28,0.00,0.00,0.00,0.06,-0.19,32.66,20.70,19.60,53.32,22.28,22.28,43.70,-6.27,25.52,6.12,4.89,42.65,58.77,14.24,59.64,210.95,50.36,65.33,28.27,20.07,55.88,17.85,1.88,19.73,4.06,15.67,12.03,31.94,21.53,3.08,15.63,0.04,0.00,12.03,3.60
PCBL Chemical,506590,PCBL,INE602A01031,Chemicals & Petrochemicals,Carbon Black,326.80,229.19,12886.74,48.70,48.02,7.75,5.58,1.25,0.83,1.92,4989.06,3966.95,2.08,-35.62,53.38,0.00,5.79,0.23,11.26,0.27,28.37,285.21,92.99,62.70,16.32,16.32,23.97,-23.80,64.64,3.94,2.49,432.76,577.06,46.87,1336.78,8404.25,1035.30,1380.98,15.91,11.51,2114.05,319.05,5.80,324.85,92.35,232.50,94.10,15.09,4.45,37.75,120.15,112.35,0.00,94.05,26.05
Pelatro,,PELATRO,INE0VG601013,Media,Web based media and service,267.00,323.02,282.95,13.26,27.63,7.70,5.01,0.38,3.20,6.33,41.79,99.28,61.21,62.16,52.62,0.00,2.41,-0.17,1.57,0.40,43.39,-11.13,-10.58,29.34,20.28,20.28,36.03,5.17,52.53,5.12,3.42,5.32,5.35,2.03,7.69,61.50,7.13,10.00,12.50,4.90,26.69,5.80,0.51,6.31,1.52,4.79,3.56,21.73,13.34,10.41,3.77,1.02,0.00,3.56,0.22
Persistent Systems,533179,PERSISTENT,INE262H01021,IT - Software,Computers - Software & Consulting,5575.00,2847.97,87930.58,44.18,23.39,34.36,27.24,0.06,2.11,31.30,477.45,7758.98,25.39,31.04,30.29,0.00,20.79,-1.32,30.25,-0.22,17.99,-8.73,-5.84,-9.22,21.21,21.21,13.95,25.53,13.67,30.62,27.17,1390.48,1822.31,138.15,2058.20,11938.72,1881.76,2188.67,17.24,90.54,3333.59,611.59,54.66,666.25,93.78,572.47,424.94,18.35,12.75,78.20,555.41,17.06,0.00,424.94,130.47
Pfizer,500680,PFIZER,INE182A01018,Pharmaceuticals & Biotechnology,Pharmaceuticals,4914.60,1904.18,22488.31,29.24,33.57,24.06,18.02,0.02,6.06,136.50,70.23,4157.15,10.69,13.76,63.92,0.00,1.65,-1.16,17.80,0.91,16.62,2.33,6.20,4.92,7.07,7.07,17.87,12.35,6.63,44.70,41.91,551.80,1016.09,343.53,741.85,2281.35,853.31,914.10,32.52,167.79,603.05,210.02,67.17,277.19,14.41,262.78,191.75,34.83,31.80,45.75,259.53,3.25,0.00,191.75,67.78
Phoenix Mills,503100,PHOENIXLTD,INE211B01039,Realty,"Residential, Commercial Projects",1955.00,922.80,69958.36,53.95,28.45,12.83,11.58,0.48,1.29,6.57,5323.01,10917.02,17.67,31.79,47.25,0.00,31.73,-1.24,17.38,1.24,3.64,-18.73,-18.74,-14.42,6.97,6.97,13.69,32.84,22.95,8.30,6.73,932.04,1595.09,162.90,2161.92,3806.71,1911.66,2238.18,56.79,27.53,952.99,564.29,31.52,595.81,93.45,502.36,320.86,59.21,33.67,71.50,407.21,95.15,0.00,240.69,87.29
Pil Italica Life,500327,PILITA,INE600A01035,Consumer Durables,Plastic Products - Consumer,8.65,3.21,206.14,65.65,24.85,7.67,5.09,0.18,2.67,3.80,15.41,60.42,-1.93,-40.42,50.09,0.00,0.00,0.00,0.82,0.00,49.08,-82.41,-68.23,-53.51,4.65,4.65,-61.31,-16.79,-87.74,0.01,0.07,4.42,7.01,0.68,9.42,98.79,7.95,9.45,9.54,0.22,24.04,2.74,0.00,2.74,0.44,2.30,1.55,11.40,6.45,23.50,2.07,0.23,0.00,1.55,0.52
Pine Labs,544606,PINELABS,INE15B701018,Financial Technology (Fintech),Financial Technology (Fintech),152.17,51.11,17554.47,135.64,77.67,4.16,2.46,0.07,1.52,3.43,440.65,5780.58,19.59,261.55,0.00,0.00,9.49,4.69,24.82,13.01,65.68,-67.03,-33.87,-10.81,36.80,36.80,112.52,138.28,308.56,0.17,0.11,-114.13,-136.39,16.24,218.42,2274.27,-21.37,270.72,9.60,-1.73,615.91,44.65,37.17,81.82,65.24,16.58,4.79,7.25,0.78,44.71,-4.84,21.42,0.00,4.79,-9.63
Piramal Finance.,544597,PIRAMALFIN,INE202B01038,Finance,Housing Finance Company,2047.80,1179.82,46459.74,103.49,15.36,6.47,0.86,2.84,4.51,1.04,79989.21,28103.44,17.78,-22.65,46.16,0.00,15.45,0.82,18.63,-0.17,19.54,-8.13,155.49,43.31,0.10,0.10,20.46,-15.94,66.80,20.34,0.11,437.98,644.89,373.15,5767.31,10375.32,5862.98,6076.67,55.59,0.19,2639.25,1720.62,129.22,1849.84,57.10,1792.74,276.37,65.19,10.47,45.18,301.03,1491.71,0.00,276.37,24.66
Piramal Pharma,543635,PPLPHARMA,INE0DK501011,Pharmaceuticals & Biotechnology,Pharmaceuticals,199.28,,26464.81,,33.57,2.52,-3.83,0.70,1.48,1.33,5674.59,6835.46,0.78,-295.92,34.80,-0.05,12.51,-17.66,14.57,-1.04,37.62,685.84,-73.28,-57.61,23.44,23.44,82.94,331.59,-15.07,-0.52,-0.61,88.82,414.64,207.74,1444.83,9151.18,825.74,1642.08,15.79,0.69,1933.71,106.70,97.71,183.67,197.28,-13.61,-81.70,5.52,-4.83,1324.82,-79.02,86.15,20.74,-93.46,2.68
Plastiblends (I),523648,PLASTIBLEN,INE083C01022,Chemicals & Petrochemicals,Specialty Chemicals,190.61,176.91,491.65,11.51,28.94,11.25,8.37,0.05,4.23,26.98,22.31,436.05,5.48,35.58,62.82,0.00,0.25,0.01,0.00,0.00,36.93,7.86,9.10,16.11,15.99,15.99,63.06,40.43,67.60,5.75,3.43,31.58,44.92,9.25,52.16,758.41,43.64,58.86,6.88,12.87,199.63,13.48,2.52,16.00,3.84,12.16,8.92,6.75,4.47,12.99,11.89,0.27,0.00,8.92,2.97
PNB Gilts,532366,PNBGILTS,INE859A01011,Finance,Investment Company,83.51,71.51,1503.45,14.85,36.02,6.14,11.08,14.56,3.68,1.10,24883.91,1529.56,-5.33,-70.08,74.07,0.00,0.07,-0.11,0.00,0.00,25.86,521.25,33.13,32.86,0.00,0.00,-18.30,-38.51,-49.58,4.48,8.89,231.37,310.95,2.32,1624.48,1676.16,1621.17,1624.59,96.92,12.95,563.27,537.76,0.14,537.87,0.55,537.32,160.07,95.47,28.41,180.01,213.01,324.34,0.03,160.04,52.94
PNGS Gargi FJ,543709,,INE0NT601018,Consumer Durables,"Gems, Jewellery And Watches",617.35,1511.65,646.39,20.74,19.54,33.76,26.01,0.08,14.64,41.55,11.66,131.43,39.50,31.74,68.28,0.00,0.07,0.05,1.30,0.07,30.34,-1.75,-6.58,-13.98,8.95,8.95,-5.98,9.29,-4.90,4.82,5.13,28.82,38.70,2.12,37.44,126.32,38.97,39.57,29.64,27.81,27.31,6.35,1.20,7.55,0.27,7.28,5.31,23.25,19.44,10.36,7.14,0.14,0.00,5.31,1.82
PNGS Reva Diamo.,544718,PNGSREVA,INE1RDG01013,Consumer Durables,"Gems, Jewellery And Watches",443.25,297.46,1416.95,16.79,19.54,22.00,21.01,0.33,3.61,11.63,169.71,483.50,580.98,881.18,64.77,1.68,4.43,-0.84,10.17,-2.94,20.64,27.09,22.88,10.95,0.45,0.45,192.75,163.85,265.23,8.58,3.41,6.59,8.76,0.13,9.93,64.47,10.03,10.06,15.40,13.56,53.75,11.59,0.29,11.88,0.04,11.84,7.45,21.56,13.86,31.70,9.85,1.99,0.00,7.45,2.40
Polycab India,542652,POLYCAB,INE455K01017,Industrial Products,Cables - Electricals,9034.00,4746.94,136062.39,47.50,28.45,33.21,23.05,0.02,1.41,15.24,235.52,11858.02,32.06,29.24,61.46,-0.04,19.00,0.79,7.62,-0.33,11.92,1.41,1.27,-2.16,12.05,12.05,32.48,35.41,32.84,52.07,39.34,1931.05,2700.85,204.35,2963.53,22408.31,2750.86,3048.96,13.23,134.28,5905.98,857.60,79.95,937.55,85.70,851.85,599.70,14.52,10.15,150.51,800.59,51.26,0.00,592.12,200.89
Ponni Sug.Erode,532460,PONNIERODE,INE838E01017,Agricultural Food & other Products,Sugar,328.30,895.84,282.28,9.43,15.92,7.27,-2.14,0.00,5.66,83.05,0.00,559.53,22.29,175.18,47.34,0.00,9.46,-0.14,0.05,0.00,43.17,-104.61,-107.15,-109.95,4.92,4.92,-79.66,-304.46,-54.10,-1.43,-3.12,19.34,28.04,11.86,26.31,359.46,28.18,38.26,7.32,22.42,60.37,-8.75,8.26,-5.40,2.60,-8.00,-2.68,-14.49,-12.57,8.60,-3.14,0.05,4.91,-7.59,-0.46
Poona Dal & Oil,519359,,INE809E01018,Agricultural Food & other Products,Edible Oil,62.31,45.10,35.58,25.06,19.67,3.52,2.57,0.00,24.71,,0.00,52.62,3.94,10.08,70.38,0.00,0.00,0.00,0.00,0.00,29.62,-77.19,-78.67,37.50,1.22,1.22,-4.35,-30.43,-35.00,0.23,0.35,1.34,1.85,1.27,0.77,147.20,1.85,2.04,0.52,2.35,34.65,0.23,0.09,0.32,0.05,0.27,0.20,0.66,0.58,5.71,0.27,0.00,0.00,0.20,0.08
Poonawalla Fin,524000,POONAWALLA,INE511C01022,Finance,Non Banking Financial Company (NBFC),471.90,272.36,41614.21,52.88,21.17,7.51,5.86,4.68,0.89,1.33,48435.80,10186.65,72.47,340.37,59.02,-4.91,10.96,0.75,16.74,4.60,12.75,20.77,12.47,12.51,0.49,0.49,108.22,85.07,391.55,3.49,0.80,-104.52,-135.40,33.08,1411.71,4189.76,1373.51,1438.61,33.69,-1.26,1313.97,651.53,0.04,651.57,22.04,629.53,62.60,49.58,4.76,154.76,83.44,546.09,0.00,62.60,20.84
Powergrid Infra.,543290,PGINVIT,INE0GGX23010,Power,Power - Transmission,97.17,84.44,8841.57,9.76,18.11,11.65,11.94,0.14,30.43,14.03,1063.55,-1558.93,-0.64,-22.77,,,,,,,,-24.12,-2.41,-1.40,14.93,14.93,-0.72,0.69,-2.96,2.03,2.10,1175.68,1352.22,38.56,1685.91,1266.49,1407.77,1724.47,133.12,12.92,313.28,291.94,11.74,303.68,78.97,224.71,190.76,93.19,60.89,9099.99,204.76,19.95,0.00,190.76,14.00
Prabha Energy,544379,PRABHA,INE0I0M01023,Oil,Oil Exploration & Production,153.78,9.29,2102.63,1911.48,64.10,0.10,0.13,0.38,0.70,7.53,163.48,420.80,60.87,177.46,74.94,-5.28,1.82,1.16,0.07,0.06,23.18,190.00,185.71,-1166.67,3.45,3.45,-218.52,-88.89,-231.82,0.02,-0.01,-1.45,-2.03,0.44,-1.86,3.95,-1.88,-1.42,-47.09,-0.08,1.13,-0.27,0.10,-0.17,0.12,-0.29,-0.22,-23.89,-19.47,13.69,-0.30,0.01,0.00,-0.23,-0.08
Prabhhans Inds,530361,,INE428P01013,Textiles & Apparels,Other Textile Products,38.62,82.81,24.13,18.15,24.39,14.05,15.63,1.01,1.35,4.18,11.41,5.06,-2.07,-38.99,39.31,-18.81,0.00,0.00,0.92,0.00,59.77,-66.67,-50.82,-48.44,16.65,16.65,-52.17,-7.25,-73.81,0.18,0.67,2.26,3.31,0.01,3.96,86.94,3.85,3.96,4.55,3.63,21.72,0.69,0.00,0.69,0.03,0.66,0.42,3.18,1.93,6.25,0.56,0.10,0.00,0.42,0.14
Prataap Snacks,540724,DIAMONDYD,INE393P01035,Food Products,Packaged Foods,1163.80,108.26,2788.72,218.72,46.04,3.08,1.54,0.06,1.94,4.60,45.16,687.73,6.41,194.03,56.77,1.18,4.38,-0.41,7.35,0.14,31.50,116.67,-13.86,-7.48,1.28,1.28,5.77,14.33,257.97,1.03,0.29,-8.66,-43.06,-15.95,48.89,1707.70,-10.64,58.55,2.86,-14.35,411.00,18.01,2.42,20.43,17.15,3.28,0.69,4.38,0.17,11.94,1.04,2.24,0.00,0.69,0.35
Pratiksha Chem.,531257,,INE530D01012,Chemicals & Petrochemicals,Specialty Chemicals,15.59,19.14,8.69,1.13,28.94,-791.84,,0.04,0.67,113.57,0.04,-4.61,2820.28,204.49,3.12,0.00,0.00,0.00,0.03,0.00,96.85,3661.90,1012.68,1230.00,0.06,0.06,-480.00,-128.57,-474.41,14.18,-3.79,-5.28,-7.71,-2.34,-4.77,6.06,-4.96,-4.72,-78.71,-13.75,1.17,-2.10,0.08,-2.10,0.00,-2.10,-2.11,-179.49,-187.18,5.57,-2.11,0.09,0.08,-2.19,0.00
Premier Cap Serv,511016,,INE946K01023,Electrical Equipment,Other Electrical Equipment,5.85,3.67,21.68,32.36,30.76,3.29,3.02,0.10,0.45,,0.71,3.38,-10.45,404.55,40.00,0.00,0.00,0.00,0.00,0.00,60.00,-10.71,-10.71,100.00,71.67,71.67,-64.71,-82.35,-247.06,0.07,-0.05,-0.13,-0.09,0.04,-0.13,0.74,-0.13,-0.13,-17.57,-0.02,0.12,-0.17,0.00,-0.17,0.00,-0.17,-0.17,-141.67,-141.67,3.71,-0.17,0.00,0.00,-0.17,0.00
Premier Polyfilm,514354,PREMIERPOL,INE309M01020,Industrial Products,Plastic Products - Industrial,73.56,55.75,768.28,21.98,21.98,30.79,24.05,0.00,2.63,61.65,0.00,136.61,19.36,33.81,71.09,1.70,0.09,0.02,1.02,0.00,27.58,5.83,3.70,3.36,12.82,12.82,40.10,35.54,51.33,0.87,0.57,25.95,34.63,3.25,37.61,263.16,35.73,40.80,14.29,2.48,65.09,9.65,0.00,9.65,1.17,8.48,6.00,14.83,9.22,10.59,8.24,0.24,0.00,6.00,2.24
Prestige Estates,533274,PRESTIGE,INE811K01011,Realty,"Residential, Commercial Projects",1670.00,308.71,71923.05,63.15,28.45,10.38,7.53,1.09,1.13,2.01,17659.40,15842.20,67.46,115.95,60.95,0.00,13.27,-0.93,23.51,0.91,2.28,-6.99,-6.91,-15.94,15.65,15.65,-3.19,15.17,-12.87,5.48,6.79,456.84,755.80,385.80,2516.10,7349.40,2080.60,2892.90,34.24,10.85,2307.30,877.30,161.40,1038.70,216.20,822.50,311.50,38.02,13.50,430.70,438.60,383.90,0.00,292.50,127.10
Pricol Ltd,540293,PRICOLLTD,INE726V01018,Auto Components,Auto Components & Equipments,732.85,405.49,8930.80,33.33,30.39,24.50,21.84,0.30,1.20,12.31,379.16,1242.70,43.26,56.36,38.51,0.00,13.95,-1.66,11.79,-0.65,35.74,-8.48,-8.64,-5.03,13.59,13.59,25.72,32.38,34.34,5.50,4.09,161.11,226.61,16.64,312.89,2691.92,235.18,324.93,11.62,13.70,895.34,98.96,2.25,101.21,28.64,72.57,49.89,11.05,5.57,12.19,66.15,6.42,0.00,49.89,16.25
Prima Agro,519262,,INE297D01018,Agricultural Food & other Products,Other Agricultural Products,15.54,15.00,8.06,18.33,19.09,0.09,-0.38,0.41,17.70,14.50,6.46,10.51,6.31,156.41,40.15,0.00,0.00,0.00,0.00,0.00,59.84,-186.36,-180.65,-133.33,2.54,2.54,-243.48,330.43,-161.29,0.37,-0.60,-0.66,-0.26,1.47,-0.98,10.11,-0.44,0.28,-9.69,-0.87,2.60,-0.23,0.10,-0.13,0.18,-0.31,-0.31,-8.85,-11.92,5.20,-0.31,0.00,0.00,-0.31,0.00
Prima Industries,531246,,INE723N01012,Agricultural Food & other Products,Edible Oil,17.73,23.91,19.14,382.76,19.67,1.01,0.74,0.25,6.07,1.54,4.65,0.91,-6.61,117.86,54.50,0.00,0.00,0.00,0.00,0.00,45.50,-92.93,-155.56,-320.00,4.14,4.14,-375.00,25.00,-333.33,0.26,-0.11,-0.62,0.08,0.88,-0.51,7.55,-0.66,-0.40,-6.75,-0.28,2.08,-0.04,0.00,-0.04,0.07,-0.11,-0.12,-1.92,-5.77,10.79,-0.12,0.01,0.00,-0.12,0.00
Prime Securities,500337,PRIMESECU,INE032B01021,Finance,Other Financial Services,277.45,103.99,941.89,55.21,26.72,8.25,4.09,0.01,13.49,8.36,1.51,239.49,14.36,-53.45,0.00,0.00,4.96,0.00,5.08,0.00,89.94,-115.20,-221.18,-249.52,11.53,11.53,-52.81,-131.56,-80.82,0.59,3.12,35.38,44.70,4.10,42.04,88.98,41.14,42.46,47.25,11.39,46.22,16.38,0.69,17.07,0.51,16.56,10.48,35.44,22.67,16.81,16.46,0.10,0.00,10.48,5.58
Prit Nandy Comm.,532387,PNC,INE392B01011,Entertainment,"Film Production, Distribution & Exhibition",20.37,,29.63,8.25,78.24,-0.13,7.39,0.02,18.84,-9.00,1.44,46.43,-49.50,605.63,59.71,0.00,0.00,0.00,0.00,0.00,40.29,-62.62,-65.05,-60.78,14.29,14.29,-237.93,-451.72,-224.19,-0.53,0.43,-0.95,-1.38,0.68,-1.67,33.60,-1.30,-0.99,-4.97,-0.66,21.19,0.58,0.14,0.72,0.08,0.64,0.62,2.74,2.93,14.47,0.61,0.03,0.00,0.62,0.00
Privi Speci.,530117,PRIVISCL,INE959A01019,Chemicals & Petrochemicals,Specialty Chemicals,3597.00,1080.06,14084.73,40.26,28.94,22.30,26.01,0.72,1.41,7.29,1021.26,1373.37,21.63,60.80,60.60,0.00,1.94,0.57,10.07,-0.60,27.39,-11.98,-12.05,-15.52,19.69,19.69,15.30,36.48,43.94,21.54,15.84,185.50,254.53,20.46,458.20,2101.19,345.74,477.49,21.81,47.83,558.81,132.06,8.99,141.05,36.21,104.84,57.55,23.63,10.30,39.06,81.18,23.66,0.00,61.93,23.63
Propshare Celestia,544752,,INE19RO25039,Realty,Real Estate Investment Trusts (REITs),1006800.00,,234.59,,59.17,,,,,,,,,,,,,,,,,,,,,,,,,10130.43,,,,,,,,,,,,,,,,,,,,,,,,,
PropsharePlatina,544295,,INE19RO25013,,,1085000.00,,364.66,15.35,18.49,,6.92,0.00,14.37,28.45,0.00,-9.55,,,,,,,,,,335.64,-7.40,-5.41,0.00,0.00,-4.11,1.37,5.52,12941.18,12264.71,,,,,,,,,,7.63,7.30,0.28,7.58,1.62,5.96,4.17,95.67,54.65,349.40,5.76,0.20,0.00,4.17,1.59
PropshareTitania,544462,,INE19RO25021,Realty,Real Estate Investment Trusts (REITs),1100000.00,,490.82,846.24,59.17,5.09,-2.51,0.00,6.64,19.81,0.00,-22.92,,-26950.00,,,,,,,,-150.21,12.07,7.80,4.88,4.88,-91300.00,-84700.00,-59900.00,13288.89,,-0.02,-0.02,0.00,-0.02,0.00,-0.02,-0.02,,,0.00,-0.01,0.00,-0.01,0.00,-0.01,-0.01,,,4.46,-0.01,0.00,0.00,-0.01,0.00
Prudent Corp.,543527,PRUDENT,INE00F201020,Capital Markets,Financial Products Distributor,3359.20,1936.56,13904.69,56.74,56.74,37.48,28.65,0.04,1.25,58.24,34.13,862.02,19.45,20.57,55.31,0.00,14.28,-0.61,23.95,0.37,6.45,26.48,26.66,-4.23,13.24,13.24,32.44,38.28,44.38,18.06,12.51,195.52,262.09,0.16,292.16,1133.32,264.36,292.22,25.78,47.25,293.76,67.26,10.27,77.53,7.25,70.28,51.78,22.90,17.63,20.70,69.59,0.69,0.00,51.78,17.81
PSP Projects,540544,PSPPROJECT,INE488V01015,Construction,Civil Construction,949.55,732.84,3765.73,51.28,18.04,7.88,4.55,0.26,1.33,3.45,330.28,1224.31,44.77,231.51,68.82,0.00,2.10,0.19,2.91,0.73,26.18,-13.04,-7.55,-8.38,26.64,26.64,121.02,141.23,4266.67,4.63,0.11,58.60,79.87,13.64,183.10,2512.13,127.58,200.23,7.29,14.23,517.76,24.79,4.00,28.79,16.89,11.90,0.42,4.79,0.08,39.64,0.73,11.17,0.00,0.42,0.30
PTC India Fin,533344,PFS,INE560K01014,Finance,Non Banking Financial Company (NBFC),28.41,39.03,1829.34,8.14,21.17,11.79,11.02,0.57,16.51,2.52,1768.11,2437.44,-22.78,-27.31,64.99,0.00,2.03,-0.09,5.06,0.01,27.92,-11.56,-12.11,-12.01,0.17,0.17,-55.69,-49.64,-70.55,0.63,2.13,217.03,278.52,0.07,606.08,637.93,599.56,606.12,95.01,3.38,141.91,213.15,0.33,213.48,1.83,211.65,136.63,150.20,96.28,642.28,146.31,65.34,0.00,136.63,9.68
Pun. & Sind Bank,533295,PSB,INE608A01012,Banks,Public Sector Bank,23.76,27.62,16859.11,12.18,7.28,5.95,9.62,11.21,3.96,1.23,164011.03,7537.68,4.64,25.45,93.85,0.00,0.14,-0.01,3.81,-0.09,2.21,-21.41,-1.67,2.25,0.00,0.00,23.02,20.31,23.16,0.47,0.38,1015.83,1337.56,1567.65,7612.63,11481.30,9035.20,9180.28,66.30,1.43,2910.66,1864.54,468.73,2333.27,0.00,2333.27,269.16,64.06,9.25,7095.59,323.02,2010.25,0.00,269.16,53.86
Punjab Chemicals,506618,PUNJABCHEM,INE277B01014,Fertilizers & Agrochemicals,Pesticides & Agrochemicals,1151.90,843.91,1411.86,21.09,22.13,18.55,16.59,0.36,1.52,6.23,154.22,411.21,8.15,37.76,39.24,0.00,5.86,2.85,0.64,0.02,54.28,101.00,61.56,48.29,19.24,19.24,18.77,-19.91,6.98,18.00,16.82,41.76,53.57,-2.77,99.21,900.52,75.29,100.33,11.02,31.75,319.51,34.36,3.71,38.07,6.50,31.57,20.63,10.75,6.46,12.26,27.61,3.96,0.00,20.63,6.98
Punjab Natl.Bank,532461,PNB,INE160A01022,Banks,Public Sector Bank,113.00,231.82,129881.78,5.88,7.28,6.13,12.99,11.79,6.53,1.31,1843390.38,154048.04,3.41,32.86,70.08,0.00,5.93,-0.46,16.06,0.01,7.91,4.15,1.13,0.19,0.00,0.00,8.35,8.15,169.24,5.06,1.84,18476.24,27165.52,17559.94,91266.93,124009.85,107865.29,108822.80,73.60,16.08,32572.33,23375.24,5426.51,28801.75,0.00,28801.75,2167.10,71.76,6.65,2298.59,6973.42,21828.33,0.00,2119.88,5141.20
Purple Finance,544191,,INE0CYK01015,Finance,Non Banking Financial Company (NBFC),73.81,,435.03,,21.17,1.46,-6.33,0.83,6.06,0.81,108.73,72.64,204.71,92.45,24.46,0.00,0.00,0.00,3.22,0.00,72.33,1800.00,-1.22,-0.66,0.94,0.94,-231.67,-232.55,-107.85,0.06,-0.89,-15.55,-20.52,0.00,-13.02,14.85,-14.79,-13.02,-87.68,-2.86,6.18,-3.41,0.00,-3.41,0.52,-3.93,-4.84,-55.18,-78.32,54.42,-6.47,2.54,0.00,-4.84,-1.63
PVR Inox,532689,PVRINOX,INE191H01014,Entertainment,"Film Production, Distribution & Exhibition",1141.40,1790.57,11221.45,35.38,78.24,6.96,3.28,0.92,0.47,1.58,6779.10,7280.50,13.68,321.24,27.53,0.00,18.08,0.22,35.72,-0.71,18.67,-69.69,21.44,17.00,3.91,3.91,30.95,11.92,-203.67,5.75,-5.50,-300.70,-374.30,173.10,1541.90,5779.90,414.00,1693.80,26.68,-28.47,1449.60,403.60,25.00,435.70,307.70,128.00,-54.50,27.84,-3.27,98.20,-70.30,191.20,-7.10,-46.97,-15.80
Quess Corp,539978,QUESS,INE615P01015,Commercial Services & Supplies,Diversified Commercial Services,345.05,166.43,5154.43,19.94,19.78,23.04,20.38,0.11,1.38,6.02,124.48,1017.13,5.35,22.25,56.82,-0.01,8.58,0.27,11.86,-0.54,21.73,27.63,22.37,-2.12,5.10,5.10,21.20,23.83,61.07,5.48,3.42,177.87,41.80,-140.82,263.31,14967.20,245.64,286.85,1.76,3.08,3651.42,69.75,2.87,74.47,10.49,63.98,50.99,1.91,1.45,148.95,52.24,9.89,-1.85,52.71,1.25
Quick Heal Tech,539678,QUICKHEAL,INE306L01010,IT - Software,Software Products,159.30,,862.06,,28.92,-4.65,-2.49,0.00,3.40,-148.71,0.11,382.28,-6.64,-137.78,71.48,-0.02,0.46,-0.27,0.00,-1.16,28.08,-73.52,-75.30,-40.08,55.31,55.31,80.58,201.34,-4.17,-0.97,-1.02,2.75,1.00,20.77,-6.59,279.53,-1.07,11.89,-2.36,0.93,57.23,-9.73,5.75,-3.98,2.96,-6.94,-5.51,-17.00,-9.63,54.02,-7.00,0.06,0.00,-5.51,-1.49
R J Shah & Co,509845,,INE712Z01019,Realty,"Residential, Commercial Projects",484.50,1032.36,13.57,5.61,28.45,7.81,5.73,0.03,1.79,25.92,1.23,42.91,-97.42,-58.42,53.27,0.38,0.00,0.00,1.79,0.00,44.94,-90.50,-89.96,-117.97,0.00,0.00,8.33,-702.78,5.56,6.78,6.43,5.75,7.71,1.79,6.13,10.46,7.85,7.92,58.60,205.28,0.00,-0.36,0.64,0.28,0.02,0.26,0.18,,,0.28,0.23,0.03,0.00,0.18,0.06
R R Kabel,543981,RRKABEL,INE777K01022,Industrial Products,Cables - Electricals,2631.90,1143.81,29767.09,48.68,28.45,28.10,21.33,0.13,1.62,10.49,337.03,2517.85,37.66,81.49,61.38,-0.27,10.68,1.58,11.87,-1.46,16.07,22.22,15.26,8.22,9.21,9.21,99.44,84.30,128.76,18.14,7.93,302.28,409.45,53.21,486.76,7618.23,457.00,527.50,6.39,27.56,2058.60,142.00,13.40,155.40,20.30,135.10,89.70,6.90,4.36,56.50,120.00,15.10,0.00,89.70,30.30
R S Software (I),517447,RSSOFTWARE,INE165B01029,IT - Software,Computers - Software & Consulting,30.68,,77.01,,23.39,-51.85,-66.85,0.51,2.37,-25.98,15.00,16.35,-49.82,-6211.11,40.88,0.00,0.77,-0.19,0.05,0.00,58.28,-29.03,-29.96,-51.29,36.34,36.34,72.91,254.98,107.20,-2.90,-1.40,8.85,9.63,0.46,13.73,57.32,9.86,14.32,23.95,3.38,7.77,-2.51,0.16,-2.35,1.25,-3.60,-3.61,-32.30,-46.46,12.92,-3.61,0.01,0.00,-3.61,0.00
Radhe Develop.,531273,,INE986B01044,Realty,"Residential, Commercial Projects",1.47,,80.69,,28.45,4.32,4.96,0.43,0.99,-1.68,30.10,15.30,-63.56,-129.28,49.69,0.00,0.00,0.00,0.04,0.00,50.27,-1190.91,-2100.00,-472.73,0.00,0.00,-117.30,-95.36,-130.93,-0.02,0.07,1.35,1.45,0.03,3.19,7.66,2.48,3.22,41.64,0.03,6.15,4.74,0.00,4.74,0.18,4.56,3.88,77.07,63.09,52.37,4.36,0.20,0.00,3.88,0.48
Radico Khaitan,532497,RADICO,INE944F01028,Beverages,Breweries & Distilleries,4459.10,900.10,59656.82,83.94,51.47,24.15,20.26,0.15,1.94,16.82,498.45,3288.95,19.30,75.94,40.19,-0.01,18.20,0.57,28.08,0.73,13.51,27.94,25.44,22.65,19.10,19.10,50.29,22.54,75.91,17.14,9.75,345.56,465.04,5.33,674.11,4842.64,539.26,679.40,13.92,25.83,1506.04,232.17,-5.17,233.99,36.26,197.73,130.52,15.42,9.01,26.76,174.81,15.93,-6.99,135.74,44.29
Radix Industries,531412,,INE576N01014,Personal Products,Personal Care,155.00,21.23,232.62,79.12,39.68,19.59,14.50,0.01,207.80,56.71,0.22,8.29,-7.04,8.09,74.96,0.00,0.00,0.00,0.00,0.00,25.04,-20.00,-24.62,3.70,1.72,1.72,-30.86,-33.33,-42.86,0.24,0.42,2.63,3.52,0.09,3.87,48.25,3.83,3.96,8.02,1.75,8.04,0.81,0.14,0.95,0.09,0.86,0.63,10.07,7.84,15.01,0.84,0.02,0.00,0.63,0.21
Raghav Product.,539837,RPEL,INE912T01018,Industrial Products,Electrodes & Refractories,1245.60,366.00,5718.16,91.21,37.59,30.30,24.27,0.02,4.28,118.00,5.41,198.60,33.90,55.29,62.89,-0.02,0.81,0.45,0.01,0.01,36.28,29.09,27.29,21.23,20.39,20.39,61.75,33.42,67.55,4.26,2.54,36.08,47.71,1.19,53.84,199.65,47.43,53.88,26.97,8.05,58.44,15.92,0.81,16.73,1.71,15.02,11.68,27.24,19.99,45.91,14.82,0.20,0.00,11.68,3.14
Railtel Corpn.,543265,RAILTEL,INE0DD101019,Telecom - Services,Other Telecom Services,292.25,281.27,9381.08,25.32,17.44,22.85,17.08,0.03,1.32,120.27,63.72,1940.67,20.85,16.17,72.84,0.00,3.98,0.26,0.99,0.00,22.19,-53.59,-49.78,-43.46,46.37,46.37,13.57,100.86,-0.48,2.05,2.06,314.89,401.78,51.73,534.76,3477.50,427.71,608.11,15.38,9.34,743.81,115.85,17.77,130.20,43.73,86.47,66.10,15.58,8.55,320.94,89.31,0.58,3.42,63.57,23.21
Rainbow Child.,543524,RAINBOW,INE961O01016,Healthcare Services,Hospital,1545.60,542.01,15737.35,54.94,48.63,17.35,15.90,0.54,1.39,5.61,890.98,1546.51,18.30,11.29,49.84,0.00,16.03,-1.21,22.56,1.44,11.39,-20.05,-3.37,-6.95,5.67,5.67,29.95,39.65,16.22,5.96,5.27,237.61,330.00,51.01,494.24,1515.87,398.88,537.32,32.60,23.97,352.93,103.62,20.02,123.64,34.19,89.45,53.81,29.36,15.25,101.55,71.37,18.08,0.00,53.50,17.57
Rajnish Retail,530525,,INE786J01033,Consumer Durables,"Gems, Jewellery And Watches",2.34,1.24,36.68,118.32,19.54,0.86,0.62,0.00,12.12,,0.00,57.09,3.64,-46.55,25.31,0.00,0.00,0.00,0.20,0.00,74.50,-82.19,-82.65,-170.59,19.74,19.74,-250.00,112.50,30.00,0.01,0.01,1.06,1.41,0.46,0.95,84.82,1.41,1.41,1.12,0.07,21.75,-0.08,0.22,0.14,0.00,0.14,0.10,-0.37,0.46,15.33,0.14,0.00,0.00,0.10,0.03
Rajoo Engineers,522257,RAJOOENG,INE535F01024,Industrial Manufacturing,Industrial Products,52.45,72.33,938.22,19.34,31.54,24.70,18.90,0.07,1.30,26.71,24.33,327.51,32.79,1.76,60.70,0.00,1.22,-0.44,0.53,-0.24,37.54,635.17,521.62,580.88,2.61,2.61,16.96,-82.82,15.51,0.87,0.92,37.86,46.91,5.38,46.59,253.64,47.49,51.62,18.37,2.32,85.07,18.57,2.30,20.87,1.05,19.82,15.02,21.83,17.66,16.40,19.67,0.15,0.00,15.02,4.65
Rajputana Indu.,,RAJINDLTD,INE0PCU01012,Industrial Products,"Aluminium, Copper & Zinc Products",71.95,152.72,159.84,12.16,16.95,19.73,17.39,0.83,1.21,2.75,63.12,54.21,22.42,49.49,66.08,0.00,0.14,-0.08,9.38,0.00,24.40,-3.40,20.92,22.25,3.88,3.88,37.97,12.86,32.26,1.66,1.26,8.27,11.11,0.72,18.20,552.41,16.11,18.92,3.29,3.72,167.11,6.69,0.08,6.77,0.77,6.00,2.79,4.00,1.67,22.22,3.75,2.25,0.00,2.79,0.96
Rajratan Global,517522,RAJRATAN,INE451D01029,Auto Components,Auto Components & Equipments,513.50,211.87,2605.51,32.72,30.39,13.23,11.51,0.50,1.21,4.56,323.90,640.29,27.74,39.51,65.20,0.00,0.83,0.26,8.35,0.05,25.62,48.80,57.59,45.84,20.79,20.79,34.81,-7.56,69.82,4.52,2.66,58.42,77.35,1.67,126.96,935.25,105.22,128.33,13.57,11.58,246.51,30.94,1.04,31.98,6.79,25.19,13.52,12.55,5.48,10.15,17.83,7.36,0.00,13.52,4.31
Rajshree Sugars,500354,RAJSREESUG,INE562B01019,Agricultural Food & other Products,Sugar,30.39,,98.51,,15.92,2.82,0.41,1.26,1.03,0.65,331.77,229.80,2.64,48.62,40.71,0.00,0.00,0.00,2.88,0.00,56.41,-173.74,-141.27,-126.99,4.18,4.18,169.75,-1099.42,64.99,-7.04,-4.27,8.07,11.07,11.75,38.75,641.82,27.01,50.47,6.04,2.44,140.93,-5.19,0.09,-5.10,5.85,-10.95,-14.14,-3.68,-10.03,33.14,-14.14,3.19,0.00,-14.14,0.00
Rallis India,500355,RALLIS,INE613A01020,Fertilizers & Agrochemicals,Pesticides & Agrochemicals,217.82,132.99,4234.75,18.54,22.13,14.14,10.22,0.03,1.48,40.13,61.10,2023.52,4.41,33.45,55.08,0.00,9.12,-2.43,11.72,0.40,23.66,-933.33,-984.21,-18600.00,20.79,20.79,23.33,-100.67,31.58,6.43,4.89,123.14,186.67,32.89,288.08,2662.94,198.98,319.47,10.82,6.43,957.00,150.00,12.00,162.00,29.00,133.00,95.00,15.67,9.93,19.00,129.00,4.00,0.00,95.00,34.00
Ram Ratna Wires,522281,RAMRAT,INE207E01023,Electrical Equipment,Other Electrical Equipment,429.95,266.06,4014.44,31.01,30.76,23.58,20.61,1.17,1.15,2.81,675.23,532.81,60.51,94.01,69.30,0.00,0.47,0.30,0.62,0.18,29.62,-10.37,-8.77,-3.99,10.59,10.59,105.62,114.16,120.72,3.77,1.75,68.49,97.16,17.80,156.20,3676.75,150.58,172.70,4.25,7.96,982.47,42.88,3.89,46.77,8.25,38.52,15.93,4.36,1.62,22.02,22.40,16.12,0.00,15.46,6.47
Rama Phosphates,524037,RAMAPHO,INE809A01032,Fertilizers & Agrochemicals,Fertilizers,130.91,315.17,463.53,8.63,15.20,15.39,13.21,0.33,1.84,7.40,138.85,404.79,18.87,91.79,75.00,0.00,0.16,-0.10,0.03,0.00,24.81,217.69,206.27,178.72,7.73,7.73,4.49,-62.51,6.43,4.82,4.53,13.66,25.56,1.66,45.57,743.69,39.01,47.21,6.13,3.87,190.31,26.70,0.23,26.93,1.95,24.98,16.03,14.03,8.42,17.67,21.46,3.52,0.00,16.03,5.43
Ramco Systems,532370,RAMCOSYS,INE246B01019,IT - Software,Software Products,563.95,103.00,2117.54,33.61,28.92,19.72,18.12,0.12,1.03,17.57,42.83,312.48,15.71,561.20,55.51,-0.18,11.48,1.46,1.77,-0.26,31.25,-97.78,-80.83,-43.55,15.74,15.74,-12.39,55.20,-48.15,0.16,0.25,-34.09,-26.47,5.23,77.03,591.34,-20.30,82.48,13.03,-9.19,161.32,29.06,3.52,32.58,22.25,10.33,1.08,18.01,0.67,37.35,9.25,1.08,0.00,0.94,8.18
Ramkrishna Forg.,532527,RKFORGE,INE399G01023,Auto Components,Auto Components & Equipments,681.15,199.55,12414.23,108.00,30.39,5.60,2.56,0.74,1.15,1.65,2448.77,3254.11,8.55,-60.43,43.39,0.06,20.43,-1.32,5.09,0.64,30.90,-16.20,4.64,7.32,17.91,17.91,53.48,43.01,297.63,2.57,0.65,408.32,231.16,109.33,560.59,4034.11,308.03,579.31,13.90,22.93,1015.26,141.95,3.63,145.58,79.67,65.91,11.79,13.98,1.16,36.21,17.32,48.59,0.00,11.79,5.53
Ratnaveer Precis,543978,RATNAVEER,INE05CZ01011,Industrial Products,Iron & Steel Products,205.79,222.68,1468.52,21.73,21.73,12.29,12.37,0.50,1.71,4.36,334.97,601.05,17.48,37.24,45.49,2.75,3.53,-3.75,2.00,-0.54,48.98,7.11,-0.69,13.59,15.61,15.61,19.05,4.81,22.01,2.55,2.82,46.81,60.66,4.03,86.40,891.88,73.33,90.42,9.69,8.83,264.62,27.03,0.28,27.31,5.95,21.36,14.95,10.21,5.65,53.24,17.95,3.41,0.00,14.95,3.01
RattanIndia Pow.,533122,RTNPOWER,INE399K01017,Power,Power Generation,8.80,3.79,4725.69,42.42,22.12,6.21,1.14,0.80,2.24,1.28,3710.71,-732.40,-6.49,-3.81,44.06,0.00,5.25,0.12,6.58,-0.04,44.10,7.03,-1.32,-3.59,92.91,92.91,29.27,34.10,-449.73,0.09,-0.02,221.91,221.92,356.77,584.66,3283.83,700.69,941.42,17.80,0.41,821.96,96.67,98.93,195.60,60.53,135.07,-13.11,11.76,-1.59,5370.11,-13.11,148.18,0.00,-13.11,0.00
Ravi Leela Gran,526095,,INE427E01027,Other Construction Materials,Other Construction Materials,65.90,39.09,69.76,7.74,19.53,20.89,58.34,2.66,1.12,5.29,58.04,11.26,39.51,598.45,74.89,0.00,0.00,0.00,0.00,0.00,25.12,-38.56,-12.50,24.65,53.27,53.27,-5.66,-24.32,-27.58,2.26,3.12,-3.21,-3.75,1.22,0.26,41.21,-0.46,1.48,0.63,-3.03,13.04,4.77,0.57,5.34,0.49,4.85,3.30,36.58,25.31,10.59,4.06,0.79,0.00,3.30,0.76
Raymond Lifestyl,544240,RAYMONDLSL,INE02ID01020,Textiles & Apparels,Other Textile Products,727.30,300.23,4436.59,29.74,24.39,3.52,1.14,0.23,1.21,1.78,2185.53,9623.64,9.18,62.84,59.61,0.09,7.32,-1.37,5.72,0.60,27.30,-56.61,-53.56,-24.23,13.56,13.56,16.62,53.92,13.98,-3.71,-3.25,67.15,60.01,119.01,483.54,6176.74,337.46,658.81,7.83,6.27,1430.43,77.00,44.52,121.52,88.84,32.68,-19.82,5.38,-1.39,12.18,-24.77,57.45,0.00,-19.82,-4.95
RBL Bank,540065,RBLBANK,INE976G01028,Banks,Private Sector Bank,379.95,249.15,58884.50,67.23,14.36,5.77,5.13,9.48,4.09,1.13,155812.07,15811.52,5.37,67.08,60.00,60.00,8.77,-11.46,16.92,-26.05,14.16,10.44,7.86,23.26,0.00,0.00,34.59,9.19,26.64,1.64,3.29,694.85,668.13,3806.18,4656.68,14039.07,8243.61,8462.29,33.17,11.44,3441.09,1151.58,1069.48,2221.06,0.00,2221.06,200.33,33.47,5.82,609.01,260.63,1960.43,0.00,200.33,60.30
Real Touch Fin,538611,,INE840I01014,Finance,Other Financial Services,50.50,122.18,64.10,12.79,26.72,11.13,10.45,4.44,1.20,1.34,231.94,39.58,22.75,2.04,54.12,0.00,0.00,0.00,0.03,0.00,45.85,19.59,-13.90,-3.45,0.00,0.00,24.23,28.67,-13.43,0.91,1.06,4.61,5.67,0.01,20.24,28.86,19.96,20.25,70.13,3.63,8.18,5.86,0.06,5.92,0.05,5.87,1.34,71.64,16.38,12.69,1.80,4.07,0.00,1.34,0.45
REC Ltd,532955,RECLTD,INE020B01018,Finance,Financial Institution,368.10,606.29,96838.10,6.03,17.42,9.71,20.12,6.10,1.16,1.57,515283.59,81862.78,2.03,-4.97,52.63,0.00,15.76,-0.03,16.98,0.62,14.57,24.23,5.02,4.92,0.50,0.50,-3.67,-8.18,-6.11,15.92,16.96,15890.23,20117.47,57.89,54215.57,56368.53,54256.36,54281.06,96.18,60.32,14737.45,14520.76,86.53,14607.29,6.70,14600.59,4465.71,98.53,30.30,2633.22,5666.41,8934.18,0.00,4465.71,1200.70
Redington,532805,REDINGTON,INE891D01026,Commercial Services & Supplies,Trading & Distributors,347.85,381.62,27194.02,15.11,22.35,18.39,16.86,0.28,1.41,7.05,2841.62,10004.38,23.20,41.53,0.00,0.00,61.96,0.47,16.37,-0.75,21.61,57.69,13.02,15.20,16.83,16.83,76.83,53.51,94.65,6.22,3.52,921.30,2334.81,853.84,2154.48,99333.65,2156.86,2374.44,2.17,20.53,25951.99,400.24,49.53,449.77,53.82,395.95,232.98,1.54,0.90,156.35,304.33,91.62,0.00,275.27,71.35
Refex Industries,532884,REFEX,INE056I01025,Other Utilities,Waste Management,306.80,217.71,4212.67,14.77,25.42,22.71,17.81,0.15,2.04,11.16,225.04,1476.71,37.90,56.27,56.57,0.72,0.93,-0.44,0.38,0.25,42.13,-31.65,-28.24,-32.95,31.19,31.19,189.99,332.51,216.94,4.65,1.64,158.67,207.12,28.60,206.15,2259.43,246.07,255.97,9.12,12.29,351.86,36.88,1.54,47.27,4.68,42.59,20.37,10.48,8.30,25.86,27.57,6.17,-8.85,30.02,7.19
Regal Entertain.,531033,,INE101E01010,Finance,Non Banking Financial Company (NBFC),15.22,2.10,13.56,71.34,21.17,0.74,2.19,0.07,5.77,14.00,0.17,-0.76,9.78,-42.42,27.00,-8.08,0.00,0.00,0.00,0.00,72.99,-127.27,-127.27,-135.29,0.00,0.00,-85.71,-140.48,-66.67,-0.07,-0.20,0.52,0.69,0.10,0.60,0.86,0.70,0.70,69.77,0.58,0.08,-0.42,0.25,-0.17,0.00,-0.17,-0.18,-525.00,-225.00,3.07,-0.18,0.01,0.00,-0.18,0.00
Regency Fincorp,540175,,INE964R01013,Finance,Other Financial Services,42.53,50.80,377.86,21.87,26.72,10.51,9.51,0.97,0.39,2.78,155.75,80.32,76.85,127.97,21.43,-2.31,0.00,0.00,1.07,-0.12,77.51,99.15,89.27,119.84,0.00,0.00,151.12,14.23,122.47,0.79,0.45,5.32,6.69,-0.16,15.59,21.38,15.15,15.88,72.92,0.78,7.76,5.34,1.58,6.92,0.24,6.68,3.16,68.81,40.72,69.46,4.40,2.28,0.00,3.16,1.24
Rel. Indl. Infra,523445,RIIL,INE046A01015,Transport Services,Logistics Solution Provider,746.85,142.02,1129.04,93.08,25.21,3.01,2.65,0.00,4.61,,0.00,458.81,-16.04,-0.25,45.43,0.00,0.65,-0.20,0.00,0.00,53.91,-11.80,-30.79,157.60,7.02,7.02,61.81,-37.19,-8.39,1.88,2.05,11.97,11.48,24.84,-11.90,49.49,11.48,12.94,-24.05,7.93,12.46,-1.99,6.36,4.37,0.36,4.01,3.10,-15.97,24.88,15.10,4.01,0.00,0.00,3.10,0.91
Reliance Industries,500325,RELIANCE,INE002A01018,Petroleum Products,Refineries & Marketing,1319.00,793.57,1785624.05,23.90,10.14,10.26,8.91,0.45,0.92,5.11,402962.00,890498.00,15.00,-0.42,50.48,0.48,17.19,-1.48,21.10,0.64,11.05,12.66,15.36,7.65,5.21,5.21,10.75,2.88,-24.65,15.48,19.95,68160.21,106017.00,17824.00,165598.00,962820.00,128883.00,182019.00,17.20,51.47,243632.00,42905.00,15119.00,49100.00,13842.00,35258.00,30783.00,17.61,9.61,13532.00,37146.00,7036.00,8924.00,20530.42,6465.00
Remi Edelstahl,513043,,INE158G01015,Industrial Products,Iron & Steel Products,206.25,61.48,260.18,87.31,21.73,6.29,4.75,0.76,1.73,2.75,52.61,56.86,5.63,9.56,68.84,0.00,0.00,0.00,0.08,0.00,31.08,-59.46,-52.51,-37.79,15.65,15.65,158.33,315.28,114.29,0.36,0.19,2.64,3.53,0.51,8.18,138.56,5.14,8.65,5.90,2.43,26.62,0.72,0.73,1.45,0.83,0.62,0.21,2.70,0.79,10.98,0.28,0.34,0.00,0.21,0.07
Restaurant Brand,543248,RBA,INE07T201019,Leisure Services,Restaurants,70.76,,5040.66,,57.39,-0.47,-22.72,2.73,0.32,0.01,1967.00,138.23,13.29,17.88,9.22,-2.04,9.25,-1.34,39.62,-5.98,41.92,-30.40,589.54,5.46,1.57,1.57,37.68,30.55,-27.34,-0.40,-0.72,-216.24,-232.79,31.17,268.41,2550.72,-71.94,299.54,10.52,-3.71,697.72,72.77,21.98,94.75,93.38,1.37,-45.43,10.43,-6.51,582.08,-45.43,46.80,0.00,-41.94,0.00
Restile Ceramics,515085,,INE298E01022,Consumer Durables,Ceramics,6.62,,65.06,,36.13,-1.04,,,0.02,,36.87,-130.00,289.29,86.75,71.96,0.00,0.00,0.00,0.02,0.00,28.02,-36.00,-34.62,-56.25,0.00,0.00,600.00,1500.00,45.45,-0.02,-0.01,-0.96,-0.96,0.00,-0.58,1.43,-0.96,-0.58,-40.56,-0.10,0.75,-0.01,0.00,-0.01,0.10,-0.11,-0.11,-1.33,-14.67,98.28,-0.11,0.00,0.00,-0.11,0.00
Rich Universe,530271,,INE652D01014,Finance,Non Banking Financial Company (NBFC),8.93,9.55,6.47,8.20,21.17,5.59,6.81,0.22,1.03,,1.66,0.34,,346.88,12.38,0.00,0.00,0.00,0.07,0.00,87.55,-77.94,-77.94,-314.29,3909.52,3909.52,-350.00,16.67,-350.00,0.21,-0.08,-0.29,-0.29,0.03,-0.32,0.00,-0.29,-0.29,,-0.40,0.00,-0.06,0.00,-0.06,0.00,-0.06,-0.06,,,7.25,-0.06,0.00,0.00,-0.06,0.00
Rishi Techtex,523021,,INE989D01010,Industrial Products,Packaging,38.18,62.20,28.22,10.30,21.77,10.46,7.06,0.86,1.36,2.65,31.64,29.24,27.68,6.61,41.98,0.00,0.00,0.00,0.00,0.00,58.02,91.49,15.34,10.14,16.70,16.70,51.44,37.50,38.46,1.22,0.88,2.30,3.37,0.31,8.57,125.62,6.00,8.88,6.82,3.11,30.28,2.08,0.12,2.20,0.73,1.47,0.65,6.87,2.15,7.39,0.93,0.54,0.00,0.65,0.27
Ritesh Intl.,519097,,INE534D01014,Chemicals & Petrochemicals,Commodity Chemicals,79.80,120.59,74.80,13.95,21.02,17.88,15.33,0.30,1.71,9.36,8.92,20.59,32.60,44.47,48.03,4.98,0.00,0.00,0.06,-0.01,51.91,65.71,33.16,35.24,3.28,3.28,192.78,116.49,357.89,1.86,0.44,3.41,4.23,0.00,5.66,128.98,5.11,5.80,4.39,3.86,35.05,0.97,-0.08,0.97,0.20,0.77,0.38,2.77,1.26,8.55,0.47,0.22,-0.08,0.44,0.10
RNIT AI Solution,517286,,INE335Q01026,Auto Components,Auto Components & Equipments,67.62,108.65,573.37,45.98,30.39,20.15,16.63,0.13,3.56,17.28,18.04,54.25,56.68,71.29,63.24,-4.18,0.00,0.00,1.71,1.71,35.05,-70.80,-68.90,-60.88,38.85,38.85,23.66,216.07,54.88,0.15,0.11,7.21,7.30,0.06,10.22,32.23,7.52,10.28,31.71,0.96,6.25,2.24,0.00,2.24,1.00,1.24,0.82,35.84,13.12,71.79,1.09,0.15,0.00,0.82,0.26
Rolcon Engg. Co.,505807,,INE775R01013,Industrial Products,Other Industrial Products,541.05,882.28,41.12,13.39,24.43,13.29,11.91,0.04,1.96,48.00,1.09,27.92,-4.96,-20.88,43.37,0.00,0.00,0.00,9.74,0.00,46.90,-11.90,161.70,134.92,17.70,17.70,12.98,-51.91,-17.78,9.79,11.90,3.99,4.26,0.81,5.06,58.20,4.41,5.85,8.69,53.04,12.45,1.31,0.18,1.49,0.39,1.10,0.90,10.52,7.23,0.76,1.08,0.02,0.00,0.90,0.18
Roselabs Finance,531324,,INE475C01012,Finance,Other Financial Services,23.00,,23.00,,26.72,-166.67,,,3.00,,5.07,-15.03,70.42,-3.33,74.25,0.00,0.00,0.00,0.00,0.00,25.74,-68.75,0.00,0.00,0.00,0.00,0.00,0.00,0.00,-0.05,-0.05,-0.29,-0.29,0.02,-0.31,0.71,-0.29,-0.29,-43.66,-0.29,0.00,-0.05,0.00,-0.05,0.00,-0.05,-0.05,,,10.00,-0.05,0.00,0.00,-0.05,0.00
Rossari Biotech,543213,ROSSARI,INE02A801020,Chemicals & Petrochemicals,Specialty Chemicals,508.25,549.09,2809.56,18.64,28.94,13.33,10.77,0.33,1.52,7.04,435.94,1322.27,19.47,11.59,68.14,-0.01,2.03,-0.15,14.64,-3.57,15.19,-23.65,-19.99,4.38,21.86,21.86,18.82,13.84,4.46,6.34,6.07,136.43,185.19,4.99,265.08,2080.29,203.07,270.14,12.74,24.63,543.72,67.86,1.72,69.58,17.75,51.83,33.60,12.48,6.18,11.07,46.10,5.73,0.00,33.60,12.51
Rossell Techsys,544294,ROSSTECH,INE0OJW01016,Aerospace & Defense,Aerospace & Defense,1067.10,166.01,4024.49,151.98,67.91,11.50,15.72,2.64,1.08,2.22,409.41,147.32,82.91,73.64,74.80,0.00,1.68,0.08,0.78,-2.73,22.74,-5.05,13.28,37.59,21.09,21.09,102.00,46.81,116.36,1.89,0.88,7.91,11.23,2.69,35.10,259.67,27.31,37.79,13.52,2.10,87.22,10.98,1.27,12.25,3.15,9.10,3.30,12.59,3.78,7.54,4.33,4.77,0.00,3.30,1.04
Route Mobile,543228,ROUTE,INE450U01017,Telecom - Services,Other Telecom Services,537.05,919.98,3384.84,9.56,17.44,17.24,12.46,0.02,3.85,80.34,41.98,2706.59,-0.31,15.71,74.85,0.00,2.40,-0.09,3.46,-0.55,19.29,-40.09,-33.91,-22.57,20.17,20.17,12.33,45.08,16.62,9.94,8.45,331.75,426.11,28.34,529.13,4575.62,486.28,575.36,11.56,50.61,1050.83,93.90,10.97,104.87,22.48,82.39,58.78,8.94,5.59,63.00,76.57,5.82,0.00,53.21,17.79
RPG LifeScience.,532983,RPGLIFE,INE105J01010,Pharmaceuticals & Biotechnology,Pharmaceuticals,2756.80,1430.08,4561.21,39.09,33.57,25.71,19.31,0.03,2.75,113.29,20.00,592.14,11.78,12.64,72.95,0.00,0.95,0.08,8.68,1.23,17.42,2.24,5.95,32.58,15.89,15.89,22.86,-7.33,16.28,18.48,15.90,115.58,232.88,95.28,160.62,653.43,148.46,169.89,24.58,110.79,168.92,35.47,5.23,40.70,5.14,35.56,26.29,21.00,15.56,13.23,35.43,0.13,0.00,26.29,9.14
RPP Infra Proj.,533284,RPPINFRA,INE324L01013,Construction,Civil Construction,59.93,82.66,297.91,143.92,18.04,4.94,1.74,0.20,1.56,1.15,105.46,485.35,3.37,-96.57,39.18,0.00,0.02,-0.10,0.00,-0.01,60.79,-121.10,-141.86,-121.85,9.76,9.76,-67.77,-247.51,-74.45,0.56,2.19,66.30,85.80,13.46,99.21,1439.44,104.52,114.10,6.89,13.17,346.96,19.11,2.12,21.23,1.84,19.39,10.84,5.51,3.12,49.59,14.81,4.58,0.00,10.84,3.97
S A I L,500113,SAIL,INE114A01011,Ferrous Metals,Iron & Steel,165.00,125.73,68165.77,14.11,17.28,7.79,6.43,0.53,0.82,4.18,31927.71,56225.35,6.45,58.66,65.00,0.00,7.09,2.08,16.87,-1.53,11.05,-10.43,-16.05,-5.81,5.85,5.85,49.99,59.24,120.80,3.98,1.80,2631.87,3251.53,1005.66,10689.72,102479.06,6401.21,12051.89,10.43,5.74,25921.76,2768.66,235.24,3003.90,1441.49,1562.41,744.58,10.68,2.87,4130.53,967.81,594.60,0.00,744.58,223.23
S H Kelkar & Co.,539450,SHK,INE500L01026,Chemicals & Petrochemicals,Specialty Chemicals,166.54,112.78,2305.12,48.81,28.94,5.85,3.71,0.76,1.27,2.42,1028.92,1223.47,9.68,-63.89,54.87,0.00,5.92,-1.50,6.01,0.83,33.21,2423.89,76.92,44.80,25.92,25.92,20.27,-16.94,77.81,3.28,1.85,95.65,113.74,-38.02,295.88,2123.40,205.10,299.80,13.93,5.29,580.50,73.07,2.98,74.00,26.37,47.63,25.55,12.59,4.23,138.42,36.61,13.07,2.05,24.58,11.06
S I Cap. & Fin.,530907,,INE417F01017,Commercial Services & Supplies,Diversified Commercial Services,16.34,8.97,20.63,76.42,19.78,8.68,5.97,1.40,1.98,1.33,8.15,0.77,37.63,-59.70,39.47,0.00,0.00,0.00,0.18,0.00,60.35,7.69,8.57,5.56,0.00,0.00,-5.00,-10.00,-30.00,0.11,0.17,0.17,0.18,0.06,0.92,2.56,0.92,0.98,35.94,0.14,0.85,0.40,0.00,0.40,0.01,0.39,0.20,47.06,23.53,4.85,0.20,0.19,0.00,0.20,0.00
S I Paper Mills,516108,,INE088G01014,"Paper, Forest & Jute Products",Paper & Paper Products,104.90,159.01,196.69,13.35,16.85,9.06,4.96,0.70,1.14,2.00,155.90,203.53,15.05,319.85,26.91,-0.90,0.00,0.00,0.07,0.00,72.72,8.97,0.27,1.13,17.18,17.18,46.49,44.86,408.16,2.66,0.52,-11.21,-12.78,1.97,21.79,367.33,5.62,22.19,5.93,-5.14,106.89,10.41,0.15,10.56,4.15,6.41,0.98,9.74,0.92,18.75,1.31,5.10,0.00,0.98,0.33
S V Global Mill,535621,,INE159L01013,Realty,"Residential, Commercial Projects",125.85,,227.57,,28.45,-34.11,-48.21,0.00,16.21,,0.00,47.12,-58.15,-1601.82,68.89,0.00,0.00,0.00,2.07,0.00,27.00,-130.80,-139.44,-94.33,1.12,1.12,-1045.45,-16781.82,461.63,2.67,0.48,0.38,0.85,0.61,0.60,6.65,0.98,1.32,9.02,0.19,1.49,0.11,0.80,0.91,0.07,0.84,0.86,7.38,57.72,9.04,0.84,0.00,0.00,0.86,0.00
Saboo Sodium,530461,,INE440C01016,Food Products,Other Food Products,12.60,6.85,52.88,32.44,21.52,3.69,0.49,0.67,13.92,1.67,31.59,5.10,12.85,269.79,47.52,0.00,0.00,0.00,0.08,0.00,52.40,-155.84,-193.20,-187.54,12.90,12.90,58.24,-280.77,125.29,0.47,0.21,0.28,0.17,0.17,4.25,28.19,2.56,4.38,15.08,0.07,16.63,1.82,0.00,1.82,0.42,1.40,0.87,10.94,5.23,42.00,0.86,0.54,0.00,0.87,0.00
Sacheta Metals,531869,,INE433G01020,Non - Ferrous Metals,Aluminium,3.89,2.91,48.63,24.32,18.73,5.46,3.89,0.36,2.44,3.21,19.10,28.12,-12.16,-7.41,55.98,0.16,0.00,0.00,0.00,0.00,44.01,2.78,22.03,181.58,9.97,9.97,-17.69,-70.77,-7.50,0.03,0.03,2.10,2.82,1.69,4.34,91.91,4.17,6.03,4.72,0.17,21.04,1.30,0.00,1.30,0.42,0.88,0.40,6.18,1.90,25.00,0.53,0.35,0.00,0.40,0.13
Saffron Industri,531436,,INE474D01013,"Paper, Forest & Jute Products",Paper & Paper Products,25.74,,18.50,10.82,16.85,,,,0.63,,1.96,-15.26,-48.83,-44.30,60.50,0.00,0.00,0.00,0.11,0.00,39.41,-76.47,-76.47,-77.55,34.02,34.02,-94.05,-73.51,-233.33,0.17,-0.13,2.81,2.81,0.03,4.79,6.32,2.82,4.82,75.79,3.91,3.10,1.85,0.01,1.86,1.95,-0.09,-0.09,59.68,-2.90,7.19,-0.09,0.00,0.00,-0.09,0.00
Sagar Cements,502090,SAGCEM,INE229C01021,Cement & Cement Products,Cement & Cement Products,172.67,,2249.94,,31.16,1.97,-1.05,1.01,0.63,0.09,1708.35,1666.78,13.42,76.99,48.33,0.00,1.61,-0.06,18.39,-0.09,31.68,-128.09,-40.91,-11.18,8.41,8.41,-40.37,-32.86,-475.17,-1.77,0.09,-188.46,-283.53,-5.79,141.14,2257.64,-73.37,157.38,6.25,-16.05,670.66,121.45,4.19,125.64,54.65,70.99,7.49,18.11,1.12,26.14,23.90,47.09,0.00,1.22,16.41
SagarSoft (India,540143,,INE184B01012,IT - Software,Computers - Software & Consulting,81.38,,52.02,,23.39,-15.68,-10.36,0.13,2.77,-9.36,8.80,63.60,23.64,-286.31,51.37,0.00,0.00,0.00,6.46,0.00,42.17,-131.97,-135.86,-138.42,23.59,23.59,-197.33,153.33,-167.21,3.07,-3.75,6.12,8.18,2.06,9.32,142.36,8.95,11.38,6.55,9.59,40.57,-3.75,0.49,-3.26,0.78,-4.04,-4.30,-9.24,-10.60,6.39,-4.20,0.16,0.00,-2.40,0.10
Sagility,544282,SAGILITY,INE0W2G01015,IT - Services,IT Enabled Services,43.88,39.19,20527.48,19.97,24.65,13.41,10.58,0.11,1.37,15.57,1110.54,4979.82,29.43,54.46,50.95,0.00,9.99,-0.03,21.42,-0.86,17.65,-15.88,-15.79,-9.59,24.14,24.14,26.60,40.03,45.94,0.46,0.32,545.08,760.23,47.20,1306.99,5569.92,896.44,1363.30,23.47,1.15,1538.94,346.10,9.89,355.99,118.19,237.80,148.56,22.49,9.65,4679.27,210.39,27.41,0.00,148.56,61.83
Sai Silks,543989,KALAMANDIR,INE438K01021,Retailing,Speciality Retail,90.03,175.15,1379.67,10.11,49.88,14.41,11.79,0.29,5.18,6.96,361.22,1231.00,4.83,20.43,60.97,0.00,0.62,0.06,6.28,-2.27,28.23,-21.47,-17.90,-15.29,0.14,0.14,-9.21,7.18,-14.68,1.67,1.96,85.30,142.72,24.07,218.19,1462.01,189.49,242.19,14.92,5.57,379.02,57.12,5.69,62.81,14.20,48.61,30.05,15.07,7.93,29.47,40.23,8.38,0.00,30.05,10.18
Saint-Gob. Sekur,515043,,INE068B01017,Auto Components,Auto Components & Equipments,121.75,90.47,1109.27,24.97,30.39,23.96,17.85,0.01,1.63,120.92,1.28,152.10,16.68,13.72,75.00,0.00,0.00,0.00,0.00,0.00,24.98,-28.76,-24.14,-30.07,13.98,13.98,-14.62,22.10,-12.79,1.03,1.18,29.99,47.34,12.14,39.01,208.41,41.64,45.16,18.72,3.95,54.85,11.63,3.44,15.07,0.82,14.25,10.71,21.20,19.53,91.11,14.18,0.07,0.00,10.71,3.47
Sakar Healthcare,,SAKAR,INE732S01012,Pharmaceuticals & Biotechnology,Pharmaceuticals,922.50,263.37,2052.55,56.87,33.57,12.67,9.99,0.17,1.28,7.63,55.30,302.29,43.76,82.27,52.52,-0.34,12.13,-0.81,11.37,0.05,23.98,-6.72,-20.62,-19.02,18.41,18.41,67.19,106.45,120.13,4.62,2.10,17.75,21.53,0.92,50.03,177.56,30.46,51.34,28.18,7.97,52.74,12.71,0.39,13.10,5.57,7.53,4.67,24.10,8.85,22.25,5.39,2.14,0.00,4.67,0.71
Sampann Utpadan,534598,SAMPANN,INE735M01018,Industrial Products,Rubber,27.14,24.99,132.72,18.96,23.36,8.18,21.29,2.02,1.99,6.45,96.35,-1.09,37.87,713.95,40.65,0.00,15.33,-4.63,0.00,0.00,44.02,70.83,62.32,34.60,10.69,10.69,14.46,-14.96,12.02,0.42,0.45,-2.73,5.38,13.30,-1.09,92.62,-1.61,4.10,-1.18,0.98,32.68,4.01,0.18,4.19,1.45,2.74,1.83,12.27,5.60,40.61,2.44,0.30,0.00,1.83,0.61
Sanathan Textile,544314,SANATHAN,INE0JPD01013,Textiles & Apparels,Other Textile Products,484.80,138.11,4105.31,67.59,24.39,6.89,3.78,0.81,1.07,1.75,1512.08,1787.67,48.53,-59.72,78.58,0.00,1.47,-0.11,12.73,0.42,7.23,10.43,12.83,14.46,4.93,4.93,55.38,35.75,-41.08,2.82,4.79,153.79,216.45,17.49,269.80,2998.61,236.14,282.00,9.00,19.01,745.34,69.56,2.11,71.67,11.71,59.96,40.43,9.33,5.42,84.40,55.34,4.62,0.00,40.43,14.91
Sanathnagar Ent.,509423,,INE367E01033,Realty,"Residential, Commercial Projects",38.49,,12.12,151.55,28.45,6.33,,,2.29,,13.66,-15.52,,102.36,74.98,0.00,0.00,0.00,0.15,0.00,23.85,-128.57,-128.57,-25.00,,,50.00,100.00,50.00,-0.19,-0.13,-3.40,0.04,0.47,-0.42,0.00,0.04,0.05,,-10.79,0.00,-0.04,0.00,-0.04,0.00,-0.04,-0.04,,,3.15,-0.04,0.00,0.00,-0.04,0.00
Sangam India,514234,SANGAMIND,INE495C01010,Textiles & Apparels,Other Textile Products,609.50,402.19,3065.04,24.39,24.39,10.67,8.70,1.14,1.02,2.56,1222.32,1025.90,10.82,442.53,70.52,0.00,2.50,0.10,0.09,0.00,25.04,17.29,13.60,0.54,20.07,20.07,77.33,76.37,821.55,8.74,0.95,30.20,38.80,12.62,225.08,2843.01,134.63,241.43,7.92,6.10,785.76,56.28,12.07,70.01,33.91,36.10,4.27,7.16,0.72,50.25,5.14,29.30,-1.66,5.65,0.87
Sanghvi Movers,530073,SANGHVIMOV,INE989A01032,Commercial Services & Supplies,Diversified Commercial Services,437.50,620.14,3783.08,18.46,19.78,16.68,15.49,0.51,1.77,7.68,673.55,1301.70,30.05,23.26,47.25,0.00,1.81,0.33,1.40,0.10,49.53,-5.15,-6.16,-6.49,22.99,22.99,26.04,34.79,29.82,7.54,5.81,131.74,216.72,40.75,330.36,782.12,208.29,336.80,42.24,18.08,273.36,99.55,7.40,106.95,31.38,75.57,50.26,36.42,18.39,8.66,68.25,7.32,0.00,50.26,17.99
Sanofi Consumer,544250,SANOFICONR,INE0UOS01011,Pharmaceuticals & Biotechnology,Pharmaceuticals,4539.50,2600.49,10477.02,39.39,33.57,89.93,71.60,0.06,2.03,179.60,20.80,324.90,31.17,34.44,71.27,0.00,2.60,-0.16,17.85,0.28,8.28,1.47,1.21,0.56,5.24,5.24,27.21,26.50,13.34,29.87,26.36,201.39,246.80,-15.40,270.60,724.50,279.10,283.60,37.35,78.59,220.90,70.20,12.20,75.80,3.00,72.80,60.70,31.78,25.19,23.00,78.90,0.50,6.60,55.64,18.20
Sapphire Foods,543397,SAPPHIRE,INE806T01020,Leisure Services,Restaurants,187.48,,5999.68,2437.58,57.39,3.98,-1.03,1.02,0.62,1.04,1417.13,1326.33,10.17,-85.80,26.06,0.00,25.25,-3.73,41.92,4.43,6.75,-211.01,69.25,12.32,1.08,1.08,23.86,10.28,-905.75,0.44,-0.06,27.83,23.13,21.93,476.75,2881.86,149.53,513.45,16.54,0.60,776.83,112.86,6.78,119.64,91.95,27.69,-1.74,14.53,-0.22,64.28,-1.84,29.53,0.00,-1.80,-0.11
Saptak Chem &,506906,,INE467X01023,Commercial Services & Supplies,Trading & Distributors,34.63,,10.64,,22.35,-48.00,,,0.43,,2.65,-2.58,,-114.29,4.39,-8.19,0.00,0.00,0.00,0.00,95.62,-58.33,-58.33,-58.33,,,-16.67,100.00,-16.67,-0.47,-0.06,-0.09,-0.09,0.00,-0.09,0.00,-0.09,-0.09,,-0.08,0.00,-0.06,0.00,-0.06,0.00,-0.06,-0.06,,,10.73,-0.06,0.00,0.00,-0.06,0.00
Sar Auto Prod.,538992,,INE002E01010,Auto Components,Auto Components & Equipments,4156.50,30.70,1980.46,2152.68,30.39,2.14,3.80,1.44,1.07,10.00,25.89,13.22,39.87,283.33,74.49,0.00,0.00,0.00,0.00,-4.63,25.52,85.00,29.03,-4.29,13.05,13.05,76.32,84.21,208.33,0.78,0.25,0.42,0.73,1.08,1.86,13.97,0.86,2.94,13.31,0.88,2.27,0.38,0.25,0.63,0.49,0.14,0.12,16.74,5.29,4.76,0.12,0.02,0.00,0.12,0.00
Sarda Energy,504614,SARDAEN,INE385C01021,Ferrous Metals,Iron & Steel,516.20,695.70,18205.78,16.22,17.28,17.39,16.09,0.36,4.50,7.24,2631.92,7334.76,5.90,19.96,73.16,0.00,3.51,0.01,3.47,0.15,19.84,208.17,154.96,88.00,4.87,4.87,5.87,-43.69,9.50,13.00,12.33,683.64,917.76,172.05,1237.34,4642.85,1116.09,1387.52,26.65,19.86,1633.11,617.19,79.57,696.76,81.08,615.68,436.66,37.79,26.74,35.24,553.19,62.49,0.00,434.36,130.12
Sarda Proteins,519242,,INE995U01011,Agricultural Food & other Products,Edible Oil,97.78,11.00,87.77,31.57,19.67,23.06,23.75,0.05,1.03,,0.16,0.51,-48.24,812.82,80.66,80.66,0.00,0.00,0.00,0.00,19.34,97.62,163.10,-645.00,23.47,23.47,567.35,-222.45,-438.78,1.85,-2.84,0.01,0.02,0.00,0.02,24.19,0.02,0.02,0.08,0.06,10.95,-0.49,0.00,-0.49,0.00,-0.49,-0.49,-4.47,-4.47,0.17,-0.49,0.00,0.00,-0.49,0.00
Sarveshwar Foods,543688,SARVESHWAR,INE324X01026,Agricultural Food & other Products,Other Agricultural Products,3.38,6.03,414.19,12.55,19.09,10.41,8.37,0.53,1.78,2.78,252.01,354.06,16.42,7.01,40.87,0.00,0.25,-0.20,0.00,0.00,58.87,11.84,5.29,1.72,23.99,23.99,-8.41,-9.96,16.93,0.07,0.06,26.92,36.44,5.49,71.83,1133.65,76.15,77.32,6.34,0.22,301.35,16.77,0.36,17.13,0.29,16.84,7.03,5.56,2.33,97.88,9.34,7.50,0.00,7.02,2.32
Sasken Technol.,532663,SASKEN,INE231F01020,IT - Services,IT Enabled Services,1902.30,607.74,2888.20,39.15,24.65,9.90,7.00,0.03,1.83,24.27,28.11,839.56,68.15,77.43,42.94,-0.01,19.11,0.57,1.39,0.34,36.49,-18.90,-18.78,-3.17,14.82,14.82,119.25,126.42,134.97,16.37,6.24,44.73,62.01,55.84,22.90,550.91,60.07,74.03,4.16,33.25,273.53,14.65,7.60,22.25,9.17,13.08,10.01,5.36,3.66,15.12,12.01,1.07,0.00,9.44,2.00
Satchmo Holdings,533202,,INE639K01016,Commercial Services & Supplies,Diversified Commercial Services,4.30,70.18,62.71,4.44,19.78,,,0.00,1.01,29.48,0.00,-35.50,209.98,207.04,44.76,0.00,0.00,0.00,4.44,0.00,50.80,-141.26,-145.03,-151.41,59.64,59.64,69.50,-429.73,80.08,-0.32,-0.18,-13.75,18.38,35.58,-17.09,11.82,-13.74,-13.64,-144.59,1.26,0.13,-2.59,0.01,-2.58,0.03,-2.61,-2.61,-1992.31,-2007.69,145.83,-2.61,0.00,0.00,-2.61,0.00
Sathlokhar Sys.,,SSEGL,INE0RFP01011,Construction,Civil Construction,337.00,1921.49,875.48,8.53,18.04,37.09,31.05,0.25,1.92,18.27,89.94,332.95,105.39,92.89,58.27,0.00,0.28,0.00,2.02,0.37,39.43,-29.25,-28.20,-29.77,8.10,8.10,123.42,218.12,132.72,8.24,3.81,42.77,57.33,2.46,57.48,399.37,59.32,59.94,14.39,17.72,122.77,13.41,-0.07,13.55,0.10,13.45,9.20,10.92,7.62,24.14,12.46,0.78,-0.21,9.36,3.25
Satin Creditcare,539404,SATIN,INE836B01017,Finance,Microfinance Institutions,230.70,570.05,2551.86,6.23,22.08,13.84,12.29,3.84,5.66,1.42,10991.46,2753.35,20.69,225.36,36.17,0.00,4.88,1.36,6.32,1.02,52.23,-24.31,-30.50,-30.31,0.25,0.25,17.03,67.94,171.95,11.10,4.08,186.19,235.77,6.43,1305.22,2572.08,1284.47,1311.74,50.75,16.85,703.15,356.70,4.69,361.39,6.21,355.18,45.10,50.73,6.41,110.04,58.08,297.10,0.00,45.10,12.98
Saven Tech.,532404,,INE856B01023,IT - Services,IT Enabled Services,33.99,81.98,36.98,13.11,24.65,21.00,16.40,0.00,6.04,,0.00,20.51,24.03,-13.76,42.47,0.00,0.00,0.00,0.00,0.00,57.53,-2.60,-9.82,0.86,20.99,20.99,30.00,28.89,-44.85,0.69,1.25,2.60,3.45,0.63,3.06,14.30,3.47,3.70,21.40,2.38,4.52,0.90,0.85,1.75,0.10,1.65,1.36,19.91,30.09,1.09,1.65,0.00,0.00,1.36,0.29
Sayaji (Indore),544080,,INE0MGS01014,Leisure Services,Hotels & Resorts,1195.50,217.35,364.22,41.06,28.87,11.60,13.94,1.88,0.87,2.87,131.90,67.13,3.74,-17.41,79.52,-1.13,0.00,0.00,0.00,0.00,20.49,777.78,21.25,10.70,3.07,3.07,-8.99,-17.78,-11.73,5.19,5.88,10.70,13.42,0.28,25.98,105.68,19.79,26.44,24.58,34.69,23.76,5.23,0.26,5.49,1.60,3.89,1.79,22.01,7.53,3.05,2.45,1.44,0.00,1.79,0.66
SBFC Finance,543959,SBFC,INE423Y01016,Finance,Non Banking Financial Company (NBFC),92.08,90.31,10207.37,21.26,21.17,11.82,13.05,1.92,3.81,2.14,7161.71,2619.45,27.63,30.68,52.31,-0.04,7.22,1.01,20.72,-1.25,19.69,5.99,4.83,4.71,1.14,1.14,24.71,19.10,28.97,1.18,0.93,345.56,458.51,0.46,895.65,1305.12,879.83,896.64,68.63,3.18,388.43,265.70,0.11,265.81,5.04,260.77,100.89,68.40,25.97,1088.11,135.71,125.06,0.00,100.89,34.81
SBI Cards,543066,SBICARD,INE018E01016,Finance,Non Banking Financial Company (NBFC),665.05,356.10,63284.19,27.82,21.17,10.10,14.69,2.80,0.55,2.02,44063.73,14773.90,7.92,21.16,68.86,-0.06,8.98,-0.56,18.13,0.01,4.02,9.05,7.07,14.82,1.41,1.41,4.56,-8.93,19.51,6.98,5.84,1916.41,2580.68,563.20,5342.70,18073.95,5759.08,5905.90,29.56,20.14,4876.92,1437.74,158.47,1596.21,35.03,1561.18,555.96,29.48,11.40,951.53,748.36,812.82,0.00,555.96,192.40
SBI Life Insuran,540719,SBILIFE,INE123W01016,Insurance,Life Insurance,1915.00,283.93,192047.96,73.84,67.34,14.95,13.70,0.00,1.06,,0.00,19117.74,-1.30,4.53,55.32,-0.01,20.95,-0.56,19.67,0.54,4.06,-9.91,-8.52,-172.44,0.00,0.00,14.09,-257.50,21.97,7.23,5.93,2413.30,2692.60,1356.84,1419.51,116888.43,2692.60,2776.35,1.21,24.08,38996.50,663.93,-7.73,656.20,0.00,656.20,594.37,1.70,1.52,1002.35,656.20,0.00,0.00,594.37,61.83
Scan Steels,511672,SCANSTL,INE099G01011,Ferrous Metals,Iron & Steel,59.61,55.26,362.40,15.95,17.28,7.05,4.61,0.16,1.81,4.41,71.69,382.55,9.70,50.76,49.29,0.40,1.98,-0.07,0.00,0.00,48.73,87.55,75.33,71.20,2.44,2.44,21.22,-29.19,29.08,2.13,1.71,17.53,26.09,4.43,45.95,789.20,31.88,47.57,5.82,3.35,232.00,19.32,0.05,19.37,3.93,15.44,10.04,8.33,4.33,58.60,13.43,2.01,0.00,10.04,3.39
Schaeffler India,505790,SCHAEFFLER,INE513A01022,Auto Components,Auto Components & Equipments,4069.20,1646.01,63587.50,49.25,30.39,27.90,20.80,0.01,2.50,437.32,33.72,6225.26,19.24,22.02,74.13,0.00,4.36,0.11,16.21,-0.11,5.29,5.32,6.33,7.13,17.21,17.21,16.44,8.68,13.67,21.54,18.95,977.36,1317.47,121.93,1468.27,8076.29,1321.19,1589.95,18.18,62.55,2282.10,430.88,44.99,475.87,77.09,398.78,296.23,18.88,12.98,31.26,397.98,0.80,0.00,296.23,101.75
Sea TV Network,533268,,INE351L01016,Entertainment,TV Broadcasting & Software Production,2.70,,3.25,,26.60,,,,0.25,-0.07,33.69,-52.26,-7.84,75.41,58.59,0.00,0.00,0.00,0.00,0.00,41.41,-414.29,-322.22,-62.50,41.22,41.22,-65.52,-8.05,-300.00,-0.37,0.18,-0.75,-0.43,3.65,-3.54,11.52,-0.32,0.11,-30.73,-0.62,1.88,-0.87,1.20,0.33,0.09,0.24,0.22,-46.28,11.70,12.02,0.23,0.01,0.00,0.22,0.00
Sedemac Mechatro,544723,SEDEMAC,INE00XB01019,Auto Components,Auto Components & Equipments,2752.10,463.28,12163.26,101.51,30.39,35.69,27.53,0.16,1.38,18.61,72.44,405.04,60.76,120.81,26.23,-0.01,4.27,1.75,39.81,-4.12,29.70,3.83,0.99,-2.18,12.63,12.63,37.32,40.38,95.14,7.54,6010.56,46.91,67.70,4.11,120.96,658.36,79.53,124.87,18.37,16625.44,217.36,43.09,2.60,45.69,13.09,32.60,17.07,19.82,7.85,0.03,30.17,2.43,0.00,17.07,13.10
Sejal Glass,532993,SEJALLTD,INE955I01044,Industrial Products,Glass - Industrial,742.55,772.56,847.13,26.88,23.12,18.60,31.09,1.34,1.44,2.63,202.46,139.93,63.22,125.88,69.96,0.00,0.19,0.00,4.54,0.10,25.31,-36.87,-23.83,-11.11,30.42,30.42,38.36,55.65,63.49,6.26,4.33,10.93,11.63,1.38,34.05,243.58,27.93,35.39,13.98,10.85,77.15,11.68,0.61,12.29,2.61,9.68,4.41,15.14,5.72,10.10,4.82,4.86,0.00,4.37,0.40
Senores Pharma.,544319,SENORES,INE0RB801010,Pharmaceuticals & Biotechnology,Pharmaceuticals,1355.30,989.80,6261.79,49.55,33.57,15.13,13.42,0.37,1.92,7.34,342.03,887.55,50.95,86.99,45.82,0.00,6.62,2.98,9.77,0.15,37.78,-16.96,-16.52,13.20,47.20,47.20,57.38,39.02,43.77,6.67,4.28,58.56,70.57,19.26,89.70,398.25,92.12,108.96,22.52,12.72,137.99,34.16,3.36,37.52,5.99,31.53,21.18,24.76,15.35,46.05,26.49,5.04,0.00,19.73,5.31
Servotech Renew,,SERVOTECH,INE782X01033,Electrical Equipment,Other Electrical Equipment,85.75,61.94,1936.62,51.70,30.76,12.82,12.79,0.73,1.46,3.99,211.45,265.38,7.39,11.82,58.61,0.00,0.05,-0.09,0.00,0.00,41.34,-28.10,-10.09,-9.28,29.23,29.23,96.35,116.43,77.14,0.41,0.23,32.74,44.80,2.36,55.58,674.14,52.07,57.94,8.24,1.46,136.74,10.41,0.42,10.83,2.21,8.62,4.55,7.61,3.33,22.58,6.57,2.05,0.00,5.24,2.02
Seshaasai Tech.,544533,STYL,INE04VU01023,Financial Technology (Fintech),Financial Technology (Fintech),368.05,563.86,5938.11,22.09,77.67,27.98,23.57,0.06,5.89,25.18,82.45,1268.04,6.58,23.06,81.80,0.00,0.29,-0.04,7.74,0.69,10.17,-25.21,-26.73,-25.93,21.85,21.85,24.59,68.22,68.35,3.82,2.48,222.21,294.77,10.14,360.05,1462.21,329.07,370.19,24.62,15.05,310.87,71.24,2.30,73.54,11.01,62.53,36.68,22.92,11.80,147.62,54.77,7.76,0.00,36.68,18.09
Seshasayee Paper,502450,SESHAPAPER,INE630A01024,"Paper, Forest & Jute Products",Paper & Paper Products,237.87,288.01,1496.88,15.12,16.85,5.60,4.10,0.00,2.41,16.86,0.00,2029.93,5.80,13.03,43.27,0.16,12.60,-0.34,0.09,-0.01,29.76,22.50,33.85,84.70,10.46,10.46,112.64,15.13,106.80,5.06,2.45,109.17,132.49,74.79,111.41,1754.38,140.92,186.20,6.35,17.31,385.40,20.49,13.56,34.05,11.54,22.51,15.43,5.32,4.00,12.04,21.44,1.07,0.00,15.43,6.01
SG Finserve,539199,SGFIN,INE618R01015,Finance,Non Banking Financial Company (NBFC),702.60,832.78,4632.84,29.54,21.17,9.32,10.32,1.85,27.12,2.28,2704.16,1394.95,106.13,82.09,56.95,4.03,0.54,0.28,2.18,-1.10,40.34,26.99,26.76,27.02,0.00,0.00,113.98,68.46,118.92,8.15,4.39,80.99,110.15,0.00,142.64,170.26,142.13,142.64,83.78,14.49,67.59,58.81,0.00,58.81,0.15,58.66,24.52,87.01,36.28,55.90,33.86,24.80,0.00,24.52,9.34
SG Mart,512329,SGMART,INE385F01024,Metals & Minerals Trading,Trading - Metals,699.25,399.18,8813.64,70.89,49.61,10.24,7.92,0.17,2.80,4.50,267.92,1583.93,10.46,13.61,57.90,21.63,1.90,0.04,4.11,-1.16,36.09,9.91,0.66,4.83,4.08,4.08,63.68,56.13,41.07,3.62,2.56,103.43,137.32,80.20,103.09,5856.17,181.21,183.29,1.76,9.20,1143.77,35.90,20.44,56.34,1.73,54.61,32.31,3.14,2.82,12.60,42.59,12.02,0.00,32.31,10.28
Sh. Digvijay Cem,502180,SHREDIGCEM,INE232A01011,Cement & Cement Products,Cement & Cement Products,73.93,32.39,1095.05,60.70,31.16,6.40,6.86,1.41,2.72,2.19,513.93,217.58,19.63,-34.92,63.71,4.51,0.50,0.12,1.42,0.13,34.37,-14.09,33.21,17.32,4.17,4.17,22.74,4.62,-50.47,0.46,0.93,25.21,34.55,9.83,57.24,725.15,37.33,67.08,7.89,1.70,195.95,23.79,1.40,25.19,6.09,19.10,13.79,12.14,7.04,147.87,18.52,0.58,0.00,13.79,4.73
Sh. Steel Wire,513488,,INE387D01025,Industrial Products,Iron & Steel Products,31.00,,10.26,,21.73,-3.92,-4.76,0.00,6.63,,0.00,9.46,-37.02,59.57,30.85,0.00,0.00,0.00,0.00,0.00,69.15,475.00,,-1350.00,12.56,12.56,-600.00,-60.00,-221.05,0.69,-0.57,-0.25,-0.33,0.17,-0.10,11.32,-0.33,0.07,-0.88,-0.75,1.09,-0.05,0.05,0.00,0.09,-0.09,-0.19,-4.59,-17.43,3.31,-0.09,0.00,0.00,-0.19,0.10
Shadowfax Technologies,544685,SHADOWFAX,INE12UN01015,Transport Services,Logistics Solution Provider,240.78,85.10,14070.16,81.69,25.21,9.66,10.72,0.13,1.89,8.77,233.96,1166.43,65.38,1751.77,16.51,-0.08,8.78,1.13,19.10,-1.54,55.62,19.78,19.64,14.22,10.83,10.83,244.29,201.42,624.29,1.13,0.60,6.22,6.21,29.55,62.10,2467.20,27.49,91.65,2.52,0.41,795.92,26.10,8.24,34.34,21.73,12.61,9.14,3.28,1.15,151.79,9.14,3.47,0.00,9.14,0.00
Shakti Pumps,531431,SHAKTIPUMP,INE908D01010,Industrial Products,"Compressors, Pumps & Diesel Engines",518.80,582.37,6406.19,30.17,47.29,23.64,17.99,0.30,2.12,5.70,505.28,1582.16,14.10,-48.53,50.36,0.00,5.08,0.25,2.39,-2.58,42.15,34.59,1.80,-0.35,43.48,43.48,-42.29,-42.08,-46.72,4.18,8.06,408.69,555.80,16.64,603.40,2516.24,600.50,620.49,23.98,33.97,622.50,143.57,1.90,145.47,6.05,139.42,96.83,23.06,15.56,120.21,129.66,9.76,0.00,96.83,32.83
Shanthi Gears,522034,SHANTIGEAR,INE631A01022,Industrial Manufacturing,Industrial Products,415.00,233.11,3181.77,47.26,31.54,25.55,19.00,0.00,3.11,828.55,0.00,432.39,-16.88,-30.64,70.47,0.00,3.13,0.00,0.23,0.00,26.16,-39.46,-42.95,-36.46,23.16,23.16,-50.25,-21.70,-56.59,1.28,2.96,95.94,130.09,14.66,129.17,604.62,130.46,143.76,21.36,12.52,134.89,30.51,3.77,34.28,3.66,30.62,22.69,22.62,16.82,7.67,30.62,0.00,0.00,22.69,7.93
Sharda Cropchem,538666,SHARDACROP,INE221J01015,Fertilizers & Agrochemicals,Pesticides & Agrochemicals,826.15,1393.99,7454.48,11.91,22.13,30.25,23.17,0.00,1.71,268.37,0.00,3046.27,18.52,49.11,74.82,0.00,3.12,-1.48,9.18,-0.52,12.88,-72.38,-71.54,-61.82,44.60,44.60,-13.61,126.23,-38.36,9.76,15.83,296.37,378.34,59.51,614.98,4319.85,393.12,667.78,14.24,33.74,984.81,215.29,32.49,247.78,78.08,169.70,142.80,21.86,14.50,90.22,169.14,0.56,0.00,142.78,26.34
Shardul Sec.,512393,SHARDUL,INE037B01020,Capital Markets,Stockbroking & Allied,43.58,39.91,380.28,16.41,19.99,-5.88,-7.22,0.42,37.20,2.16,274.02,640.33,751.99,320.25,74.85,0.00,0.30,0.00,0.00,0.00,24.85,-323.83,-341.81,-342.37,0.02,0.02,106.82,-185.33,102.74,16.31,8.04,32.99,44.79,0.02,46.99,62.63,46.57,47.01,75.03,3.77,94.15,89.44,0.00,89.44,0.13,89.31,70.37,95.00,74.74,17.50,87.97,1.34,0.00,70.37,17.61
Share India Sec.,540725,SHAREINDIA,INE932X01026,Capital Markets,Stockbroking & Allied,180.74,606.62,3955.72,10.88,19.99,18.41,13.02,0.26,2.36,4.50,694.88,2591.17,14.62,17.62,48.62,0.00,1.87,0.33,0.48,0.01,49.03,114.35,70.67,71.60,2.35,2.35,45.08,-15.45,47.46,5.67,3.85,324.81,430.58,20.70,517.23,1448.80,516.43,534.23,35.70,15.01,341.41,138.25,3.19,141.44,4.06,137.38,84.37,40.49,24.71,43.77,110.70,26.68,0.00,84.18,26.33
Sharp Investment,538212,,INE909D01026,Finance,Non Banking Financial Company (NBFC),0.35,0.74,8.47,49.82,21.17,0.04,0.04,0.00,1.31,,0.00,4.15,77.78,325.00,19.37,-6.26,0.00,0.00,0.00,0.00,80.62,-69.23,-69.23,-92.31,81.25,81.25,-125.00,-425.00,-200.00,0.00,0.00,0.00,0.00,0.00,0.00,0.18,0.00,0.00,0.00,0.00,0.00,-0.08,0.00,-0.08,0.00,-0.08,-0.08,,,24.21,-0.08,0.00,0.00,-0.08,0.00
Shemaroo Entert.,538685,SHEMAROO,INE363M01019,Entertainment,Media & Entertainment,117.99,,340.44,,46.50,-39.34,-58.75,1.12,1.29,-7.07,301.69,241.26,-14.17,-59.32,67.23,0.00,0.00,0.00,0.00,0.00,32.75,-88.79,-96.92,-97.91,12.07,12.07,-96.72,57.15,-82.36,-2.80,-16.77,-84.97,-114.35,8.44,-79.76,685.10,-77.38,-71.33,-11.64,-31.10,139.52,-55.49,3.67,-51.82,1.52,-53.34,-45.75,-39.77,-32.79,27.32,-60.96,7.62,0.00,-45.81,-15.21
Shera Energy,,SHERA,INE0MM001019,Industrial Products,"Aluminium, Copper & Zinc Products",167.50,325.27,409.36,11.97,16.95,19.54,16.94,1.35,1.31,2.42,261.90,169.35,27.31,77.15,62.35,0.63,0.00,0.00,0.90,0.00,36.75,2.27,10.83,8.40,11.43,11.43,50.05,38.42,79.55,4.20,2.23,17.82,30.20,1.64,58.84,1277.30,54.52,60.52,4.61,7.28,386.74,18.66,1.07,19.73,1.66,18.07,7.04,4.82,1.82,24.44,9.61,8.46,0.00,5.45,2.56
Shiva Cement,532323,,INE555C01029,Cement & Cement Products,Cement & Cement Products,17.05,,502.98,,31.16,-1.43,,24.94,0.28,-0.03,1740.33,-125.79,50.25,24.06,66.50,0.00,0.11,0.00,0.07,0.00,33.31,-25.43,580.00,73.42,0.00,0.00,-1047.21,-646.19,-29.49,-0.72,-1.03,-137.34,-162.09,1.60,-6.22,311.17,-41.55,0.52,-2.00,-4.83,105.61,-1.97,1.24,-0.73,9.88,-10.61,-30.28,-1.87,-28.67,59.00,-40.91,30.30,0.00,-30.28,-10.64
Shoppers Stop,532638,SHOPERSTOP,INE498B01024,Retailing,Diversified Retail,403.35,,4467.50,,34.12,7.03,-6.37,11.40,0.85,0.89,3316.68,235.95,9.62,-205.38,66.06,0.00,1.92,-0.14,25.70,0.25,6.34,-12.84,12.77,1.67,1.67,1.67,9.24,7.45,-9.47,-1.29,-1.43,10.12,7.01,54.12,708.41,4627.64,267.66,761.98,15.31,0.99,1161.08,171.51,10.07,181.58,129.34,52.24,-15.74,14.77,-1.36,55.03,-20.91,73.15,0.00,-15.74,-5.17
Shree Cement,500387,SHREECEM,INE070A01015,Cement & Cement Products,Cement & Cement Products,27000.00,8145.58,97531.63,59.83,31.16,10.27,7.51,0.08,0.97,10.71,1868.14,23231.45,12.63,9.64,62.56,0.00,8.21,-0.73,16.42,0.63,12.57,0.68,10.41,-8.08,8.34,8.34,-4.53,3.86,-17.48,146.67,178.12,1114.09,1311.51,589.22,3934.01,19282.83,1509.55,4516.31,20.40,311.18,5280.88,1332.60,235.23,1567.83,653.81,914.02,643.66,25.23,12.19,36.08,868.49,45.53,0.00,642.66,224.83
Shrenik,,SHRENIK,INE632X01030,"Paper, Forest & Jute Products",Paper & Paper Products,0.33,,20.20,336.67,16.85,,,,0.05,7.00,124.59,-237.18,79.97,700.00,24.53,-0.85,0.00,0.00,0.00,0.00,75.48,-80.58,-80.39,-42.73,11.32,11.32,36.96,139.13,185.71,0.00,0.00,-0.09,-0.09,0.16,-0.19,18.10,-0.03,-0.03,-1.05,0.00,5.83,-0.46,0.39,-0.07,0.00,-0.07,-0.07,-7.89,-1.20,61.20,-0.07,0.00,0.00,-0.07,0.00
Shriram Finance,511218,SHRIRAMFIN,INE721A01047,Finance,Non Banking Financial Company (NBFC),1090.20,894.40,256481.68,22.66,21.17,11.49,16.39,3.80,3.57,1.70,250691.96,65542.28,14.20,33.03,20.30,-5.08,54.75,9.60,19.90,-3.39,5.03,14.29,6.23,6.22,0.10,0.10,17.95,11.04,59.90,14.67,11.48,8248.66,12643.61,156.80,31661.31,43940.61,29345.64,29990.96,72.05,50.81,11536.32,8473.98,6.07,8480.10,173.11,8306.99,2159.39,73.45,18.72,376.13,2906.18,5400.76,-0.05,2159.45,750.98
Shyam Metalics,543299,SHYAMMETL,INE810G01011,Industrial Products,Iron & Steel Products,1025.10,1133.25,28587.47,25.45,21.73,13.01,9.70,0.09,1.00,7.69,1005.07,11244.52,22.80,21.54,74.59,0.00,2.97,-0.12,13.75,4.58,8.42,12.58,7.86,5.28,4.62,4.62,32.03,25.41,20.66,12.36,10.47,908.10,1241.19,230.75,1865.53,15137.50,1385.11,2096.28,12.32,32.53,4418.84,579.62,53.64,633.26,204.54,428.72,290.67,13.12,6.58,278.23,388.94,39.78,0.00,292.15,98.27
Sigma Solve,543917,SIGMA,INE0A0S01028,IT - Services,IT Enabled Services,50.24,76.66,512.52,16.38,24.65,48.33,37.75,0.03,5.24,126.00,2.02,66.79,21.23,53.83,73.21,0.00,0.00,0.00,0.02,0.02,26.75,134.26,142.58,-0.77,18.79,18.79,55.73,56.94,142.39,1.22,0.50,18.96,25.68,1.35,25.79,76.17,25.91,26.96,33.86,1.86,20.66,4.97,2.14,7.11,0.21,6.90,5.19,24.06,25.12,10.28,6.83,0.07,0.00,5.18,1.64
Silver Touch,543525,SILVERTUC,INE625X01026,IT - Software,Computers - Software & Consulting,197.38,56.47,2499.76,59.97,23.39,28.93,23.56,0.19,1.95,8.62,33.01,144.27,20.90,81.93,74.66,0.04,0.48,-0.66,0.00,0.00,24.85,-24.36,-24.26,-21.03,31.84,31.84,88.82,139.09,147.52,0.79,0.32,21.70,29.92,3.33,37.51,288.38,33.12,40.17,13.01,1.75,63.20,9.03,0.00,9.03,1.96,7.07,4.04,14.29,6.39,12.68,5.78,1.29,0.00,4.04,1.75
Simplex Mills,533018,,INE457H01027,Textiles & Apparels,Other Textile Products,5092.45,,15.28,,24.39,,,,2.12,0.27,3.00,-6.65,-25.00,-375.00,71.17,0.00,0.00,0.00,14.01,0.00,14.82,-63.64,-175.00,-40.00,0.00,0.00,0.00,66.67,100.00,-13.33,-6.67,-0.03,-0.03,0.63,-0.42,0.16,0.20,0.21,-262.50,-10.00,0.00,-0.12,0.16,0.04,0.00,0.04,-0.02,,,3.00,-0.02,0.06,0.00,-0.02,0.00
Simplex Papers,533019,,INE456H01029,"Paper, Forest & Jute Products",Paper & Paper Products,1316.70,,3.95,,16.85,-31.88,,,0.11,,12.48,-15.17,,26.67,49.95,0.00,0.00,0.00,13.97,0.00,36.08,50.00,50.00,50.00,,,0.00,-33.33,0.00,-10.00,-10.00,-0.16,-0.16,0.01,-0.17,0.00,-0.16,-0.16,,-53.33,0.00,-0.03,0.00,-0.03,0.00,-0.03,-0.03,,,3.00,-0.03,0.00,0.00,-0.03,0.00
Sirca Paints,543686,SIRCA,INE792Z01011,Consumer Durables,Paints,430.70,356.22,2443.74,36.45,37.22,20.28,15.77,0.07,4.54,20.54,32.32,418.44,24.19,26.25,65.19,0.00,6.08,-0.21,3.53,3.53,25.21,-8.47,-3.75,-5.94,30.55,30.55,7.31,14.10,14.07,2.85,2.59,49.13,65.48,5.16,67.44,371.87,65.70,72.65,18.14,8.96,114.24,22.56,0.21,22.77,2.48,20.29,14.21,19.75,12.44,54.81,19.19,1.10,0.00,14.21,4.99
Siyaram Silk,503811,SIYSIL,INE076B01028,Textiles & Apparels,Other Textile Products,629.30,1080.37,2852.77,12.02,24.39,18.82,14.89,0.24,2.08,9.87,352.34,1451.03,14.08,24.71,67.45,0.00,1.96,-0.29,2.51,0.05,28.09,-88.74,-84.07,-86.81,24.61,24.61,-13.13,558.54,137.28,2.43,1.02,193.84,267.32,75.33,276.01,2221.62,288.50,348.75,12.42,43.45,389.48,20.79,11.96,32.75,19.88,12.87,4.64,5.34,1.19,9.07,6.42,6.45,0.00,4.64,1.77
SJVN,533206,SJVN,INE002L01015,Power,Power Generation,69.42,41.09,27284.61,42.68,22.12,5.57,4.52,2.27,0.72,1.76,32278.49,10309.04,60.47,-7.40,81.85,0.00,2.79,0.04,3.74,0.00,11.62,-290.72,33.96,-6.61,40.14,40.14,20.21,28.71,-1.25,0.57,0.58,821.31,1111.69,307.79,2223.48,3072.01,1857.27,2533.48,72.38,2.09,917.45,706.75,54.14,760.89,160.40,600.49,227.58,77.03,24.81,3929.80,384.52,215.97,0.00,227.77,156.94
SKM Egg Prod.,532143,SKMEGGPROD,INE411D01023,Food Products,Meat Products including Poultry,242.33,311.65,1277.64,11.48,11.31,30.00,29.71,0.36,2.86,14.03,142.06,369.01,39.75,186.91,57.47,0.00,1.29,0.80,0.21,-0.15,41.02,-27.36,-23.25,-40.10,7.92,7.92,25.88,110.13,46.31,4.53,3.09,34.24,46.41,14.04,78.21,497.83,57.20,91.76,15.71,6.57,175.70,24.77,4.30,29.07,3.84,25.23,16.28,14.10,9.27,26.33,21.97,3.26,0.00,16.28,5.69
SKP Securities,531169,,INE709B01016,Capital Markets,Stockbroking & Allied,105.80,349.47,72.04,7.40,19.99,21.70,18.63,0.32,2.20,9.87,19.53,53.59,8.82,1.04,74.99,0.00,0.00,0.00,0.18,-0.12,24.83,17.89,2.24,2.76,11.12,11.12,-17.69,-19.90,-21.40,3.29,4.19,9.99,13.29,0.05,14.60,37.16,14.13,14.65,39.29,14.67,10.40,4.07,0.00,4.07,0.13,3.94,2.85,39.13,27.40,6.81,3.65,0.29,0.00,2.85,0.80
Skyline Millars,505650,,INE178E01026,Realty,"Residential, Commercial Projects",15.56,,62.59,,28.45,-4.46,-4.42,0.00,21.75,,0.00,19.42,-48.31,-194.12,71.38,0.00,0.00,0.00,0.00,0.00,28.62,-39.13,-39.13,-41.51,6.52,6.52,-24.39,29.27,-17.65,-0.07,-0.08,-0.46,-0.26,0.48,-0.73,2.13,-0.39,-0.38,-34.27,-0.06,0.54,-0.41,0.07,-0.34,0.00,-0.34,-0.34,-75.93,-62.96,4.02,-0.34,0.00,0.00,-0.34,0.00
Smartlink Hold.,532419,SMARTLINK,INE178C01020,IT - Hardware,Computers Hardware & Equipments,210.42,335.92,203.30,12.26,26.58,9.01,6.47,0.01,1.70,25.42,2.51,207.81,40.72,79.63,72.85,0.00,0.00,0.00,0.00,0.00,27.14,-18.34,-19.45,-46.89,30.04,30.04,694.83,1396.55,157.34,5.62,2.19,6.61,5.33,11.91,-1.12,214.53,7.06,10.79,-0.52,6.63,37.02,0.58,3.31,3.89,0.94,2.95,2.18,1.57,5.89,2.00,2.86,0.09,0.00,2.18,0.69
Smartworks Cowor,544447,SMARTWORKS,INE0NAZ01010,Commercial Services & Supplies,Diversified Commercial Services,481.65,73.97,5509.29,197.68,19.78,8.30,3.30,9.00,0.35,1.10,4778.35,416.41,36.32,162.83,58.33,0.00,0.28,0.12,8.92,-0.14,32.47,-20.88,-3.09,2.25,1.97,1.97,43.54,40.38,-413.10,1.15,-0.41,-64.72,-79.46,35.61,857.27,1374.06,255.34,891.34,62.39,-6.12,379.21,241.02,8.78,249.80,173.91,75.89,-4.20,63.56,-1.11,103.19,-5.57,81.46,0.00,-4.20,-1.37
SMC Global Sec.,543263,SMCGLOBAL,INE103C01036,Capital Markets,Stockbroking & Allied,79.94,90.52,1679.35,15.43,19.99,11.38,8.07,1.56,1.64,1.65,2035.58,1262.10,12.23,-11.08,66.71,-0.01,2.14,-0.26,0.00,-0.01,31.14,71.16,17.89,19.20,42.04,42.04,6.79,-10.41,22.64,1.75,1.42,146.30,192.03,6.48,423.14,1778.40,400.05,430.43,23.79,6.96,424.93,100.13,0.69,100.82,6.63,94.19,29.95,23.56,7.05,20.94,38.35,55.84,0.00,29.74,8.41
Smiths & Founder,513418,,INE728B01032,Industrial Products,Castings & Forgings,15.39,2.25,156.98,227.50,29.34,4.86,1.36,0.00,5.21,47.50,0.00,11.10,4.88,-49.26,28.69,0.00,0.00,0.00,0.01,0.00,71.32,-58.06,-683.33,-3700.00,12.88,12.88,0.00,-102.78,0.00,0.03,0.03,1.05,1.42,0.07,1.73,13.22,1.55,1.80,13.09,0.10,3.23,0.36,0.02,0.38,0.06,0.32,0.26,11.15,8.05,10.20,0.32,0.00,0.00,0.26,0.06
SML Mahindra,505192,SMLMAH,INE294B01019,"Agricultural, Commercial & Construction Vehicles",Commercial Vehicles,5464.00,1496.26,7916.85,50.62,39.14,30.90,35.40,0.56,1.25,12.40,289.11,504.86,18.07,9.96,58.97,0.00,1.24,0.47,2.43,0.87,37.35,17.38,10.59,10.75,9.16,9.16,-4.68,-13.93,-4.99,43.96,46.27,121.55,162.38,6.05,234.56,2398.99,192.10,240.45,9.78,84.08,845.89,105.01,2.06,107.07,12.43,94.64,66.96,12.41,7.92,14.48,89.55,5.09,0.00,66.96,22.59
SMS Pharma.,532815,SMSPHARMA,INE812G01025,Pharmaceuticals & Biotechnology,Pharmaceuticals,363.55,138.54,3401.99,33.22,33.57,13.30,14.31,0.46,1.81,6.25,365.05,776.44,10.25,39.99,68.07,0.00,0.65,0.34,2.83,-0.19,28.45,-36.07,1.11,2.63,24.04,24.04,4.04,1.37,2.05,2.23,2.31,69.13,92.33,6.21,139.00,782.75,110.85,145.19,17.76,7.80,196.05,39.37,0.59,39.96,9.75,30.21,20.49,20.08,10.45,8.87,24.37,5.84,0.00,20.49,5.65
Sobha,532784,SOBHA,INE671H01015,Realty,"Residential, Commercial Projects",1372.30,638.20,14676.53,63.63,28.45,6.86,4.16,0.22,1.14,3.24,1057.39,4612.99,32.15,125.55,52.88,0.00,6.12,-0.11,25.99,-0.11,15.00,-44.63,-38.90,-48.98,4.93,4.93,225.69,538.41,273.35,4.76,1.27,94.70,133.00,124.07,294.33,4038.69,328.51,418.34,7.29,8.86,851.93,23.82,49.47,73.29,23.66,49.63,13.62,2.80,1.60,106.94,18.65,30.98,0.00,13.62,5.03
Solara Active,541540,SOLARA,INE624Z01016,Pharmaceuticals & Biotechnology,Pharmaceuticals,515.85,,2468.67,578.14,33.57,4.86,-0.13,0.55,0.96,1.05,686.56,1208.37,15.49,-82.59,41.93,-0.07,11.52,-0.07,3.74,-0.01,42.79,69.90,4.52,7.47,30.65,30.65,8.68,1.12,55.04,3.41,2.91,0.54,0.54,8.32,206.28,1283.76,115.35,214.60,16.07,0.15,319.15,57.02,0.98,58.00,23.58,34.42,10.52,17.87,3.30,44.34,10.52,23.90,0.00,10.52,0.00
Soma Textiles,521034,SOMATEX,INE314C01013,Textiles & Apparels,Other Textile Products,95.64,52.59,315.35,76.73,24.39,-0.66,-2.06,0.00,2.90,80.50,0.28,134.44,956.35,181.51,80.60,0.00,0.00,0.00,0.04,0.00,19.36,-43.44,-36.22,-40.22,85.69,85.69,-194.02,-257.26,-23.97,0.84,1.10,-1.36,68.28,74.65,-5.78,9.49,-2.18,-1.76,-60.91,20.97,2.05,-2.34,6.17,2.56,0.14,2.42,3.63,-114.15,115.12,33.03,3.63,0.06,1.27,2.36,0.00
Sona BLW Precis.,543300,SONACOMS,INE073K01018,Auto Components,Auto Components & Equipments,785.00,342.43,48919.88,62.92,30.39,15.11,11.67,0.06,2.84,48.47,363.41,5219.65,42.68,37.36,28.01,0.00,23.61,-0.09,41.60,0.14,6.77,6.16,2.97,-8.10,23.84,23.84,36.33,48.35,83.23,3.54,1.93,563.80,771.52,127.86,904.23,3226.30,778.25,1010.91,28.03,9.32,767.31,192.16,33.89,235.22,60.08,175.14,120.13,25.04,16.55,621.72,161.46,4.51,-9.17,126.96,41.33
Sonam,,SONAMLTD,INE00LM01029,Consumer Durables,Consumer Electronics,54.16,29.40,216.82,24.09,41.29,14.14,10.89,0.30,1.86,6.81,21.23,51.46,67.28,38.89,58.12,0.57,0.00,-0.26,0.00,0.00,41.88,3.45,-5.27,-9.54,4.07,4.07,100.00,121.09,127.27,0.75,0.33,6.33,8.69,1.36,12.08,104.14,10.76,13.44,11.60,1.58,37.90,2.56,0.46,3.02,0.69,2.33,1.32,6.75,3.48,20.02,1.78,0.55,0.00,1.32,0.46
South Ind.Bank,532218,SOUTHBANK,INE683A01023,Banks,Private Sector Bank,47.07,60.23,12321.16,8.16,14.36,6.42,13.51,10.97,4.24,1.31,129423.55,11538.83,6.88,13.54,0.00,0.00,25.39,1.18,14.24,1.49,60.36,-7.33,-3.67,-4.10,0.00,0.00,29.09,34.62,17.29,1.44,1.23,1304.63,1756.90,1813.43,5972.92,9413.31,7686.91,7788.69,63.45,4.98,2362.44,1340.92,621.89,1962.81,0.00,1962.81,321.95,56.76,13.63,261.63,432.94,1529.87,0.00,321.95,110.99
South West Pinn.,543986,SOUTHWEST,INE980Y01015,Commercial Services & Supplies,Diversified Commercial Services,240.44,176.69,783.83,19.61,19.78,20.02,17.66,0.39,1.84,7.38,80.14,173.70,39.23,135.81,65.94,-2.91,0.41,-0.35,0.00,0.00,33.64,-28.43,-27.97,-26.83,44.07,44.07,157.69,252.16,289.17,3.13,0.80,14.91,21.38,6.17,33.67,180.30,28.18,37.78,18.67,5.51,40.22,5.79,1.40,7.19,2.14,5.05,2.40,14.40,5.97,29.83,3.10,1.95,0.00,2.40,0.70
Spandana Sphoort,542759,SPANDANA,INE572J01011,Finance,Microfinance Institutions,262.40,,2117.66,,22.08,-5.78,-29.38,1.85,8.79,0.12,3942.73,2049.42,-48.30,77.47,48.16,0.00,19.29,-0.60,5.68,-0.10,26.87,125.43,11.63,10.18,0.00,0.00,-140.69,-136.93,-103.30,1.34,-40.61,-1035.09,-1378.80,68.92,-488.80,2355.16,-442.57,-419.87,-20.75,-116.70,300.46,-326.56,3.66,-322.90,4.24,-327.14,-360.23,-108.69,-119.89,71.31,-480.89,153.75,0.00,-360.21,-120.66
Spectrum Foods,531982,,INE547C01018,Food Products,Other Food Products,18.11,27.11,43.53,54.41,21.52,1.06,0.72,0.38,6.40,3.38,15.14,16.17,24.57,237.93,47.37,0.41,0.00,0.00,0.00,0.00,52.64,-158.81,-166.88,-170.15,14.20,14.20,34.91,-292.31,32.21,0.82,0.62,0.06,0.11,0.49,0.58,21.88,0.06,0.96,2.65,0.05,7.19,1.69,0.00,1.69,0.19,1.50,1.49,23.50,20.72,24.14,1.49,0.01,0.00,1.49,0.00
Sportking India,539221,SPORTKING,INE885H01029,Textiles & Apparels,Other Textile Products,229.63,166.55,2915.92,18.04,24.39,13.00,11.71,0.41,3.25,6.09,462.83,1103.03,5.56,37.12,74.36,0.00,0.36,0.13,0.00,0.00,25.27,131.90,105.12,54.77,15.16,15.16,90.27,22.94,122.79,5.98,2.68,108.30,149.80,26.40,267.34,2523.64,202.77,292.41,10.59,8.60,585.80,69.49,11.96,81.45,23.65,57.80,34.10,11.86,5.82,12.87,46.48,11.32,0.00,34.10,12.39
SRF,503806,SRF,INE647A01010,Chemicals & Petrochemicals,Commodity Chemicals,2645.00,1147.50,78408.85,34.99,21.02,14.61,14.27,0.36,1.02,11.46,5082.79,13745.32,12.98,56.61,50.26,0.00,15.45,-1.22,22.44,1.27,11.81,30.39,26.12,20.58,15.07,15.07,49.03,23.60,75.53,25.60,14.58,1249.67,1703.70,132.72,2718.44,14693.07,2078.15,2849.65,18.50,42.20,3818.62,829.84,29.12,858.96,203.24,655.72,432.32,21.73,11.32,296.42,575.82,79.90,0.00,432.32,143.50
Sri Lotus,544469,LOTUSDEV,INE0V9Q01010,Realty,"Residential, Commercial Projects",197.66,253.84,9665.91,37.62,28.45,21.15,16.68,0.07,6.08,180.76,131.22,1862.21,71.31,20.65,81.87,0.00,1.20,0.20,1.73,0.14,15.19,-54.70,-54.63,-60.31,39.21,39.21,63.37,311.64,77.28,0.93,0.59,227.41,306.83,19.60,288.98,547.73,307.04,308.58,52.76,5.22,61.32,29.46,6.77,36.23,0.40,35.83,25.79,48.04,42.06,43.59,35.34,0.49,0.00,25.61,9.55
Star Health Insu,543412,STARHEALTH,INE575P01011,Insurance,General Insurance,592.60,,34887.77,41.33,39.49,8.57,6.70,,,,0.00,0.00,11.35,10.33,58.01,0.03,16.04,0.98,19.41,-0.90,6.55,393.74,390.51,407.53,0.00,0.00,27.32,-74.91,25.46,9.34,7.45,630.08,861.05,11.17,921.36,16101.23,861.63,933.11,5.72,10.99,4880.40,588.46,-0.38,588.08,0.00,588.08,438.18,12.06,8.98,587.81,588.08,0.00,0.00,438.18,149.90
Steel Exchange,534748,STEELXIND,INE503B01021,Industrial Products,Iron & Steel Products,11.40,3.79,1456.69,45.82,21.73,9.34,2.82,0.54,2.26,1.70,417.54,643.14,-12.78,-5.30,49.67,-1.13,0.70,0.40,1.95,-0.63,47.44,21.50,-32.86,-31.15,21.51,21.51,9.04,58.38,46.92,0.12,0.09,2.61,45.50,19.33,124.28,1140.01,103.73,127.30,10.90,0.22,300.00,31.40,4.95,36.35,7.23,29.12,10.23,10.47,3.41,119.76,10.23,18.89,0.00,10.23,0.00
Steel Str. Wheel,513262,SSWL,INE802C01033,Auto Components,Auto Components & Equipments,317.85,275.70,4989.99,22.31,30.39,15.98,12.33,0.48,1.09,3.38,828.37,1719.07,19.94,4.67,61.15,0.00,8.60,0.38,3.15,-1.93,27.14,10.95,9.47,8.70,11.06,11.06,32.96,22.32,43.19,4.55,3.18,210.05,282.01,13.30,486.95,4429.00,399.38,500.39,10.99,13.38,1186.78,122.03,3.12,125.15,30.43,94.72,49.94,10.28,4.21,15.72,65.92,28.80,0.00,49.94,15.99
Steelcast,513517,STEELCAS,INE124E01038,Industrial Products,Castings & Forgings,325.90,173.74,3290.67,36.28,29.34,32.30,23.96,0.00,3.95,435.25,0.00,384.90,9.25,14.58,45.00,0.00,0.29,0.04,2.55,0.02,52.17,2.29,2.97,9.67,24.53,24.53,17.18,6.85,19.27,2.34,1.96,72.13,97.32,7.23,103.48,373.39,98.10,110.65,27.71,7.13,106.69,27.30,2.72,30.02,3.21,26.81,19.88,25.59,18.63,10.12,26.66,0.15,0.00,19.88,6.78
Stellant Secu.,526071,,INE395F01023,Finance,Other Financial Services,836.00,2518.21,462.81,12.62,26.72,71.73,53.02,0.00,22.18,198.40,0.00,72.45,1348.55,1102.62,45.25,1.49,0.00,0.00,2.25,0.57,52.50,-442.08,-464.56,-445.68,2.33,2.33,903.52,-390.31,904.12,30.83,0.92,1.29,1.67,0.00,1.68,1.88,1.68,1.68,89.36,0.70,2.32,2.27,0.00,2.27,0.00,2.27,1.70,97.84,73.28,0.74,2.27,0.00,0.00,1.70,0.57
Sterling & Wils.,542760,SWSOLAR,INE00M201021,Construction,Civil Construction,208.41,,4863.90,15.58,18.04,26.78,40.07,1.83,1.16,2.97,1191.43,626.40,3.19,185.88,45.73,0.00,5.07,-1.89,4.80,1.61,44.41,-62.38,-51.19,-46.01,24.39,24.39,-7.91,70.56,37.68,2.32,1.37,80.95,162.54,39.60,264.27,6301.86,288.62,302.96,4.19,3.49,1761.63,85.46,21.11,106.57,2.81,103.76,38.69,4.85,2.20,23.35,74.67,29.09,0.00,31.97,35.98
Sterlite Tech.,532374,STLTECH,INE089C01029,Telecom -  Equipment & Accessories,Telecom -  Equipment & Accessories,584.90,66.32,30088.38,127.37,48.99,7.65,1.24,0.86,0.98,2.46,1942.00,2170.00,36.18,1489.53,42.29,-2.15,19.71,8.24,13.27,2.43,24.74,233.90,121.28,97.44,18.89,18.89,191.67,47.73,1870.00,4.04,0.20,-126.63,-156.00,-15.00,416.00,3996.00,133.00,449.00,10.41,-2.52,1019.00,132.00,8.00,140.00,77.00,63.00,10.00,12.95,0.98,98.00,13.00,50.00,0.00,10.00,3.00
STL Networks,544395,STLNETWORK,INE1VXE01018,Telecom - Services,Other Telecom Services,24.73,,1205.10,,17.44,0.61,-11.04,1.17,1.50,0.12,934.46,702.77,-6.87,-72.62,44.14,-0.01,1.11,0.41,3.27,-2.90,51.48,-53.34,-141.11,63.64,104.81,104.81,98.09,21.05,-2.41,-0.45,-0.46,-32.70,-22.86,6.91,73.80,1179.72,65.10,79.96,6.26,-1278.00,189.95,4.18,4.07,8.25,3.36,4.89,-22.42,2.20,-11.80,97.58,-25.36,30.25,0.00,-22.42,-2.94
Stove Kraft,543260,STOVEKRAFT,INE00IN01015,Consumer Durables,Household Appliances,754.60,245.43,2493.15,51.28,48.95,11.30,8.61,0.12,0.97,3.18,61.96,471.14,18.46,19.34,55.79,0.00,1.22,0.41,7.09,-0.88,35.89,181.98,135.29,36.21,6.58,6.58,50.90,10.78,63.57,5.15,3.15,39.56,48.78,0.39,152.43,1447.73,82.94,154.18,10.53,11.64,340.11,35.62,2.08,37.70,17.10,20.60,10.43,10.47,3.07,33.08,13.35,7.25,0.00,10.43,2.91
Strides Pharma,532531,STAR,INE939A01011,Pharmaceuticals & Biotechnology,Pharmaceuticals,1028.50,465.06,9496.17,16.39,33.57,18.32,19.99,0.57,1.25,5.09,1757.99,3015.39,8.07,54.61,27.91,0.00,28.40,-0.28,15.42,0.98,28.28,28.01,-9.72,-4.68,25.76,25.76,4.77,9.92,56.71,17.02,10.80,3520.65,3675.03,3313.32,802.82,4565.34,664.39,856.65,17.59,389.75,1119.74,218.08,0.31,226.76,48.89,177.87,105.60,19.48,10.08,92.16,122.04,47.46,-8.37,106.44,16.45
Stylam Industrie,526951,STYLAMIND,INE239C01020,Consumer Durables,Plywood Boards/ Laminates,3453.00,1769.97,5862.12,34.61,37.58,26.98,20.41,0.04,3.47,64.70,29.09,798.32,10.07,39.12,56.86,2.76,2.62,-0.19,12.14,-1.17,28.39,27.04,23.88,24.75,17.77,17.77,30.08,4.27,70.38,28.41,16.67,121.54,164.84,7.44,185.45,1025.09,168.63,192.50,18.09,71.88,282.98,52.93,0.77,53.70,4.96,48.74,28.26,18.70,9.99,8.47,41.25,7.49,0.00,28.26,12.99
Suditi Industrie,521113,,INE691D01012,Textiles & Apparels,Other Textile Products,80.27,37.54,398.19,39.66,24.39,19.98,20.62,0.09,2.21,15.47,6.85,26.02,0.50,34.95,53.22,0.00,0.17,0.00,0.00,0.00,46.61,-58.87,-62.58,-42.71,53.27,53.27,30.37,127.57,-23.08,0.32,0.51,3.14,1.92,1.82,3.67,95.28,2.60,5.49,3.85,0.79,28.64,2.14,0.78,2.92,0.87,2.05,2.08,7.47,7.26,39.62,1.91,0.14,0.00,2.04,-0.18
Sugs Lloyd,544501,,INE0XX801016,Electrical Equipment,Other Electrical Equipment,143.25,633.51,332.55,10.94,30.76,29.04,32.99,0.50,1.71,5.89,68.94,114.00,71.64,71.59,70.54,0.26,1.02,0.00,0.60,0.18,27.86,-30.36,-19.53,-21.93,49.81,49.81,34.83,72.70,29.53,3.23,3.56,16.72,22.67,1.67,25.81,175.21,27.12,27.48,14.73,10.29,59.41,8.90,0.44,9.34,0.08,9.26,5.79,14.98,9.75,16.25,7.78,1.48,0.00,5.79,1.99
Sukhjit Starch,524542,SUKHJITS,INE450E01029,Agricultural Food & other Products,Other Agricultural Products,164.66,201.07,514.31,15.05,19.09,5.88,1.47,0.61,1.37,2.48,345.40,551.72,-0.88,9.73,66.15,0.07,0.00,0.00,0.00,0.00,33.84,-16.72,-18.24,16.77,6.47,6.47,58.35,35.61,142.51,3.89,1.60,34.07,53.96,8.24,111.70,1497.95,79.37,115.27,7.46,12.79,369.13,19.04,3.30,22.34,9.05,13.29,5.01,5.16,1.36,15.62,6.02,7.27,0.00,5.01,1.01
Sulabh Engineers,508969,,INE673M01029,Finance,Non Banking Financial Company (NBFC),2.78,2.21,27.93,16.53,21.17,4.69,2.41,0.00,4.39,7.94,0.00,26.28,9.98,-16.34,25.57,0.00,0.00,0.00,0.00,0.00,74.43,-259.02,-239.36,-184.03,6.54,6.54,44.05,-271.43,56.45,0.09,0.06,2.46,3.68,0.47,3.74,5.63,4.10,4.21,66.43,0.24,0.98,0.84,0.18,1.02,0.02,1.00,0.62,85.71,63.27,10.05,0.91,0.09,0.00,0.61,0.28
Sumeru Industrie,530445,,INE764B01029,Commercial Services & Supplies,Trading & Distributors,1.55,0.38,11.16,123.98,22.35,0.48,0.67,0.00,9.00,,0.03,3.31,,-10.00,55.65,0.00,0.00,0.00,0.00,0.00,44.35,-75.00,-33.33,100.00,,,-11.11,-55.56,-200.00,0.00,0.00,0.09,0.11,0.43,-0.26,0.00,0.12,0.17,,0.01,0.00,-0.09,0.09,0.00,0.01,-0.01,-0.01,,,7.20,-0.01,0.00,0.00,-0.01,0.00
Sumitomo Chemi.,542920,SUMICHEM,INE258G01013,Fertilizers & Agrochemicals,Pesticides & Agrochemicals,515.85,189.38,25793.93,45.15,22.13,23.48,17.65,0.02,2.55,114.07,53.01,2885.04,-3.47,3.23,75.00,0.00,3.02,-0.39,9.33,0.35,12.65,95.76,78.90,77.22,22.29,22.29,7.07,-39.59,20.42,4.34,3.60,501.95,673.99,119.42,623.39,3090.37,679.55,742.81,20.17,10.06,1048.07,219.65,38.62,258.27,14.98,243.29,179.81,20.96,17.16,499.15,241.89,1.40,0.00,179.81,62.08
Sun Pharma.Inds.,524715,SUNPHARMA,INE044A01036,Pharmaceuticals & Biotechnology,Pharmaceuticals,1963.50,822.44,471381.76,37.31,33.57,20.53,15.95,0.06,1.90,47.01,4627.32,83330.16,11.41,10.17,54.48,0.00,14.54,-1.40,22.06,1.06,8.81,7.07,21.04,11.72,25.89,25.89,2.70,-8.08,26.53,12.06,9.50,11453.96,13752.13,1444.42,15114.46,52578.44,14677.74,17253.13,28.75,45.55,13851.40,4301.66,-353.54,4766.12,700.55,4065.57,2292.87,31.06,20.84,239.93,3172.77,74.80,-818.00,2868.60,870.15
Sundaram Clayton,544066,SUNCLAY,INE0Q3R01026,Auto Components,Auto Components & Equipments,1253.00,1461.17,2767.24,,30.39,-3.34,-16.97,1.00,0.88,-0.82,1297.56,1284.38,-3.88,-20.08,59.08,0.00,0.88,0.46,20.71,-0.37,19.30,-113.91,180.63,-69.52,17.38,17.38,-26.44,141.38,2.72,-26.91,-26.20,-152.39,38.87,218.94,96.68,2259.30,-53.69,119.42,4.28,-4.83,511.64,16.19,3.80,19.99,45.81,-25.82,-57.76,3.16,-11.29,11.02,-52.07,26.25,0.00,-57.76,5.69
Sundaram Finance,590071,SUNDARMFIN,INE660A01013,Finance,Non Banking Financial Company (NBFC),4828.70,2639.30,53694.18,23.58,21.17,9.44,15.01,4.68,1.66,1.61,69636.30,14783.44,13.75,18.63,37.21,0.00,18.58,-0.39,8.00,0.31,35.43,14.80,1.78,2.36,0.98,0.98,15.30,12.65,33.88,57.26,42.77,1853.94,2447.39,50.16,6845.77,8512.82,6638.95,6861.51,80.42,169.17,2348.93,1790.12,4.17,1794.29,55.87,1738.42,475.21,76.21,20.23,110.21,575.32,1163.10,0.00,475.21,163.52
Sungold Capital,531433,,INE271D01013,Finance,Non Banking Financial Company (NBFC),2.66,1.02,4.89,244.55,21.17,0.35,0.18,0.00,183.58,,0.00,3.79,-18.03,-50.00,23.81,0.00,0.00,0.00,0.00,0.00,76.19,-120.00,-116.67,-114.29,0.00,0.00,-93.75,-143.75,-75.00,0.01,0.02,0.04,0.06,0.02,0.51,2.07,0.53,0.53,24.64,0.02,0.43,0.16,0.00,0.16,0.10,0.06,0.04,37.21,9.30,18.40,0.04,0.02,0.00,0.04,0.00
Sunil Industries,521232,,INE124M01015,Commercial Services & Supplies,Trading & Distributors,71.26,262.38,29.93,7.90,22.35,11.41,8.92,0.65,1.26,2.01,35.31,49.71,-9.52,-29.81,58.36,0.01,0.00,0.00,0.12,0.00,41.52,179.31,81.29,53.25,35.48,35.48,-27.36,-52.60,-33.33,3.86,5.79,3.87,4.83,0.35,13.11,171.84,10.78,13.42,7.63,9.29,95.09,5.19,0.05,5.24,0.66,4.58,2.43,5.46,2.56,4.20,3.32,1.26,0.00,2.43,0.89
Sunrise Indl.,501110,,INE371U01015,Finance,Other Financial Services,7.50,1206.68,0.37,0.15,26.72,1.65,1.27,0.00,,,0.00,173.81,-1.15,15.02,74.97,0.00,0.00,0.00,0.00,0.00,25.03,362.50,211.54,161.11,0.00,0.00,44.62,-44.62,89.74,14.83,7.82,2.59,4.56,1.52,3.11,5.06,3.70,3.77,61.46,65.33,1.14,0.65,0.00,0.65,0.01,0.64,0.39,57.02,34.21,0.50,0.64,0.00,0.00,0.39,0.24
Sunteck Realty,512179,SUNTECK,INE805D01034,Realty,"Residential, Commercial Projects",308.10,412.51,4513.75,21.17,28.45,7.54,5.95,0.21,1.81,4.81,774.18,3596.39,55.42,32.46,63.14,0.00,18.12,-2.46,5.30,-0.31,13.42,-33.22,-27.91,-30.67,9.99,9.99,40.32,102.39,25.52,2.88,2.28,150.37,183.46,51.17,186.03,853.13,224.39,237.26,21.81,10.26,188.32,47.74,13.25,60.99,3.45,57.54,33.43,25.35,17.75,14.65,42.64,14.90,0.00,33.43,9.22
Super Sales Ind.,512527,,INE091C01017,Textiles & Apparels,Other Textile Products,1085.00,667.62,333.09,30.06,24.39,2.73,0.69,0.23,1.60,2.85,110.33,483.62,4.63,1186.27,59.43,0.00,0.00,0.00,0.00,0.00,40.58,-747.48,316.77,149.56,17.15,17.15,103.12,-18.61,411.36,29.30,5.73,-2.13,-1.72,8.67,23.57,403.77,6.88,31.87,5.84,-5.73,98.83,8.33,2.07,10.40,6.15,4.25,1.76,8.43,1.78,3.07,2.25,2.00,0.00,1.76,0.49
Supreme Inds.,509930,SUPREMEIND,INE195A01028,Industrial Products,Plastic Products - Industrial,3530.00,1408.32,44865.73,43.46,21.98,20.73,15.77,0.01,2.20,44.76,90.84,6143.66,8.71,16.02,48.96,0.00,17.08,-0.04,18.98,-0.16,14.88,-35.25,-36.34,-36.14,4.30,4.30,24.80,95.41,38.76,22.10,15.93,922.73,1239.03,177.90,1431.65,10446.25,1201.30,1559.92,13.70,75.64,2609.21,318.88,42.10,360.98,93.03,267.95,202.30,12.22,7.75,25.41,265.18,2.77,0.00,202.30,62.88
Supreme Petroch.,500405,SPLPETRO,INE663A01033,Chemicals & Petrochemicals,Petrochemicals,715.90,329.39,13486.47,27.51,15.97,18.79,14.11,0.05,1.71,46.66,126.08,2332.61,-3.29,40.25,64.24,0.00,3.80,0.11,4.14,-0.10,27.73,40.64,35.58,30.53,8.93,8.93,188.13,120.74,192.05,12.57,4.30,368.95,525.43,72.95,535.47,6023.38,511.45,579.39,8.89,20.77,1386.54,114.72,15.06,129.78,18.20,111.58,80.92,8.27,5.84,37.61,108.56,3.02,0.00,80.92,27.63
Suraj,531638,SURAJLTD,INE713C01016,Industrial Products,Iron & Steel Products,220.91,73.72,399.89,44.68,21.73,7.10,4.92,0.45,1.35,4.05,60.30,116.72,-15.18,-1.10,75.00,0.00,0.00,0.00,0.00,0.00,24.99,-14.74,-7.50,166.39,18.87,18.87,32.64,-50.21,109.03,1.76,0.84,11.21,16.89,4.23,28.28,233.74,20.88,31.78,12.10,6.38,50.34,4.84,1.37,6.21,2.83,3.38,1.55,9.61,3.08,18.36,2.17,1.21,0.00,1.55,0.63
Surana Solar,533298,SURANASOL,INE272L01022,Electrical Equipment,Heavy Electrical Equipment,26.27,11.02,128.92,20.14,33.62,3.15,2.18,0.00,3.20,38.85,0.00,32.86,21.57,9042.86,45.75,1.41,0.15,0.15,0.04,0.00,54.07,2620.00,2558.33,533.33,1.53,1.53,-134.55,-105.45,1842.86,1.11,0.06,0.22,0.04,1.18,0.56,38.80,0.15,1.68,1.44,0.01,2.09,-1.65,2.37,0.72,0.31,0.41,0.28,-78.95,13.40,24.60,0.37,0.04,0.00,0.28,0.08
Surbhi Industrie,514260,,INE899E01019,Textiles & Apparels,Other Textile Products,128.45,50.28,44.15,23.61,24.39,10.63,11.01,1.23,1.24,1.65,23.41,15.62,-20.66,-54.50,71.83,0.00,0.00,0.00,0.00,0.00,28.18,-59.09,-36.89,48.91,12.42,12.42,-9.87,-39.47,-25.00,1.05,1.40,3.29,2.96,3.42,3.61,35.93,4.50,7.03,10.05,9.57,8.18,1.52,0.41,1.93,0.91,1.02,0.48,18.58,5.87,3.44,0.48,0.54,0.00,0.48,0.00
Suryalata Spg.,514138,SURYALA,INE132C01027,Textiles & Apparels,Other Textile Products,410.90,785.36,174.34,4.91,24.39,14.05,12.63,0.29,1.61,10.85,85.35,294.36,-4.32,84.95,70.36,0.00,0.00,0.00,0.02,0.00,29.62,-45.42,-38.56,-23.03,3.77,3.77,9.74,42.57,1.03,13.83,13.69,15.37,18.91,4.75,37.95,494.70,26.25,42.70,7.67,36.02,126.09,12.52,0.10,12.62,4.10,8.52,5.84,9.93,4.63,4.27,7.31,1.21,0.00,5.84,1.47
Suryoday Small,543279,SURYODAY,INE428Q01011,Banks,Other Bank,163.73,348.79,1739.42,9.07,16.27,7.33,7.58,8.24,4.25,1.23,17116.40,1972.03,16.66,139.27,22.48,0.00,5.35,0.12,5.47,-0.25,66.70,51.21,16.49,0.11,0.00,0.00,39.99,39.84,113.10,7.07,3.32,114.89,143.84,217.25,829.79,1953.75,991.40,1046.99,42.47,10.82,495.17,186.21,108.65,294.86,0.00,294.86,35.28,37.61,7.12,106.28,46.83,248.03,0.00,35.28,11.55
Suzlon Energy,532667,SUZLON,INE040H01021,Electrical Equipment,Heavy Electrical Equipment,48.10,65.61,65591.09,20.86,33.62,35.07,40.64,0.06,1.65,5.77,555.78,6718.53,45.24,50.18,11.70,-0.03,24.15,0.30,11.12,1.94,53.02,-72.61,-45.98,-38.25,35.97,35.97,-0.64,60.91,-5.89,0.22,0.24,2077.40,1446.63,97.18,1863.44,10889.74,1707.23,1966.42,17.11,1.53,3131.72,599.07,33.47,632.54,70.24,562.30,324.32,19.13,10.36,2741.83,459.23,103.07,0.00,324.32,134.91
Swaraj Engines,500407,SWARAJENG,INE277A01016,Industrial Products,"Compressors, Pumps & Diesel Engines",3630.60,3546.45,4415.45,21.61,47.29,58.38,43.61,0.00,1.99,723.24,2.05,476.77,20.79,18.28,52.11,0.00,2.43,-0.39,8.78,-0.31,36.69,1.78,1.98,2.33,9.76,9.76,14.40,11.79,11.13,45.70,41.14,165.19,223.05,16.41,227.31,1681.89,222.32,242.66,13.52,136.64,484.10,67.10,5.66,72.76,5.49,67.27,49.97,13.86,10.32,12.15,67.17,0.10,0.00,49.97,17.20
Swarna Securitie,531003,,INE595G01018,Finance,Non Banking Financial Company (NBFC),99.99,30.39,29.99,44.11,21.17,11.34,9.01,0.00,56.67,,0.00,4.19,,-12.82,63.69,0.00,0.00,0.00,0.07,0.00,27.90,433.33,233.33,-48.28,,,-34.78,26.09,60.00,0.53,0.33,0.81,1.01,1.43,-0.37,0.00,1.01,1.06,,2.70,0.00,-0.23,0.34,0.11,0.01,0.10,0.10,,,3.00,0.10,0.00,0.00,0.10,0.01
Swastika Investm,530585,,INE691C01022,Capital Markets,Stockbroking & Allied,114.75,130.36,230.63,16.95,19.99,20.39,10.47,0.11,1.17,2.80,14.42,131.61,-12.54,-19.47,59.88,0.00,0.06,0.05,0.00,0.00,40.06,30.10,25.25,24.79,26.20,26.20,54.93,24.15,14.29,1.87,1.64,19.87,26.44,0.16,35.43,140.58,34.37,35.56,25.20,11.49,26.33,5.88,0.52,6.40,0.25,6.15,3.29,22.33,12.50,4.02,4.65,1.50,0.00,3.29,1.37
Swiggy,544285,SWIGGY,INE00H001014,Retailing,E-Retail/ E-Commerce,288.00,,79471.92,,52.74,-24.08,-29.07,0.14,2.68,-16.63,2551.00,18053.00,46.80,-0.92,0.00,0.00,13.96,-0.63,27.38,1.93,53.57,-1.13,-0.81,-6.73,16.25,16.25,-31.83,-26.91,-33.92,-2.87,-4.80,-3107.00,-3117.00,384.00,-2788.00,15227.00,-3006.00,-2394.00,-18.31,-13.63,4961.00,-955.00,87.00,-868.00,288.00,-1156.00,-1197.00,-19.25,-24.13,230.00,-1197.00,41.00,0.00,-1197.00,0.00
Syngene Intl.,539268,SYNGENE,INE398R01022,Healthcare Services,"Healthcare Research, Analytics & Technology",402.20,122.92,16246.10,54.86,44.60,9.99,7.78,0.09,1.09,9.13,458.40,4436.20,-3.41,-41.61,52.59,-0.09,11.82,-2.09,28.01,1.57,7.15,-106.09,-98.18,-70.07,14.13,14.13,-56.01,47.00,-110.38,-0.22,2.15,441.76,659.90,100.90,1044.70,3642.40,668.00,1100.60,28.68,12.33,874.50,206.40,17.70,224.10,111.20,112.90,86.70,23.60,9.91,402.90,101.30,11.60,0.00,86.70,14.60
Syrma SGS Tech.,543573,SYRMA,INE0DYJ01015,Industrial Manufacturing,Industrial Products,1360.60,562.37,26258.61,70.70,31.54,16.73,13.92,0.14,1.70,12.22,399.89,2669.56,53.01,84.00,42.28,0.00,7.51,0.91,15.90,-0.69,34.17,-11.36,-6.34,-7.22,33.69,33.69,86.55,101.06,111.72,5.19,2.79,158.87,237.07,47.28,323.32,3786.69,279.83,354.90,8.54,9.53,943.98,86.62,16.04,102.66,20.58,82.08,49.92,9.18,5.29,178.05,67.15,14.93,0.00,49.74,17.23
T N Merc. Bank,543596,TMB,INE668A01016,Banks,Private Sector Bank,861.55,913.50,13699.87,9.49,14.36,7.51,13.99,6.24,1.90,1.58,65948.90,10403.67,12.96,20.33,0.00,0.00,6.73,0.54,1.96,0.05,91.32,10.13,7.78,9.79,0.00,0.00,24.17,13.10,34.97,25.99,19.25,1182.21,1574.89,850.49,3800.97,5291.27,4564.70,4650.93,71.83,74.68,1386.24,979.38,231.23,1210.61,0.00,1210.61,304.89,70.65,21.99,158.35,403.92,806.69,0.00,304.89,99.03
T R I L,532928,TARIL,INE763I01026,Electrical Equipment,Heavy Electrical Equipment,295.50,190.36,8863.92,34.28,33.62,23.30,19.11,0.30,1.82,7.51,456.65,1484.81,14.60,-0.16,64.36,0.00,7.80,-0.53,1.54,-0.23,26.32,-29.65,-23.17,-21.22,34.77,34.77,5.84,34.35,-4.70,2.05,2.24,211.80,284.84,34.95,327.45,2016.93,332.03,358.99,16.24,7.14,529.33,88.19,20.31,108.50,7.55,100.95,67.46,16.66,12.74,30.02,90.48,10.47,0.00,67.35,23.02
TajGVK Hotels,532390,TAJGVK,INE586B01026,Leisure Services,Hotels & Resorts,363.45,657.10,2284.54,15.91,28.87,13.25,18.36,0.13,1.26,31.03,128.13,1011.71,22.41,13.76,71.00,0.00,0.41,0.09,4.08,0.06,24.49,-90.10,1.18,5.90,9.01,9.01,57.16,48.40,21.86,5.05,4.14,117.22,128.60,11.61,139.04,449.68,137.48,150.68,30.92,18.69,106.39,31.86,1.69,33.55,3.25,30.30,25.98,29.95,24.42,12.54,29.14,1.16,0.00,25.98,8.04
Tamboli Industri,533170,TAMBOLIIN,INE864J01012,Finance,Holding Company,210.46,132.49,206.05,18.65,14.58,11.98,8.80,0.02,6.70,40.87,2.43,112.53,14.87,45.59,52.83,0.00,0.00,0.00,0.00,0.00,47.16,-49.02,-49.03,-36.33,26.98,26.98,70.45,167.73,64.57,2.11,1.28,7.65,10.54,1.40,14.49,68.74,11.10,15.85,21.08,7.77,16.71,2.20,0.76,2.96,1.14,1.82,1.27,13.17,7.60,9.92,1.70,0.12,0.00,1.27,0.43
Tanfac Inds.,506854,,INE639B01023,Chemicals & Petrochemicals,Commodity Chemicals,3182.15,1175.55,6749.00,99.78,21.02,23.66,20.47,0.25,1.77,24.64,92.81,363.19,13.27,-29.69,48.73,-3.09,1.53,1.50,4.16,3.83,45.58,-6.60,-5.25,-5.83,15.29,15.29,-1.38,4.73,-12.92,7.94,9.68,86.93,118.76,2.96,131.05,556.98,121.90,132.36,23.53,44.08,176.00,28.97,0.95,29.92,3.88,26.04,19.35,16.46,10.99,9.98,24.65,1.39,0.00,19.35,5.29
Tanla Platforms,532790,TANLA,INE483C01032,IT - Software,Software Products,614.15,722.12,8138.45,15.27,28.92,26.32,21.41,0.02,2.28,162.41,52.71,2474.74,13.21,10.00,46.17,0.00,7.63,0.03,0.38,0.10,45.35,5.84,9.01,4.86,21.47,21.47,22.71,17.02,20.07,10.72,8.80,507.28,627.31,40.22,692.42,4027.72,634.87,732.64,17.19,37.68,1040.66,163.92,12.01,175.93,27.15,148.78,118.41,15.75,11.38,13.46,147.44,1.34,0.00,118.41,29.04
Tata Capital,544574,TATACAP,INE976I01016,Finance,Non Banking Financial Company (NBFC),364.75,278.14,155022.51,28.52,21.17,8.58,12.36,5.15,1.25,1.45,236375.92,41644.80,11.09,29.63,85.41,0.00,5.17,0.29,3.57,-0.03,5.19,11.04,8.91,8.88,0.63,0.63,20.59,10.75,56.42,3.65,2.48,3653.95,4918.56,47.39,20290.83,28322.48,19939.68,20329.70,71.64,9.64,7664.81,5539.02,26.84,5565.86,118.05,5447.81,1040.93,72.27,13.58,3762.44,1382.19,4065.62,0.00,989.89,341.26
Tata Chemicals,500770,TATACHEM,INE092A01019,Chemicals & Petrochemicals,Commodity Chemicals,674.65,,17192.49,,21.02,3.42,1.27,0.38,0.96,1.42,8001.00,20951.00,2.04,-192.92,37.98,0.00,12.06,0.16,21.11,-1.72,28.81,-102.84,3125.00,96.35,13.81,13.81,-17.10,-57.78,-81.01,-0.67,9.89,263.24,554.00,287.00,1953.00,14887.00,1154.00,2277.00,13.12,9.22,3719.00,649.00,138.00,787.00,280.00,507.00,316.00,17.45,8.50,255.00,360.00,147.00,0.00,252.00,44.00
Tata Comm,500483,TATACOMM,INE151A01013,Telecom - Services,Telecom - Cellular & Fixed line services,1780.10,319.66,50718.50,48.74,48.44,14.63,32.61,3.55,0.47,3.00,12248.90,3162.04,8.30,-0.07,58.86,0.00,13.75,-0.69,19.85,0.71,7.53,-49.97,-15.43,-4.19,16.41,16.41,8.21,12.94,-31.78,4.71,6.67,1331.60,2280.73,1032.86,4569.03,23108.59,2102.11,4694.21,19.77,64.43,5959.85,1136.81,-45.53,1153.91,665.69,488.22,190.14,19.07,4.10,285.00,249.06,176.53,-62.63,244.11,65.43
Tata Consumer,500800,TATACONSUM,INE192A01025,Agricultural Food & other Products,Tea & Coffee,1110.00,265.69,109881.80,66.62,25.33,9.24,7.35,0.13,1.44,17.29,2819.51,21688.57,15.60,25.43,33.83,0.00,20.08,-0.71,24.99,0.81,21.06,0.75,-7.13,-8.62,5.50,5.50,19.31,30.56,28.77,4.31,3.38,1263.22,1776.55,188.14,2479.35,17618.30,2047.07,2647.81,14.07,12.92,4778.91,606.94,41.17,648.11,148.93,499.18,331.75,12.70,6.94,98.95,465.42,33.76,0.00,334.15,118.98
Tata Elxsi,500408,TATAELXSI,INE670A01012,IT - Software,Computers - Software & Consulting,3761.90,2257.48,23426.27,33.23,23.39,30.00,23.58,0.05,3.92,67.50,162.28,2979.04,5.19,-5.40,43.90,0.00,9.85,-1.23,11.03,-0.36,35.20,-22.58,-13.51,-11.69,27.77,27.77,15.68,30.99,18.17,27.38,23.18,784.81,1028.40,179.31,974.16,3729.05,1048.43,1153.30,26.12,126.03,892.10,186.71,38.47,225.18,24.27,200.91,144.37,20.93,16.18,62.28,196.35,4.56,0.00,144.37,51.98
Tata Power Co.,500400,TATAPOWER,INE245A01021,Power,Integrated Power Utilities,382.00,186.26,122094.05,31.18,29.78,10.53,10.21,1.93,0.74,2.29,76141.27,39147.65,-4.19,-5.00,46.86,0.00,10.03,-0.01,18.12,0.14,24.66,-1.04,1.37,48.52,6.97,6.97,8.28,-27.09,10.98,3.68,3.32,3983.56,6319.62,2689.33,12449.59,65478.24,11040.83,15157.69,19.01,12.43,18035.07,3565.17,494.42,4059.59,1160.91,2898.68,1262.32,19.77,7.00,319.56,1619.46,1279.22,0.00,1059.86,357.14
Tata Steel,500470,TATASTEEL,INE081A01020,Ferrous Metals,Iron & Steel,191.00,102.03,238297.19,20.14,17.28,12.52,11.71,0.90,0.74,3.54,92381.68,100920.21,10.51,147.26,32.94,-0.25,18.90,0.32,26.44,-0.23,21.52,-19.55,-14.25,-5.74,2.05,2.05,24.73,32.33,18.82,1.86,1.66,3565.78,8412.87,876.70,25298.45,218542.51,16139.85,26561.18,11.58,2.74,53178.12,7427.54,236.27,7795.93,2744.30,5051.63,2007.36,13.97,3.94,1247.44,3067.08,1852.43,-132.12,2164.15,1059.72
Tata Technolog.,544028,TATATECH,INE142M01025,IT - Services,IT Enabled Services,763.80,318.04,31020.47,47.66,24.65,20.90,16.34,0.24,1.32,20.83,937.98,3842.17,15.21,-5.02,55.17,-0.01,6.30,0.53,4.48,1.04,34.04,-11.47,9.94,6.07,20.03,20.03,33.63,25.98,6.15,4.45,4.20,676.95,921.40,128.19,934.05,5168.45,941.03,1062.24,18.07,16.69,1244.29,200.14,68.37,268.51,31.33,237.18,170.28,16.08,13.68,81.13,232.55,4.63,0.00,170.28,62.27
Tata Tele. Mah.,532371,TTML,INE517B01013,Telecom - Services,Telecom - Cellular & Fixed line services,40.21,,7862.74,,48.44,55.65,,,0.01,0.45,20868.92,-21938.31,-7.19,51.20,74.36,0.00,2.52,-0.08,0.18,0.01,22.94,-112.42,0.40,0.91,8.11,8.11,12.51,11.49,-77.80,-0.37,-1.66,-1281.52,-1275.32,15.87,570.78,1308.04,412.52,580.45,43.64,-6.52,284.25,146.55,-1.69,148.66,36.95,111.71,-324.98,51.56,-112.99,1954.93,-324.98,432.89,-3.80,-321.18,0.00
Tatva Chintan,543321,TATVA,INE0GK401011,Chemicals & Petrochemicals,Specialty Chemicals,1771.00,270.96,4135.80,78.94,28.94,7.14,5.53,0.15,1.64,16.56,120.37,758.37,41.09,631.70,72.02,0.00,3.93,0.12,3.11,0.12,20.94,54.84,36.02,14.82,21.41,21.41,86.49,62.41,140.30,6.83,2.84,5.74,7.58,2.20,34.55,382.71,9.13,36.79,9.03,2.44,116.86,17.32,1.16,18.48,8.97,9.51,6.65,14.82,5.69,23.39,9.10,0.41,0.00,6.65,2.45
TBO Tek,544174,TBOTEK,INE673O01025,Leisure Services,"Tour, Travel Related Services",1615.90,1056.35,17526.10,65.15,33.00,18.00,17.65,0.49,1.08,7.18,756.14,1539.80,68.93,25.18,44.40,0.00,28.93,-0.78,21.09,0.75,4.02,38.70,33.61,31.01,171.87,171.87,86.32,42.22,32.38,7.68,5.80,214.17,274.57,74.54,284.83,1737.47,288.71,340.59,16.39,21.17,511.28,74.07,20.47,86.80,13.96,72.84,62.97,14.49,11.08,10.86,75.32,5.26,7.74,56.66,12.34
TCC Concept,512038,TCC,INE887D01016,Retailing,Internet & Catalogue Retail,291.50,972.41,1380.20,20.97,21.45,5.65,5.35,0.18,1.10,2.67,291.05,1594.69,205.31,42.81,45.69,0.00,2.63,0.00,2.26,-0.01,49.42,-59.17,-3.50,65.60,20.25,20.25,158.20,55.92,34.29,2.58,2.64,42.10,54.95,6.33,60.29,83.22,56.77,66.62,72.45,11.80,22.11,17.92,1.35,19.27,4.78,14.49,9.42,81.05,42.61,35.67,13.46,1.03,0.00,9.42,4.04
TCS,532540,TCS,INE467B01029,IT - Software,Computers - Software & Consulting,2473.70,1787.59,895006.31,16.67,23.39,63.03,51.81,0.11,1.67,55.90,11283.00,106878.00,7.70,8.97,71.77,0.00,9.07,-0.59,13.41,0.07,5.69,-2.64,1.39,-3.74,24.55,24.55,9.96,14.23,4.69,36.90,35.27,48514.18,65331.00,3962.00,67407.00,255324.00,66096.00,71338.00,26.40,134.20,63437.00,16875.00,1660.00,18535.00,1361.00,17174.00,12819.00,26.60,20.21,362.00,16979.00,195.00,0.00,12760.00,4160.00
Team Lease Serv.,539658,TEAMLEASE,INE985S01024,Commercial Services & Supplies,Diversified Commercial Services,1239.80,1700.47,2075.65,13.57,19.78,15.36,14.84,0.11,1.45,12.69,116.27,1026.53,4.49,33.61,31.11,0.00,6.95,0.19,47.81,-1.79,14.12,-25.19,-27.11,-31.06,4.55,4.55,2.68,48.94,37.74,20.79,15.83,103.80,114.50,44.89,138.09,11155.87,123.94,177.62,1.24,64.86,2891.40,30.65,12.93,43.58,13.58,30.00,25.01,1.06,0.86,16.77,26.26,3.74,0.00,26.54,1.25
Tech Mahindra,532755,TECHM,INE669C01036,IT - Software,Computers - Software & Consulting,1649.00,661.06,161586.62,30.37,23.39,23.12,17.53,0.07,1.67,20.60,2186.20,29172.60,10.95,17.18,34.96,-0.01,18.66,0.07,36.92,-0.42,9.28,9.58,14.57,6.74,22.57,22.57,41.49,32.55,31.67,14.95,11.65,3645.69,5653.20,864.00,6963.80,52988.30,5521.30,7374.20,13.14,43.43,13351.20,1935.20,218.80,2154.00,458.10,1695.90,1128.80,14.49,8.45,442.50,1618.10,77.80,0.00,1140.60,489.30
Teesta Agro Ind.,524204,,INE757D01011,Fertilizers & Agrochemicals,Fertilizers,112.55,323.92,63.14,7.60,15.20,8.88,6.76,0.27,1.88,10.08,33.68,121.24,17.01,14.94,44.37,0.00,0.00,0.00,3.75,0.00,51.88,-67.31,-65.36,-60.80,9.37,9.37,31.61,235.75,9.68,1.82,1.66,6.84,9.43,0.58,12.69,187.71,10.45,13.34,6.76,12.10,37.23,1.93,0.10,2.03,0.57,1.46,0.93,5.18,2.50,5.61,1.28,0.18,0.00,0.93,0.35
Tejas Networks,540595,TEJASNET,INE010J01012,Telecom -  Equipment & Accessories,Telecom -  Equipment & Accessories,519.60,,9236.73,,48.99,-14.64,-26.82,1.43,1.14,-3.24,4177.08,2749.86,-82.76,-623.61,53.33,-0.07,5.82,0.53,4.04,-0.28,36.68,-4.31,-11.03,-15.09,249.83,249.83,-26.03,-12.88,4.32,-11.36,-10.98,446.77,698.24,45.05,1258.20,8923.21,950.43,1303.62,14.10,25.32,201.98,-135.67,9.55,-126.12,96.46,-222.58,-193.87,-67.17,-95.98,179.89,-297.35,74.77,0.00,-193.87,-103.48
Telge Projects,544544,,INE0SRP01014,Construction,Civil Construction,163.00,417.96,159.58,20.91,18.04,23.85,22.33,0.18,5.22,8.95,7.76,34.52,60.33,21.22,72.16,0.51,1.14,-0.60,8.08,-2.08,18.61,-14.81,-16.49,-14.52,28.99,28.99,231.75,288.10,145.08,2.89,1.64,4.90,7.11,0.57,8.33,25.08,8.03,8.48,33.21,50.68,8.49,1.26,0.58,1.84,0.15,1.69,1.22,14.84,14.37,7.20,1.55,0.14,0.00,1.18,0.32
Texmaco Infrast.,505400,TEXINFRA,INE435C01024,Commercial Services & Supplies,Diversified Commercial Services,113.93,21.83,1447.84,159.63,19.78,1.45,0.91,0.03,1.76,6.78,28.05,1053.98,5.45,315.95,66.55,0.15,1.71,0.20,2.26,-0.02,29.49,134.78,81.05,-3.83,2.53,2.53,300.00,315.91,-52.35,0.12,0.26,-7.21,5.05,17.15,-7.12,15.87,7.60,10.03,-44.86,-0.57,4.05,-0.44,6.41,5.97,0.62,5.35,3.40,-10.86,83.95,12.74,4.76,0.59,0.00,3.37,1.36
Texmaco Rail,533326,TEXRAIL,INE621L01012,Industrial Manufacturing,Railway Wagons,112.91,115.09,4591.43,21.15,61.91,11.38,7.63,0.38,1.64,3.39,894.71,2333.45,-14.32,-1.00,48.34,0.00,5.01,-2.21,5.13,-0.66,41.52,-13.71,-34.22,-46.44,29.55,29.55,-19.63,50.07,70.75,1.23,0.75,242.31,344.60,57.68,467.25,5106.57,472.74,515.89,9.15,6.24,910.60,70.92,14.32,85.24,10.87,74.37,29.33,7.79,3.22,39.95,43.65,30.72,0.00,29.99,14.32
TGB Banquets,532845,TGBHOTELS,INE797H01018,Leisure Services,Hotels & Resorts,9.27,10.21,27.29,18.95,28.87,3.14,1.86,0.16,3.06,2.03,12.45,48.27,-3.46,-27.27,31.22,0.00,0.00,0.00,0.00,0.00,68.77,-50.00,-27.14,-15.88,22.64,22.64,-13.33,3.03,5.56,0.06,0.06,1.94,1.93,1.63,7.37,38.06,3.74,9.00,19.36,0.66,8.87,1.65,0.23,1.88,1.31,0.57,0.18,18.60,2.03,29.29,0.18,0.39,0.00,0.18,0.00
Thangamayil Jew.,533158,THANGAMAYL,INE085J01014,Consumer Durables,"Gems, Jewellery And Watches",4965.50,2311.82,15412.25,39.24,19.54,25.49,28.07,0.64,1.54,8.42,913.21,1384.92,83.21,264.16,61.61,0.00,5.54,1.17,16.43,-0.98,16.43,-40.35,-34.27,-32.54,0.25,0.25,66.32,146.53,86.15,27.38,14.71,118.71,159.92,5.72,218.96,4910.58,200.99,224.68,4.46,38.19,1557.86,86.97,0.00,86.97,6.82,80.15,45.71,5.58,2.93,31.08,65.13,15.02,0.00,45.71,19.42
Thermax,500411,THERMAX,INE152A01029,Electrical Equipment,Heavy Electrical Equipment,4122.20,975.53,48907.35,88.86,33.62,13.94,10.55,0.42,1.00,6.40,2352.53,5527.44,4.74,-17.98,61.99,0.00,11.46,0.21,15.22,-0.27,5.88,-91.08,-79.34,-81.67,20.34,20.34,-69.49,66.42,-85.61,2.12,12.79,480.15,884.47,249.59,910.17,10387.05,885.98,1044.49,8.76,53.25,2157.53,224.92,65.63,290.55,48.88,241.67,151.45,10.42,7.02,22.53,211.47,30.20,0.00,152.38,60.02
Thyrocare Tech.,539871,THYROCARE,INE594H01019,Healthcare Services,Healthcare Service Provider,592.55,199.82,9428.90,52.17,46.52,35.38,28.40,0.09,2.01,71.28,50.69,426.33,21.09,69.85,60.92,0.00,5.43,0.06,20.92,-0.08,12.71,5.40,5.60,2.90,8.43,8.43,33.75,29.98,34.06,3.28,2.45,86.69,145.44,14.83,189.61,687.35,141.45,196.71,27.59,5.76,193.03,57.77,4.90,62.67,11.41,51.26,38.29,29.93,19.84,52.99,50.48,0.78,0.00,38.93,12.19
Tilaknagar Inds.,507205,TI,INE133E01013,Beverages,Breweries & Distilleries,465.80,,11533.53,51.03,51.47,11.78,13.09,0.77,2.50,2.28,2301.21,2734.54,100.02,-18.70,31.67,-0.04,16.88,0.01,6.28,0.36,45.16,-311.87,10.26,9.28,42.16,42.16,78.83,63.64,-64.31,1.28,4.57,227.50,229.78,17.53,254.92,1434.15,239.85,270.36,17.77,11.86,409.14,94.46,4.26,98.72,7.29,91.43,88.51,23.09,21.63,193.81,88.62,2.81,0.00,88.51,0.00
Timex Group,500414,TIMEX,INE064A01026,Consumer Durables,"Gems, Jewellery And Watches",549.25,153.75,5572.95,62.46,19.54,82.85,157.63,0.95,1.81,23.82,71.41,65.29,41.81,104.35,51.00,0.00,2.50,1.18,1.37,0.86,45.11,-8.49,-13.15,-12.73,6.85,6.85,62.80,86.55,70.55,2.48,1.45,31.47,42.77,1.65,48.11,538.10,46.53,49.83,8.94,3.11,168.94,21.64,0.31,21.95,0.81,21.14,14.67,12.81,8.68,10.10,19.87,1.27,0.00,14.67,5.20
Tinna Rubber,530475,TINNARUBR,INE015C01016,Industrial Products,Rubber,1106.80,894.38,1995.78,32.36,23.36,22.31,22.09,0.43,1.12,8.83,129.14,282.41,14.43,38.20,67.21,-0.37,0.49,0.13,4.18,-1.44,27.82,24.44,17.84,19.87,11.71,11.71,63.06,36.03,75.21,11.42,6.52,47.72,63.25,7.55,76.88,505.35,73.89,83.59,15.21,28.23,130.27,20.79,0.73,21.52,2.85,18.67,11.74,15.96,9.01,18.02,15.63,3.04,0.00,11.74,3.89
Tips Music,532375,TIPSMUSIC,INE716B01029,Entertainment,Media & Entertainment,688.55,387.62,8791.32,40.96,46.50,122.19,92.33,0.02,3.12,1203.71,5.10,247.17,21.28,27.11,64.15,0.00,7.99,0.51,5.36,0.42,22.49,-26.01,-27.07,-30.38,8.72,8.72,-5.25,36.09,-4.67,3.42,3.59,161.21,223.18,18.99,206.69,310.69,216.30,218.50,66.53,13.03,88.07,56.52,5.69,62.21,0.62,61.59,45.84,64.18,52.05,12.78,61.53,0.06,0.00,45.84,15.69
Tokyo Finance,531644,,INE546D01018,Finance,Non Banking Financial Company (NBFC),17.80,9.10,12.41,62.03,21.17,1.46,1.46,0.00,0.63,,0.00,4.79,3.66,-55.56,65.67,0.00,0.00,0.00,0.00,0.00,34.33,0.00,0.00,0.00,0.00,0.00,100.00,100.00,100.00,0.09,0.04,0.23,0.23,0.00,0.23,0.83,0.23,0.23,27.71,0.33,0.21,0.03,0.00,0.03,0.00,0.03,0.03,14.29,14.29,6.94,0.03,0.00,0.00,0.03,0.00
Tokyo Plast Intl,500418,TOKYOPLAST,INE932C01012,Consumer Durables,Plastic Products - Consumer,79.00,18.55,75.06,214.44,24.85,3.94,1.01,0.77,1.08,1.31,48.38,53.19,11.04,-66.02,68.89,0.07,0.00,0.00,0.00,0.00,31.09,-600.00,-63.64,-36.99,18.40,18.40,-28.29,13.82,-350.00,-0.21,0.08,1.29,1.71,0.20,6.59,72.47,3.80,6.76,9.09,1.38,18.21,1.52,0.00,1.52,0.77,0.75,0.08,8.35,0.44,9.50,0.10,0.65,0.00,0.08,0.02
Torrent Pharma.,500420,TORNTPHARM,INE685A01028,Pharmaceuticals & Biotechnology,Pharmaceuticals,5050.00,842.43,192838.64,86.43,33.57,15.19,27.43,1.79,1.02,5.70,15025.50,8219.20,32.85,10.49,60.78,-7.53,17.97,1.79,12.77,3.81,8.39,55.49,27.44,22.71,19.28,19.28,61.24,31.40,3.28,16.72,16.19,1915.63,2672.81,-0.94,3720.99,11516.09,2931.26,3726.19,32.31,56.47,3178.00,1032.00,-37.00,995.00,201.00,794.00,548.00,32.47,17.24,169.23,738.00,56.00,0.00,548.00,190.00
Torrent Power,532779,TORNTPOWER,INE813H01021,Power,Integrated Power Utilities,1391.70,601.32,70133.22,30.18,29.78,13.66,12.47,0.73,0.80,4.21,13970.56,18571.43,4.09,-15.43,51.09,0.00,8.53,0.13,22.69,-0.13,9.37,99.66,52.42,33.81,7.98,7.98,3.70,-22.50,-10.75,12.68,14.52,2741.65,3252.58,472.99,5321.58,29165.26,4091.24,5588.36,18.25,59.31,7906.37,1483.06,104.67,1587.73,390.27,1197.46,741.58,18.76,9.38,503.90,985.34,212.12,0.00,731.44,243.76
Tour. Fin. Corp.,526650,TFCILTD,INE305A01023,Finance,Financial Institution,105.62,31.42,4885.65,31.70,17.42,11.13,9.75,0.82,4.97,3.01,1077.61,1222.54,14.77,41.43,3.85,0.00,5.46,2.69,0.00,-0.05,90.69,91.16,60.37,8.05,0.00,0.00,22.08,12.99,100.29,1.32,0.66,95.47,128.02,7.56,221.46,252.50,221.20,222.03,87.71,2.24,63.71,57.74,2.11,59.85,0.14,59.71,30.56,90.63,47.97,92.60,38.16,21.55,0.00,30.56,7.60
Transcorp Intl.,532410,,INE330E01023,Finance,Other Financial Services,26.02,28.75,83.30,8.72,26.72,15.30,12.02,0.20,1.48,8.87,14.81,66.68,-25.18,1079.01,72.69,-0.13,0.00,0.00,0.01,0.00,27.29,-44.25,-41.21,-59.75,1.52,1.52,61.98,302.48,113.73,0.68,0.32,9.88,11.71,9.81,6.67,1434.90,14.59,16.22,0.46,3.19,229.25,1.21,1.10,2.31,0.37,1.94,1.02,0.53,0.44,6.39,1.38,0.56,0.00,1.02,0.36
Transport Corp.,532349,TCI,INE688A01022,Transport Services,Logistics Solution Provider,914.60,953.68,7028.11,15.39,25.21,19.45,19.22,0.12,2.34,21.45,312.40,2550.64,9.59,6.68,68.66,-0.08,3.04,0.01,12.69,-0.17,15.61,-14.38,-10.42,-5.06,16.24,16.24,11.74,17.69,-0.56,13.76,13.89,411.33,459.39,134.82,462.56,4491.78,478.58,596.41,10.30,53.83,1139.30,121.00,31.00,152.00,28.80,123.20,107.20,10.62,9.41,15.30,117.80,5.40,0.00,106.50,10.60
Transwar.Fin.,532812,TFL,INE804H01012,Finance,Non Banking Financial Company (NBFC),11.14,,63.69,,21.17,-0.38,-12.49,1.07,3.21,0.06,30.67,-26.47,-12.07,4.73,53.99,0.00,0.00,0.00,0.00,0.00,46.02,-91.43,1380.00,-147.32,0.92,0.92,120.83,-566.67,-85.71,-0.02,-0.16,-3.11,-4.77,-1.77,1.13,15.41,0.96,1.46,7.33,-0.94,3.95,0.24,0.17,0.41,0.12,0.29,-0.84,6.08,-21.27,53.97,-0.84,1.13,0.00,-0.84,0.00
TRF,505854,TRF,INE391D01019,Industrial Manufacturing,Industrial Products,228.56,,251.72,48.04,31.54,9.42,,1.54,0.60,1.32,552.26,-349.24,-17.73,-78.45,34.12,0.00,0.30,-0.19,0.02,0.00,65.53,-127.21,-316.89,-121.28,28.56,28.56,-58.44,-295.31,-46.44,1.71,3.19,19.65,30.93,18.05,29.46,120.73,38.94,41.46,24.40,23.44,23.42,3.20,3.78,6.98,0.66,6.32,3.51,13.66,14.99,11.00,3.51,2.81,0.00,3.51,0.00
Trident,521064,TRIDENT,INE064C01022,Textiles & Apparels,Other Textile Products,24.94,9.71,12704.18,32.14,24.39,9.79,7.91,0.38,1.57,5.87,1828.53,4261.82,-2.45,-9.37,73.68,0.00,3.18,0.11,0.25,0.03,22.89,55.02,37.83,31.89,3.64,3.64,2.72,-22.11,12.95,0.31,0.27,366.63,474.55,75.30,895.63,6987.08,602.18,968.38,12.82,0.73,1706.89,291.86,20.01,311.87,92.79,219.08,139.96,17.10,8.20,509.60,187.74,31.34,0.00,139.96,47.78
Trident Lifeline,543616,,INE0MKA01014,Pharmaceuticals & Biotechnology,Pharmaceuticals,264.05,500.15,315.09,15.00,33.57,20.56,23.10,0.73,1.59,8.74,72.99,88.47,65.75,31.23,62.59,-0.27,5.25,-1.99,0.26,-0.01,31.90,-25.44,-34.36,-22.47,52.34,52.34,64.80,112.57,82.37,4.22,2.66,11.75,13.62,8.23,15.02,86.92,17.76,23.25,17.28,10.22,23.61,5.17,1.35,6.52,1.46,5.06,2.78,21.90,11.77,11.50,3.93,1.13,0.00,3.06,1.15
Trio Merc. Trad.,534755,,INE234G01022,Finance,Other Financial Services,2.90,,19.70,984.98,26.72,0.53,0.04,0.06,2.54,1.67,1.50,10.22,95.71,133.33,4.81,0.00,0.00,0.00,0.03,0.00,95.17,-25.00,-40.00,75.00,0.00,0.00,75.00,0.00,-25.00,0.01,0.01,-0.05,-0.05,0.72,-0.76,1.65,-0.04,-0.04,-46.06,-0.01,0.42,-0.08,0.18,0.10,0.00,0.10,0.08,-19.05,19.05,13.59,0.10,0.00,0.00,0.08,0.03
Trishakti Indus,531279,,INE238C01022,Commercial Services & Supplies,Diversified Commercial Services,222.30,149.55,366.28,33.15,19.78,14.17,21.62,1.90,0.37,3.77,85.17,41.44,275.76,245.31,68.97,0.36,0.00,0.00,1.95,-0.30,29.07,59.85,48.25,149.56,41.14,41.14,213.33,25.56,372.53,2.61,0.56,3.58,3.63,1.99,4.29,14.99,5.14,6.32,28.62,2.17,4.08,2.70,0.02,2.72,0.74,1.98,0.91,66.18,22.30,3.28,1.21,0.77,0.00,0.91,0.30
Triven.Engg.Ind.,532356,TRIVENI,INE256C01024,Agricultural Food & other Products,Sugar,232.30,162.40,5100.61,19.48,15.92,6.75,6.13,0.65,1.49,4.70,2161.01,3320.94,3.98,27.55,60.58,-0.40,7.69,0.25,7.64,-0.57,24.10,-97.82,-83.03,-77.53,9.06,9.06,43.84,540.24,73.81,0.17,0.10,244.45,324.23,54.35,479.49,5689.24,409.39,535.55,8.43,11.11,1547.93,36.88,31.82,59.98,30.82,29.16,2.10,2.38,-0.43,21.89,-0.01,37.89,8.72,-6.62,-2.11
Triveni Glass,502281,,INE094C01011,Other Construction Materials,Other Construction Materials,8.40,,10.60,,19.53,-20.39,,,0.15,,18.72,-28.08,,-48.57,5.46,0.00,2.76,0.00,3.46,0.00,88.33,-159.26,-159.26,22.22,,,131.58,89.47,-328.57,0.13,-0.06,0.06,0.09,1.00,-0.87,0.00,0.06,0.10,,0.07,0.00,-0.19,0.13,-0.06,0.01,-0.07,-0.07,,,12.62,-0.07,0.00,0.00,-0.07,0.00
TruAlt Bioenergy,544545,TRUALT,INE0MWH01014,Agricultural Food & other Products,Other Agricultural Products,437.85,640.08,3759.12,24.03,19.09,10.82,9.09,1.09,1.36,2.28,1651.51,1434.58,1.80,-9.56,70.55,0.00,0.57,-0.09,8.36,-1.04,20.51,-13.90,-11.08,2.68,19.81,19.81,219.60,211.27,1153.07,6.66,0.67,146.64,159.45,60.80,309.15,1907.72,303.06,369.95,16.21,20.76,303.89,41.54,22.74,64.28,20.69,43.59,4.73,13.67,1.56,70.63,5.80,37.79,0.00,4.73,1.07
Trustedgecapital,532056,,INE398H01015,Finance,Investment Company,134.90,25.53,124.48,108.24,36.02,0.91,1.41,0.18,0.72,4.84,10.00,46.03,349.38,818.75,74.99,0.00,0.00,0.00,1.01,1.01,24.01,-29.69,84.31,85.11,0.00,0.00,-514.29,-323.81,-381.25,0.49,-0.17,0.16,0.22,0.00,0.22,1.09,0.22,0.22,20.18,0.21,0.78,-0.21,0.00,-0.21,0.00,-0.21,-0.16,-26.92,-20.51,5.85,-0.21,0.00,0.00,-0.16,-0.04
TTK Prestige,517506,TTKPRESTIG,INE690A01028,Consumer Durables,Household Appliances,644.30,180.97,8818.56,42.61,48.95,12.10,8.97,0.09,3.06,20.01,173.53,1966.19,16.15,37.86,70.52,0.00,7.85,0.01,14.70,0.22,6.94,63.44,26.86,21.95,8.96,8.96,102.25,65.86,130.17,4.33,1.94,147.00,174.58,4.57,257.58,2714.78,249.65,320.36,9.49,8.21,609.30,40.36,17.38,57.74,18.61,39.13,25.62,6.62,4.20,13.69,35.24,3.89,0.00,26.63,9.62
TVS Holdings,520056,TVSHLTD,INE105A01035,Finance,Investment Company,14836.00,14521.39,30051.07,15.12,36.02,16.95,30.61,5.59,1.00,3.19,36156.34,6455.61,31.68,55.82,74.45,0.00,3.25,-0.04,9.79,-0.04,12.50,35.62,16.72,15.70,4.30,4.30,38.65,19.84,73.77,302.10,166.11,1136.59,3623.54,69.58,6843.96,44993.16,5772.06,6838.91,15.21,576.33,12742.19,2001.62,11.45,2013.07,331.87,1681.20,675.36,15.71,5.30,10.12,1018.58,662.62,0.00,335.55,343.22
TVS Infra. Trust,,TVSINVIT,INE1JNC23012,Commercial Services & Supplies,Diversified Commercial Services,116.05,85.03,2288.51,44.23,19.78,,1.80,0.55,3.60,1.40,1042.41,-11.42,,,,,,,,,,213.43,21.44,17.55,4.47,4.47,,,,0.90,,,,,,,,,,,,,,,,,,,,,,,,,
TVS Motor Co.,532343,TVSMOTOR,INE494B01023,Automobiles,2/3 Wheelers,4389.00,994.74,208658.45,60.32,38.00,17.37,33.62,3.43,0.97,3.38,32791.01,9516.74,30.52,45.93,50.27,0.00,20.45,-2.11,21.12,2.28,8.12,29.05,15.20,7.89,4.41,4.41,29.96,20.46,64.52,21.46,12.84,2119.65,3535.26,86.47,6587.60,44089.01,5506.29,6551.85,14.94,47.06,12210.05,1802.92,39.66,1842.58,314.83,1527.75,642.86,14.77,5.27,47.51,977.19,550.56,0.00,610.04,334.33
UCO Bank,532505,UCOBANK,INE691A01018,Banks,Public Sector Bank,26.31,36.66,32978.98,11.71,7.28,5.55,8.61,10.50,3.37,1.37,357182.97,21488.91,5.35,12.60,90.95,0.00,0.06,-0.02,4.30,-0.09,4.68,-18.08,27.86,10.83,0.00,0.00,27.49,15.03,8.05,0.52,0.48,2444.43,3833.58,4406.63,15175.04,25066.91,19270.00,19581.26,60.54,1.95,6436.01,3981.78,997.20,4978.98,0.00,4978.98,607.44,61.87,9.44,12539.56,946.20,4032.78,0.00,607.44,338.76
UFO Moviez,539141,UFO,INE527H01019,Entertainment,"Film Production, Distribution & Exhibition",68.86,104.76,267.67,11.14,78.24,11.19,6.33,0.29,1.57,3.59,93.50,286.38,11.74,20.63,16.46,-5.87,0.93,0.09,24.21,-0.01,58.42,25.89,12.85,2.72,33.36,33.36,4.91,2.13,-13.50,1.45,1.68,7.61,16.74,10.14,57.56,422.41,27.72,66.33,13.63,2.47,106.63,16.89,5.23,22.12,10.09,12.03,6.52,15.84,6.11,38.81,8.90,3.13,0.00,6.52,2.38
Ujaas Energy,533644,UEL,INE899L01030,Power,Power Generation,184.47,3.93,2365.09,601.80,22.12,3.89,3.12,0.27,2.17,50.33,24.00,75.33,-26.92,-47.74,74.96,0.00,0.00,0.00,0.00,0.00,25.04,673.81,613.33,407.27,130.38,130.38,-13.89,-83.02,30.52,0.24,0.07,8.45,11.03,7.42,4.42,26.94,10.84,11.34,16.41,0.16,2.65,-3.24,6.56,3.32,0.10,3.22,2.49,-122.26,93.96,11.11,3.17,0.05,0.00,2.49,0.68
Ujjivan Small,542904,UJJIVANSFB,INE551W01018,Banks,Other Bank,71.14,54.32,13838.77,15.28,16.27,7.73,10.75,7.25,3.28,1.38,49404.34,4872.97,14.72,71.50,0.00,0.00,16.81,-0.42,33.45,2.33,49.73,12.26,8.83,17.98,0.00,0.00,54.33,30.81,206.67,1.63,0.53,726.47,941.58,846.20,2948.22,6354.39,3660.18,3794.90,46.40,3.75,1618.84,649.44,248.99,898.43,0.00,898.43,103.22,40.12,6.38,1935.35,135.54,762.89,0.00,103.22,32.32
UltraTech Cem.,532538,ULTRACEMCO,INE481G01011,Cement & Cement Products,Cement & Cement Products,12054.00,5535.50,355155.55,41.18,31.16,12.66,11.10,0.31,0.63,7.09,23755.09,76328.86,17.18,26.72,59.33,0.00,12.36,-1.25,19.69,1.27,8.42,-13.21,-11.87,-10.42,6.56,6.56,13.83,27.07,17.24,88.21,75.54,5808.05,7528.13,646.74,12546.88,75955.13,8985.74,13000.69,16.52,204.94,21275.45,4406.03,141.85,4586.26,1106.78,3479.48,2220.91,20.71,10.57,294.68,3007.80,433.30,-38.38,2254.24,786.89
Umiya Buildcon,532376,UMIYA-MRO,INE398B01018,Telecom -  Equipment & Accessories,Telecom -  Equipment & Accessories,88.15,98.61,165.02,18.36,48.99,12.83,-3.61,1.11,4.19,2.60,127.21,105.62,49.82,62.57,65.45,0.43,0.00,0.00,0.00,0.00,34.55,-61.90,-14.38,-11.46,31.34,31.34,15.44,30.38,-99.24,0.13,16.82,5.96,7.42,2.53,19.37,48.61,19.03,22.13,39.85,3.13,12.83,3.95,38.18,4.86,0.84,4.02,31.43,30.79,8.18,9.34,38.56,2.73,37.27,1.05,7.12
Unick Fix-A-Form,541503,,INE250G01010,Printing & Publication,Printing & Publication,40.10,30.20,21.99,26.49,6.81,6.35,2.45,0.56,1.17,1.52,19.85,29.80,5.00,-68.08,71.57,0.00,0.00,0.00,0.00,0.00,27.98,-604.55,225.81,140.32,15.97,15.97,-4.79,-60.38,-0.89,2.02,2.04,2.61,3.52,0.18,8.97,55.98,5.59,9.15,16.02,4.76,17.15,3.13,0.02,3.15,0.88,2.27,1.12,18.25,6.53,5.49,1.51,0.76,0.00,1.12,0.39
Unimech Aero.,544322,UNIMECH,INE0U3I01011,Aerospace & Defense,Aerospace & Defense,1259.80,1018.16,6424.33,89.20,67.91,11.85,9.00,0.17,4.81,6.74,126.73,711.96,15.57,-12.11,79.82,0.00,0.43,0.05,5.60,-0.39,14.16,6.74,-9.83,11.41,22.73,22.73,98.28,77.98,45.71,5.48,3.76,77.41,101.90,24.77,92.17,242.93,99.09,109.65,37.94,16.41,62.99,19.80,11.44,31.24,5.89,25.35,19.12,31.43,30.35,25.43,24.20,1.15,0.00,19.12,5.04
Union Bank (I),532477,UNIONBANK,INE692A01016,Banks,Public Sector Bank,174.00,214.51,132894.58,6.44,7.28,6.30,15.70,9.74,2.03,1.38,1359639.02,131892.86,-1.33,9.73,74.76,0.00,8.63,-0.74,11.97,0.46,4.64,2.51,1.43,6.17,0.00,0.00,4.30,-1.76,27.41,7.39,5.80,18024.22,23423.87,21561.98,71862.05,106600.23,92337.94,93421.82,67.41,23.62,27098.61,18254.45,4869.00,23123.45,0.00,23123.45,4427.94,67.36,16.34,7633.61,5268.68,17854.77,0.00,4427.94,1132.11
Uniroyal Ind,521226,,INE980D01019,Textiles & Apparels,Other Textile Products,19.95,11.69,16.50,71.74,24.39,1.59,-3.57,0.71,1.33,0.97,13.63,11.00,11.33,146.94,56.41,0.00,0.00,0.00,0.00,-0.05,43.59,-157.14,-500.00,,14.95,14.95,-1740.00,-100.00,-114.81,0.15,-0.98,0.48,0.70,0.85,3.81,112.51,2.78,4.68,3.39,0.56,25.43,-0.05,0.02,-0.03,0.40,-0.43,-0.81,-0.20,-3.19,8.27,-0.84,0.41,0.00,-0.81,-0.02
United Spirits,532432,UNITDSPR,INE854D01024,Beverages,Breweries & Distilleries,1530.00,317.13,111284.68,60.05,51.47,26.39,21.43,0.05,1.81,17.96,413.00,8808.00,3.12,15.37,56.68,0.00,12.89,-1.52,17.14,1.78,13.29,-14.10,-47.04,-27.66,28.58,28.58,-32.76,-7.05,11.03,6.37,5.73,1502.53,2135.00,271.00,2236.00,12069.00,2116.00,2399.00,18.53,21.75,3021.00,638.00,58.00,710.00,76.00,634.00,417.00,21.12,14.14,145.00,571.00,49.00,-14.00,427.05,154.00
Universal Auto.,539314,,INE203T01012,Auto Components,Auto Components & Equipments,52.00,,64.66,,30.39,-0.21,-4.62,0.99,1.37,-0.35,71.22,59.51,12.06,-386.29,48.15,0.04,0.00,0.00,0.00,0.00,51.84,3.87,-18.37,138.54,20.90,20.90,-23.67,-68.00,-336.76,-1.29,0.55,2.34,3.28,0.54,16.44,193.35,6.57,16.97,8.50,1.89,46.63,3.00,0.49,3.49,2.45,1.04,0.68,6.43,1.46,12.43,0.22,0.82,0.00,0.68,-0.47
Unjha Formul.,531762,,INE576D01015,Pharmaceuticals & Biotechnology,Pharmaceuticals,28.75,21.04,12.88,26.83,33.57,27.79,20.06,0.00,2.53,,0.00,-0.64,12.93,433.33,36.92,0.00,0.00,0.00,0.00,0.00,63.07,-121.62,-130.61,-142.22,8.78,8.78,-54.76,-207.14,-58.97,0.36,0.87,0.41,0.52,0.11,0.52,13.86,0.53,0.63,3.75,0.92,3.63,0.42,0.00,0.42,0.03,0.39,0.39,11.57,10.74,4.48,0.39,0.00,0.00,0.39,0.00
Updater Services,543996,UDS,INE851I01011,Commercial Services & Supplies,Diversified Commercial Services,206.06,303.65,1378.15,15.11,19.78,9.98,8.88,0.04,2.32,18.26,44.91,985.38,7.88,-25.24,59.09,0.00,3.50,-0.53,9.41,-3.55,27.99,10.63,-8.63,-0.63,20.06,20.06,7.71,8.40,4.45,4.44,4.27,118.43,144.73,35.37,166.84,2736.06,154.59,201.72,6.10,17.74,700.24,39.30,5.05,44.35,11.18,33.17,28.99,5.61,4.14,66.95,31.05,2.12,0.00,28.59,2.06
UPL,512070,UPL,INE628A01036,Fertilizers & Agrochemicals,Pesticides & Agrochemicals,620.00,452.38,52313.45,26.47,22.13,10.11,5.64,0.68,1.20,1.98,23576.00,34527.00,12.86,36.49,33.50,0.00,42.39,0.61,14.32,-0.31,9.77,-105.64,-72.59,-60.73,33.85,33.85,-2.08,149.36,-58.52,0.12,-1.04,889.62,829.00,78.00,7128.00,46637.00,4778.00,7528.00,15.28,10.62,9216.00,1396.00,152.00,1557.00,731.00,826.00,-176.00,15.15,-1.92,159.00,-190.00,1007.00,-9.00,-88.36,-14.00
Urban Company,544515,URBANCO,INE0CAZ01013,Retailing,E-Retail/ E-Commerce,146.19,,22552.10,,52.74,-7.82,-12.01,0.06,2.45,-19.81,135.79,1997.37,39.46,-240.58,19.02,0.00,55.28,-0.49,11.42,0.68,9.74,-42.84,-21.96,-18.66,2.20,2.20,626.94,793.66,-1427.38,-0.60,0.14,239.53,28.55,116.45,-39.93,1144.47,39.28,76.28,-3.49,4.90,367.27,-13.40,31.22,17.82,9.50,8.32,6.94,-3.65,1.89,48.98,5.64,2.68,0.00,6.94,-1.30
Usha Martin,517146,USHAMART,INE228A01035,Industrial Products,Iron & Steel Products,504.05,227.53,15348.13,28.16,21.73,19.47,15.10,0.07,3.28,42.14,228.57,3271.42,8.54,34.83,40.28,-0.24,15.10,0.33,15.26,0.45,29.24,-4.05,-11.06,-1.66,16.77,16.77,43.84,46.28,40.90,4.66,3.31,405.31,526.85,57.20,597.06,3474.16,554.71,652.57,17.19,13.37,887.19,144.61,19.96,164.57,28.69,135.88,100.81,16.30,11.36,30.52,129.63,6.25,0.00,100.93,28.82
Ushakiran Fin.,511507,,INE697C01011,Finance,Non Banking Financial Company (NBFC),30.69,,7.79,,21.17,0.13,-0.27,0.00,12.00,,0.00,10.77,-9.26,-117.39,47.82,0.00,0.00,0.00,0.00,0.00,52.18,-188.89,-191.67,-200.00,0.00,0.00,22.22,-222.22,14.29,0.31,0.28,0.24,0.29,0.12,0.20,0.43,0.29,0.32,46.51,0.94,0.18,0.09,0.00,0.09,0.01,0.08,0.07,50.00,38.89,2.54,0.08,0.00,0.00,0.07,0.02
UTI AMC,543238,UTIAMC,INE094J01016,Capital Markets,Asset Management Company,915.75,540.42,11764.49,22.03,38.43,15.57,10.33,0.03,1.86,62.21,140.93,4376.11,1.63,-25.24,0.00,0.00,6.89,-0.22,59.62,-0.45,33.51,-671.27,-2837.61,-3259.12,4.05,4.05,12.54,-103.56,15.76,22.86,18.50,731.69,1052.17,8.56,1101.86,1851.09,1065.17,1110.71,59.52,57.16,546.89,339.95,1.72,341.67,12.27,329.40,253.86,62.16,46.42,128.06,326.02,3.38,0.00,236.85,72.16
Utkarsh Small F.,543942,UTKARSHBNK,INE735W01017,Banks,Other Bank,14.56,,2587.44,,16.27,1.46,-40.03,8.82,1.84,0.35,24483.42,996.08,-8.11,-167.70,42.67,0.00,11.90,0.41,9.54,-0.02,35.88,-81.96,82.04,162.49,0.00,0.00,1222.96,404.01,-85.84,-0.19,-1.35,23.32,27.65,599.83,1246.45,3764.93,1769.47,1846.04,33.11,0.13,880.91,22.47,137.75,160.22,0.00,160.22,-239.48,2.55,-27.19,1101.61,-318.87,479.09,0.00,-239.48,-79.39
V B Desai Fin.,511110,,INE848D01018,Finance,Other Financial Services,20.00,22.00,9.06,9.44,26.72,9.29,6.97,0.00,8.40,,0.00,8.38,-2.32,52.38,42.27,0.00,0.94,0.00,0.00,0.00,56.81,38.10,53.57,1500.00,10.85,10.85,,,45.00,0.64,0.44,0.56,0.77,0.01,0.76,3.31,0.77,0.77,22.96,1.24,0.96,0.00,0.27,0.27,0.00,0.27,0.20,0.00,20.83,4.54,0.27,0.00,0.00,0.20,0.07
V-Guard Industri,532953,VGUARD,INE951I01027,Consumer Durables,Household Appliances,314.70,166.44,13747.53,36.17,48.95,18.38,14.39,0.07,1.64,45.89,165.26,2329.37,13.36,31.69,53.22,0.00,12.01,-0.06,23.24,-0.15,11.52,16.16,16.47,11.86,8.44,8.44,54.51,38.13,76.37,2.98,1.69,307.54,413.95,20.00,514.12,5577.82,433.49,529.15,9.22,7.20,1466.08,123.59,5.25,128.84,26.31,102.53,73.85,8.43,5.04,43.68,98.26,4.27,0.00,73.85,24.41
V-Mart Retail,534976,VMART,INE665J01013,Retailing,Diversified Retail,777.95,228.59,6188.19,44.63,34.12,13.23,14.20,1.01,1.02,3.24,957.59,871.64,19.09,161.10,44.15,-0.05,16.47,-0.45,30.90,-0.97,8.48,318.53,157.10,51.15,0.00,0.00,27.32,-15.76,40.51,5.93,4.23,23.98,43.96,33.65,379.76,3253.86,158.60,391.59,11.67,5.78,885.22,126.17,2.93,129.10,67.92,61.18,33.60,14.25,3.80,79.37,42.94,18.24,0.00,33.60,9.34
Vakrangee,511431,VAKRANGEE,INE051B01021,IT - Services,IT Enabled Services,5.99,1.25,646.67,60.57,24.65,7.51,5.40,0.02,1.81,10.13,3.81,105.42,-8.79,40.28,40.05,0.00,0.35,-0.10,4.05,-0.08,55.55,38.89,53.96,39.20,8.46,8.46,-15.09,-39.00,-32.23,0.02,0.03,6.66,9.60,4.02,24.11,255.01,11.43,28.13,9.45,0.06,68.84,7.82,1.51,9.33,4.30,5.03,3.32,11.36,4.82,108.32,4.67,0.36,0.00,3.19,1.35
Vapi Enterprise,502589,,INE464D01014,"Paper, Forest & Jute Products",Paper & Paper Products,155.25,91.41,35.40,24.41,16.85,5.32,4.07,0.01,40.65,,0.47,34.82,2.61,11.28,38.35,0.00,0.00,0.00,0.01,0.00,61.64,-14.29,-7.69,-7.69,0.00,0.00,-7.69,0.00,-10.00,1.58,1.75,1.33,1.75,2.17,-0.41,0.00,1.76,1.77,,5.79,0.62,0.52,0.00,0.52,0.00,0.52,0.40,83.87,64.52,2.28,0.52,0.00,0.00,0.40,0.12
Vardhman Acrylic,,VARDHACRLC,INE116G01013,Textiles & Apparels,Other Textile Products,45.11,51.42,362.52,8.69,24.39,11.77,11.06,0.00,3.50,297.75,0.00,173.56,11.41,351.52,74.97,0.00,0.03,0.01,0.00,0.00,25.00,4.04,53.18,76.24,3.41,3.41,-2914.29,-1696.83,826.86,2.02,0.22,11.70,16.05,15.52,3.78,281.57,16.14,19.14,1.34,1.47,69.39,-0.63,3.66,3.03,0.69,2.34,1.75,-0.91,2.52,80.36,2.30,0.04,0.00,1.75,0.55
Vardhman Special,534392,VSSL,INE050M01012,Industrial Products,Iron & Steel Products,304.00,208.43,2942.61,20.53,21.73,15.38,11.76,0.07,2.90,17.51,93.00,1180.63,1.31,64.91,51.06,0.00,0.55,0.00,3.27,-0.07,45.12,21.22,20.48,26.80,15.38,15.38,83.63,44.81,106.98,4.26,2.43,92.06,125.06,29.11,148.05,1764.41,142.29,175.76,8.39,11.39,433.70,31.82,7.50,39.32,9.00,30.32,19.90,7.34,4.59,81.73,26.76,3.56,0.00,19.90,6.87
Vardhman Textile,502986,VTL,INE825A01020,Textiles & Apparels,Other Textile Products,588.35,367.06,17029.85,20.08,24.39,8.86,7.30,0.18,4.15,12.79,1854.98,10456.82,3.29,-0.47,65.08,-0.01,6.07,0.38,14.69,-1.32,14.15,66.21,83.99,61.02,12.82,12.82,45.41,-9.70,51.46,10.70,7.16,849.68,1168.24,383.69,1262.75,9784.88,1201.10,1602.02,12.91,30.54,2385.66,325.70,82.36,408.06,109.42,298.64,207.68,13.65,8.71,56.90,276.11,22.53,0.00,207.17,68.43
Varun Beverages,540180,VBL,INE200M01039,Beverages,Other Beverages,445.00,251.67,150468.66,44.44,44.44,19.71,16.21,0.13,1.94,23.50,2508.18,18902.30,14.46,18.88,59.43,0.00,19.03,-0.48,15.16,0.81,6.33,73.59,67.87,53.36,5.18,5.18,17.08,-23.66,15.08,4.50,3.89,2650.53,3433.09,45.07,4818.27,20007.65,3989.90,4937.29,24.08,7.67,7017.37,1997.59,77.16,2074.75,306.15,1768.60,1325.48,28.47,18.89,676.38,1732.05,36.55,0.00,1317.02,406.55
Vedant Fashions,543463,MANYAVAR,INE825V01034,Retailing,Speciality Retail,418.75,197.47,10160.01,26.33,49.88,23.55,20.03,0.23,3.67,10.22,457.59,1940.04,1.95,-2.61,74.94,0.00,7.95,-0.33,13.19,0.57,3.92,-29.48,-26.55,-26.76,44.73,44.73,8.62,48.30,14.73,3.32,2.89,377.05,519.50,85.16,642.61,1386.48,559.44,712.50,46.35,15.99,281.19,120.59,25.83,146.42,39.78,106.64,70.26,42.89,24.99,24.30,92.51,14.13,0.00,70.26,22.25
Vedanta,500295,VEDL,INE205A01025,Diversified Metals,Diversified Metals,267.25,505.35,104505.12,9.50,32.21,16.08,38.15,0.66,0.36,8.21,32947.00,49261.00,2.02,36.95,54.72,-1.66,15.78,1.85,10.83,-2.60,18.45,-15.33,18.15,12.46,1.47,1.47,98.81,76.78,77.65,14.00,8.14,15101.33,22887.00,12739.00,18578.00,62717.00,16005.00,20238.00,29.62,38.33,15754.00,4276.00,2737.00,4658.00,1116.00,3542.00,4457.00,27.14,13.34,391.00,5288.00,609.00,2355.00,1502.10,831.00
Vedanta Aluminium Metal,544780,VAML,INE1CDF01017,Non - Ferrous Metals,Aluminium,459.95,,179858.30,11.36,18.73,,,,,5.96,,,,,56.38,,12.55,,13.90,,16.93,33.06,24.33,23.31,,,134.82,90.42,205.13,14.39,178100.00,,,,,,,,,,14654.00,4386.00,208.00,4594.00,701.00,3893.00,2162.00,29.93,14.75,0.01,2893.00,1000.00,0.00,1781.00,731.00
Vedanta Iron & Steel,544784,VISL,INE1CLE01013,Ferrous Metals,Iron & Steel,33.89,,13252.30,,17.28,,,,,0.62,,,,,56.38,,5.38,,12.09,,25.92,-106.24,-34.51,-8.14,,,55.35,69.11,-183.45,0.31,-14200.00,,,,,,,,,,3095.00,327.00,267.00,572.00,199.00,373.00,-145.00,10.57,-5.40,391.00,-66.00,461.00,22.00,-163.54,79.00
Vedanta Oil and Gas,544782,VOGL,INE704J01044,Oil,Oil Exploration & Production,35.24,,13780.21,64.10,64.10,,,,,1.32,,,,,56.38,,7.68,,8.63,,27.10,-297.29,672.41,-7.71,,,61.19,74.65,-1008.65,2.42,-44.08,,,,,,,,,,2311.00,505.00,231.00,825.00,664.00,161.00,-104.00,21.85,-0.65,5.00,-95.00,167.00,-89.00,-14.86,9.00
Vedanta Power,544781,VEDPOWER,INE694L01019,Power,Power Generation,35.20,,13760.58,22.41,22.12,,,,,1.08,,,,,56.38,,8.51,,13.01,,21.89,-404.32,-80.52,-51.01,,,-30.22,42.45,-580.68,-1.08,0.27,,,,,,,,,,1986.00,417.00,5.00,422.00,169.00,253.00,88.00,21.00,4.43,3911.00,102.00,151.00,0.00,88.00,14.00
Vega Jewellers,512026,,INE603D01017,Commercial Services & Supplies,Trading & Distributors,61.95,,315.21,5.75,22.35,,24.22,1.69,1.53,5.29,277.85,153.99,,,71.15,0.00,0.00,0.00,0.00,0.00,28.86,33.05,28.43,30.68,0.35,0.35,319.89,221.30,483.02,3.62,0.70,,,,,,,,,,150.40,9.20,0.51,9.71,1.15,8.56,3.77,6.12,2.51,0.48,5.62,2.94,0.00,3.37,1.85
Veljan Denison,505232,VELJAN,INE232E01013,Auto Components,Auto Components & Equipments,1694.30,1001.61,765.18,30.23,30.39,14.88,10.85,0.00,7.68,86.49,0.87,235.96,1.42,3.01,74.98,0.00,0.00,0.00,0.01,0.00,25.02,13.55,12.50,11.10,22.69,22.69,2.61,-7.64,4.92,16.58,15.80,22.50,30.74,2.76,33.45,141.58,31.20,36.23,23.63,49.96,38.53,10.34,0.67,11.01,1.32,9.69,7.11,26.84,18.45,4.50,9.63,0.06,0.00,7.11,2.52
Venus Remedies,526953,VENUSREM,INE411B01019,Pharmaceuticals & Biotechnology,Pharmaceuticals,1584.10,854.52,2137.74,18.40,33.57,21.67,16.79,0.02,2.44,5054.67,12.41,650.38,19.52,148.57,41.76,0.00,2.92,0.12,0.89,-0.31,54.44,-51.64,-51.25,-46.09,12.73,12.73,122.30,312.35,139.27,17.18,7.18,37.56,71.82,30.87,63.53,640.05,60.35,82.86,9.93,33.90,137.18,15.38,3.41,18.79,6.18,12.61,9.60,11.21,7.00,13.37,12.60,0.01,0.00,9.60,3.00
Vertex Secur.,531950,,INE316D01024,Finance,Other Financial Services,3.26,,34.86,,26.72,-12.04,-25.04,0.59,1.65,-8.46,5.98,-8.37,-14.59,-184.78,36.44,0.00,0.00,0.00,0.00,0.00,63.57,-72.22,-72.66,-82.61,46.24,46.24,350.00,2487.50,207.69,-0.03,-0.01,-0.70,-0.71,0.28,-0.25,8.83,-0.24,0.03,-2.83,-0.05,1.99,-0.08,0.14,0.06,0.07,-0.01,-0.13,-4.02,-6.53,14.80,-0.12,0.11,0.00,-0.13,0.02
Vertis Infra.,,VERTIS,INE0KXY23015,Transport Infrastructure,"Road AssetsToll, Annuity, Hybrid-Annuity",112.00,184.85,16911.82,19.35,19.35,11.03,9.53,1.80,1.39,2.09,11573.98,-6443.95,62.18,76.84,,,,,,,,48.67,15.67,13.11,2.15,2.15,33.07,17.65,164.01,2.03,0.71,450.22,620.07,153.21,1512.16,2127.15,978.06,1638.71,71.09,3.10,830.08,643.56,17.31,660.87,291.77,369.10,129.72,77.53,15.63,15099.84,146.16,222.94,0.00,107.01,16.44
Viceroy Hotels,523796,VHLTD,INE048C01025,Leisure Services,Hotels & Resorts,133.00,55.91,909.86,39.92,28.87,7.12,7.17,0.99,1.22,2.68,263.96,199.22,24.45,-69.16,84.11,0.00,0.00,0.00,0.04,0.00,15.84,-75.83,-36.76,-20.03,3.90,3.90,206.67,283.47,-148.01,0.21,-0.45,77.33,20.53,4.19,33.43,137.29,24.83,36.96,24.35,11.54,25.37,3.75,1.08,4.83,3.44,1.39,-3.02,14.78,-11.90,67.58,0.38,1.01,0.00,-3.02,3.40
Vidhi Specialty,531717,VIDHIING,INE632C01026,Chemicals & Petrochemicals,Specialty Chemicals,340.90,122.12,1699.78,31.74,28.94,18.76,15.57,0.18,3.31,17.75,57.60,324.04,13.21,11.96,64.28,0.00,0.06,-0.06,0.04,0.04,35.64,28.89,26.38,26.07,32.61,32.61,26.68,0.49,34.67,3.43,2.55,43.57,60.16,1.59,68.51,382.30,62.65,70.10,17.92,8.72,87.90,20.54,0.49,21.03,2.36,18.67,12.72,23.37,14.47,4.99,17.17,1.50,0.00,12.72,4.45
Vigor Plast,,VIGOR,INE1DM601016,Industrial Products,Plastic Products - Industrial,93.05,159.03,96.33,9.85,21.98,35.21,34.56,0.16,1.76,11.99,6.53,29.65,59.49,84.18,70.05,0.00,2.86,-3.32,4.51,0.46,22.58,-19.01,-13.58,-11.93,8.57,8.57,26.57,43.71,39.39,2.22,2.10,5.15,6.85,0.44,12.08,45.58,8.61,12.52,26.50,6.56,11.36,3.50,0.01,3.51,0.91,2.60,1.65,30.81,14.52,7.85,2.17,0.43,0.00,1.65,0.52
Viji Finance,537820,VIJIFIN,INE159N01027,Finance,Non Banking Financial Company (NBFC),10.41,4.78,212.99,51.57,21.17,10.16,8.80,0.31,0.29,9.51,7.25,9.11,129.24,41200.00,32.99,-14.69,0.00,0.00,0.17,-0.08,66.84,-46.98,-16.18,-71.70,0.00,0.00,-475.00,-1425.00,-445.45,0.07,-0.02,0.17,0.22,0.35,0.72,2.58,0.72,1.07,27.91,0.01,0.57,-0.16,0.09,-0.07,0.08,-0.15,-0.33,-28.07,-57.89,14.25,-0.33,0.18,0.00,-0.33,0.00
Vimta Labs,524394,VIMTALABS,INE579C01029,Healthcare Services,"Healthcare Research, Analytics & Technology",620.15,387.79,2774.45,34.34,44.60,25.23,18.87,0.01,3.40,100.68,3.33,447.94,14.22,12.61,35.66,-0.19,4.41,-0.48,0.37,0.24,59.55,-0.33,-2.69,-5.21,25.24,25.24,10.77,16.86,11.38,4.71,4.24,67.32,89.59,4.83,121.95,343.98,90.87,126.16,35.45,15.13,97.56,33.69,1.75,35.44,9.86,25.58,18.89,34.53,19.36,8.90,25.26,0.32,0.00,18.89,6.36
Vinati Organics,524200,VINATIORGA,INE410B01037,Chemicals & Petrochemicals,Specialty Chemicals,1323.10,1081.61,13710.22,27.50,28.94,21.33,16.20,0.00,5.25,16550.25,0.00,3206.24,5.21,12.79,74.29,0.00,3.65,-0.07,9.20,-0.71,12.86,-10.14,-7.73,-0.99,22.33,22.33,9.34,10.43,9.56,11.92,10.88,415.23,548.23,44.29,586.56,2248.10,550.10,630.85,26.09,40.05,542.26,165.82,7.30,173.12,21.28,151.84,112.78,30.58,20.80,10.37,151.47,0.37,0.00,112.78,38.69
Vinayak Polycon,534639,,INE581M01016,Industrial Products,Packaging,21.52,3.58,6.63,220.97,21.77,4.36,0.99,0.77,1.64,1.54,3.89,1.98,-5.13,-86.96,59.81,0.04,0.00,0.00,0.00,0.00,40.19,-166.67,57.14,20.00,13.77,13.77,4.35,-13.04,-20.00,0.13,0.16,0.22,0.30,0.03,1.28,21.17,0.62,1.31,6.05,0.71,5.07,0.23,0.00,0.23,0.13,0.10,0.05,4.54,0.99,3.08,0.05,0.05,0.00,0.05,0.00
Vintage Coffee,538920,VINCOFE,INE498Q01014,Agricultural Food & other Products,Tea & Coffee,152.39,177.33,2212.45,28.10,25.33,18.18,16.55,0.22,4.38,11.23,123.63,423.52,67.12,57.99,34.65,0.00,5.39,0.55,9.59,1.97,50.38,-1.05,-4.32,3.34,21.78,21.78,75.11,69.46,46.10,1.43,1.09,40.00,44.14,4.00,52.98,308.52,49.96,56.81,17.17,3.19,101.61,18.04,1.02,19.06,1.82,17.24,14.23,17.75,14.00,127.28,15.56,1.68,0.00,14.23,1.32
Vinyl Chemicals,524129,VINYLINDIA,INE250B01029,Chemicals & Petrochemicals,Trading - Chemicals,246.25,150.93,448.40,24.02,24.02,14.86,9.80,0.00,1.76,228.73,0.49,128.42,-3.22,-14.59,50.41,0.00,0.00,-0.02,0.05,0.03,49.52,42.37,44.97,-5.63,20.54,20.54,36.04,44.16,48.76,3.61,2.43,18.95,30.40,5.01,25.53,625.25,25.81,25.91,4.08,12.18,151.23,1.97,4.09,6.06,0.03,6.03,4.45,1.30,2.94,1.83,6.02,0.01,0.00,4.45,1.57
Vinyoflex,530401,,INE526H01011,Chemicals & Petrochemicals,Commodity Chemicals,52.12,95.04,22.51,6.56,21.02,12.43,9.33,0.00,10.49,230.00,0.00,32.53,-0.56,38.31,50.57,-0.66,0.00,0.00,0.00,0.00,49.42,-22.22,-21.68,-18.49,29.47,29.47,43.37,75.90,35.48,1.94,1.44,2.58,3.45,0.56,3.55,41.81,3.55,4.11,8.49,5.97,9.02,0.83,0.15,0.98,0.14,0.84,0.62,9.20,6.87,4.32,0.83,0.01,0.00,0.62,0.21
Virtual Global,534741,,INE247C01023,Other Consumer Services,Education,0.44,,24.92,,21.81,-0.46,-0.49,0.00,8.17,,0.00,18.45,,26.47,8.59,0.00,0.66,0.00,0.02,0.00,90.73,-133.33,-133.33,-58.82,50233.33,50233.33,-22.22,88.89,,0.00,0.00,-0.39,-0.37,1.06,-1.38,0.00,-0.37,-0.32,,-0.01,0.00,-0.18,0.20,0.02,0.01,0.01,0.00,,,42.37,0.01,0.00,0.00,0.00,0.00
Vishal Mega Mart,544307,VMM,INE01EA01019,Retailing,Diversified Retail,111.20,36.14,52089.52,58.40,34.12,14.79,12.15,0.27,1.60,7.76,1987.98,2740.14,19.83,29.66,40.09,-0.03,20.43,-1.58,34.80,2.06,4.68,54.10,44.38,28.22,0.21,0.21,18.61,-7.50,25.57,0.55,0.44,608.93,849.29,56.10,1563.71,10716.35,997.97,1588.21,14.59,1.37,3140.32,459.18,17.00,476.18,159.09,317.09,206.07,14.62,6.56,4661.37,275.95,41.14,0.00,206.07,69.89
Vishnu Chemicals,516072,VISHNU,INE270I01022,Chemicals & Petrochemicals,Specialty Chemicals,599.70,526.30,4031.97,26.94,28.94,16.28,14.26,0.49,1.60,5.96,527.23,1055.69,16.61,16.57,69.21,0.00,2.51,0.21,5.94,0.22,22.35,-8.66,-2.65,-14.65,18.30,18.30,17.48,37.65,23.03,5.89,4.79,126.53,168.23,15.31,229.49,1446.56,206.50,244.66,15.86,18.81,346.92,55.72,4.63,60.35,10.08,50.27,32.22,16.06,9.29,13.46,41.84,8.43,0.00,32.22,9.61
Vivanta Indust.,541735,,INE299W01022,Construction,Civil Construction,1.65,3.31,21.25,20.44,18.04,2.56,3.50,1.01,1.50,34.00,17.68,4.56,39.25,200.00,10.60,0.00,0.00,0.00,0.00,0.00,89.39,-222.50,-298.00,-138.46,12.23,12.23,-1100.00,2500.00,81.48,0.08,0.04,-1.32,-1.31,0.58,-1.39,108.61,-1.22,-0.81,-1.28,-0.10,75.89,-0.05,0.68,0.63,0.05,0.58,0.54,-0.07,0.71,12.88,0.54,0.04,0.00,0.54,0.00
Vivo Bio Tech,511509,,INE380K01017,Pharmaceuticals & Biotechnology,Biotechnology,21.25,,47.15,,51.11,7.29,-2.00,0.72,0.94,1.66,67.38,70.97,12.33,-133.73,30.62,-4.81,0.00,0.00,0.00,0.00,69.39,-103.68,-8.67,13.48,21.32,21.32,-7.85,-18.80,-85.82,0.09,0.67,3.76,8.79,4.80,20.56,46.67,11.73,20.75,44.05,4.24,12.51,5.48,0.14,5.62,2.64,2.98,1.34,43.80,10.71,19.89,1.48,1.50,0.00,1.34,0.14
Volt.Transform.,532757,VOLTAMP,INE540H01012,Electrical Equipment,Heavy Electrical Equipment,10021.00,7240.10,10137.65,31.97,33.62,23.50,17.35,0.00,4.01,264.56,0.54,1781.69,17.84,-2.60,30.00,0.00,21.53,-1.29,33.85,2.19,14.57,90.44,75.59,-1.31,11.96,11.96,10.55,12.02,14.67,90.16,78.63,314.34,436.30,84.70,366.22,1934.23,428.92,442.09,18.93,321.64,423.58,72.64,35.69,108.33,3.37,104.96,79.55,17.15,18.78,10.12,104.65,0.31,0.00,79.55,25.10
VST Industries,509966,VSTIND,INE710A01016,Cigarettes & Tobacco Products,Cigarettes & Tobacco Products,219.29,226.24,3724.88,13.37,11.98,28.13,21.04,0.00,2.14,,0.00,1275.82,3.55,32.29,32.16,0.00,1.79,0.45,6.03,-0.60,59.83,-63.65,-62.29,-76.17,3.30,3.30,-35.43,170.92,-24.43,2.50,3.30,166.15,369.61,135.29,278.81,1397.76,268.49,312.98,19.95,17.10,297.90,76.93,10.81,87.74,11.75,75.99,56.13,25.82,18.84,169.86,75.99,0.00,0.00,56.13,19.86
Waaree Energies,544277,WAAREEENER,INE377N01017,Electrical Equipment,Other Electrical Equipment,2676.00,5624.07,77038.73,19.14,30.76,38.78,32.83,0.22,1.38,19.25,3212.62,14149.69,94.31,81.21,64.12,-0.07,8.57,1.51,4.08,-0.24,23.23,-20.81,-12.03,-8.68,8.30,8.30,44.38,58.10,15.39,29.56,25.94,1860.28,2564.64,397.54,2721.64,14444.50,2706.89,3109.34,18.84,65.00,4425.83,997.32,171.35,1168.67,182.06,986.61,772.89,22.53,17.46,287.28,943.36,43.25,0.00,745.20,170.47
Waaree Renewab.,534618,WAAREERTL,INE299N01021,Electrical Equipment,Other Electrical Equipment,919.65,2098.99,9605.63,18.82,30.76,85.38,69.12,0.12,1.35,41.00,114.90,918.61,80.19,75.63,74.32,0.00,1.98,0.13,0.09,0.00,23.61,-27.22,-22.72,-22.87,33.10,33.10,35.67,75.89,32.30,10.97,8.30,230.42,301.02,11.11,311.00,1597.46,317.08,323.33,19.47,22.01,603.10,117.56,4.93,122.49,2.20,120.29,86.54,19.49,14.35,20.85,116.73,3.56,0.00,86.54,30.18
Walchand People,501370,,INE695D01021,Commercial Services & Supplies,Consulting Services,153.30,293.39,44.52,9.89,38.25,15.66,11.98,0.00,2.69,147.00,0.15,27.69,17.04,50.00,57.55,0.00,0.00,0.00,0.32,0.00,42.11,-2625.00,-8333.33,275.00,13.21,13.21,-3100.00,-900.00,104.04,6.96,3.41,1.80,2.14,2.67,-0.08,30.80,2.19,2.59,-0.26,6.20,7.58,-0.04,1.27,1.23,0.07,1.16,0.99,-0.53,13.06,2.90,1.15,0.01,0.00,0.99,0.15
Waterways Leisur,544802,CORDELIA,INE0LZF01013,Leisure Services,"Tour, Travel Related Services",806.75,,5844.70,145.61,33.00,63.99,92.30,1.47,0.52,6.81,117.77,15.05,-1.84,-37.98,89.35,,6.41,,1.09,,3.15,26.36,25.70,20.98,0.84,0.84,-18.35,-32.51,-34.51,3.15,5.34,84.07,189.57,82.67,213.23,590.61,157.32,220.31,36.10,26.00,176.32,55.16,1.03,56.19,7.43,48.76,34.77,31.28,19.72,65.15,47.43,1.33,0.00,34.77,12.66
Welspun Corp,532144,WELCORP,INE191B01025,Industrial Products,Iron & Steel Products,1715.30,1380.80,45175.48,19.56,21.73,22.89,19.42,0.26,1.23,15.90,2355.45,9023.66,20.21,41.66,49.73,0.00,14.61,3.38,19.96,-1.53,15.68,182.10,126.47,37.42,9.94,9.94,31.87,-4.04,200.11,39.67,13.31,1212.32,2261.88,1248.31,1684.29,13977.54,1754.17,2105.24,12.05,72.73,3551.49,525.01,84.00,609.01,84.78,524.23,349.16,14.78,9.83,131.61,461.05,63.18,0.00,350.42,111.89
Welspun Special.,500365,WELSPLSOL,INE731F01037,Industrial Products,Iron & Steel Products,50.73,17.29,3363.41,117.68,21.73,9.90,4.80,0.08,1.07,2.38,35.09,58.98,15.15,500.28,55.17,0.00,1.30,0.00,0.05,0.05,43.48,21.13,14.02,-5.56,16.27,16.27,144.55,158.93,-788.00,0.08,-0.01,-4.44,-4.00,25.30,30.86,723.72,39.62,55.81,4.26,-0.06,201.32,4.31,9.70,14.01,3.96,10.05,-0.75,2.14,-0.37,397.56,-0.75,10.80,0.00,-0.75,0.00
Wendt India,505412,WENDT,INE274C01019,Industrial Products,Abrasives & Bearings,8206.00,1823.90,1639.90,96.75,70.86,7.82,4.89,0.00,2.88,1312.50,0.00,251.87,7.85,-52.36,37.50,0.00,1.16,0.16,11.96,-0.80,49.37,21.41,13.89,2.23,21.23,21.23,51.10,47.80,63.49,30.90,18.90,34.43,51.23,8.76,53.12,233.72,45.26,55.33,22.73,197.40,52.17,7.28,1.70,8.98,3.44,5.54,3.78,13.95,7.25,2.00,5.53,0.01,0.00,3.78,1.75
Westlife Food,505533,WESTLIFE,INE274F01020,Leisure Services,Restaurants,531.20,26.88,8281.69,,57.39,6.11,0.84,2.92,0.12,0.97,1804.78,587.90,6.75,-186.56,56.39,0.03,6.94,-0.77,28.31,1.05,7.83,-75.21,10.41,6.98,0.64,0.64,8.92,1.82,-52.03,0.04,0.08,7.75,13.05,15.28,329.00,2491.19,147.78,351.88,13.21,0.78,657.63,85.32,6.80,92.12,55.03,37.09,1.23,12.97,0.19,31.19,1.66,35.43,0.00,1.23,0.43
Wework India,544570,WEWORK,INE085001019,Commercial Services & Supplies,Diversified Commercial Services,744.60,228.14,10263.53,118.61,19.78,20.57,29.74,18.18,0.33,1.10,5549.72,169.86,27.10,-54.22,48.30,-1.12,19.64,-0.73,25.90,0.29,6.17,-107.12,-14.85,-2.72,3.17,3.17,30.63,34.28,-68.65,-0.33,-1.09,176.41,-154.88,28.67,1236.98,1941.81,488.89,1311.56,63.70,9.74,533.95,334.73,10.34,345.07,223.27,121.80,-14.61,62.69,-2.74,134.02,-14.61,136.41,0.00,-14.61,0.00
Wheels India,590073,WHEELS,INE715A01015,Auto Components,Auto Components & Equipments,1415.70,1062.42,3467.35,21.21,30.39,18.83,15.79,0.74,0.87,2.90,768.12,1017.03,17.47,39.52,58.31,0.00,1.98,0.83,6.39,-3.25,33.32,-33.79,-21.68,-11.51,14.37,14.37,19.40,34.93,27.30,15.68,12.23,110.90,148.90,11.19,352.49,4744.40,270.46,363.68,7.43,45.39,1265.50,93.65,4.50,98.15,26.46,71.69,30.59,7.40,2.42,24.43,40.96,30.73,0.00,29.88,10.37
Wipro,507685,WIPRO,INE075A01022,IT - Software,Computers - Software & Consulting,188.66,141.43,186904.60,14.14,23.39,17.84,15.46,0.23,0.96,12.10,20291.00,85920.60,6.40,-1.81,72.59,-0.03,8.85,0.53,5.22,-2.64,13.21,-4.69,-4.57,-5.63,14.31,14.31,9.44,15.97,0.59,3.38,3.18,13090.81,17495.70,3909.40,18021.20,89088.40,18912.10,21870.00,20.23,12.54,22134.60,4233.10,1071.50,5304.60,685.50,4619.10,3336.50,19.12,15.07,2096.50,4258.30,360.80,0.00,3330.40,921.80
WPIL,505872,WPIL,INE765D01022,Industrial Manufacturing,Industrial Products,455.95,291.96,4469.67,26.34,31.54,14.58,10.67,0.32,2.06,8.29,502.34,1580.61,8.42,47.15,70.79,0.00,5.60,-0.02,2.77,0.18,20.82,26.82,11.43,-0.50,50.37,50.37,53.03,53.80,129.25,3.47,2.29,130.93,267.02,46.79,292.62,1806.89,304.69,338.14,16.19,13.52,378.58,49.20,11.96,61.18,9.34,51.84,25.74,13.00,6.80,9.77,40.40,11.42,-0.02,22.41,14.66
XPRO India,590013,XPROINDIA,INE445C01015,Industrial Products,Packaging,1302.80,323.85,3067.74,93.93,21.77,3.78,2.80,0.43,4.12,6.07,324.77,736.23,-1.22,76.54,40.32,0.00,13.81,-0.08,2.94,0.05,42.91,-42.49,-25.32,-2.28,12.94,12.94,-728.97,-743.65,-239.05,3.38,-2.46,37.27,52.18,19.86,49.26,535.28,57.08,68.09,9.20,17.04,144.90,-2.52,3.44,0.92,2.98,-2.06,-5.48,-1.74,-3.78,22.30,-3.75,1.69,0.00,-5.48,1.73
Yasho Industries,541167,YASHO,INE616Z01012,Chemicals & Petrochemicals,Specialty Chemicals,3884.80,817.19,4679.63,89.48,28.94,8.44,4.98,1.26,1.34,2.33,557.93,429.26,33.05,374.59,67.94,0.03,5.74,0.04,2.21,0.24,24.11,283.98,123.25,80.53,21.63,21.63,114.05,18.57,547.25,30.22,4.67,5.42,8.34,1.87,116.46,679.85,67.84,117.90,17.13,4.99,197.88,34.09,0.38,34.47,13.18,21.29,5.63,17.23,2.85,12.06,7.53,13.76,0.00,5.63,1.90
Yes Bank,532648,YESBANK,INE528G01035,Banks,Private Sector Bank,23.00,19.02,72191.48,19.12,14.36,5.98,7.10,7.32,3.07,1.24,383881.18,46158.99,-0.45,37.81,0.00,0.00,46.12,-0.30,24.04,2.23,29.83,-0.97,1.56,0.99,0.00,0.00,4.77,3.74,32.54,0.34,0.26,2446.49,3223.94,6156.81,19558.89,30918.81,25222.31,25715.70,63.26,0.78,7604.62,4495.05,1824.55,6319.60,0.00,6319.60,808.65,59.11,10.63,6273.12,1084.68,5234.92,0.00,808.65,275.98
Z F Steering,505163,ZFSTEERING,INE116C01012,Auto Components,Auto Components & Equipments,679.00,434.15,612.90,30.39,30.39,6.48,3.29,0.22,1.25,5.28,106.43,472.27,16.54,58.82,62.75,0.00,0.00,0.00,0.01,0.00,37.23,-1383.15,96.57,-36.07,17.33,17.33,-26.52,14.94,59.72,13.63,8.78,14.89,24.50,20.72,53.12,493.87,30.99,73.77,10.76,16.44,132.93,18.14,5.40,23.54,10.71,12.83,7.15,13.65,5.38,9.07,10.76,2.07,0.00,7.97,3.61
Zee Learn,533287,ZEELEARN,INE565L01011,Other Consumer Services,Education,8.14,10.06,267.77,9.94,21.81,12.64,10.99,1.61,1.01,2.37,378.92,202.32,9.62,33.56,14.98,-0.03,6.51,0.13,0.30,0.08,78.20,-81.46,-45.23,-38.38,11.64,11.64,8.64,76.29,343.16,0.26,0.06,18.39,32.88,4.48,103.49,371.94,87.69,124.09,27.82,0.39,79.14,29.99,0.33,33.62,11.00,22.62,1.90,37.89,3.25,32.71,6.79,12.53,-3.30,2.57,4.90
Zen Technologies,533339,ZENTEC,INE251B01027,Aerospace & Defense,Aerospace & Defense,1656.40,1139.21,14933.63,82.19,67.91,16.18,10.74,0.01,8.86,34.94,18.51,1880.03,-23.50,-27.66,48.51,0.00,6.47,0.48,10.42,0.36,34.22,-32.58,-25.15,-22.49,33.38,33.38,-40.17,-22.81,-39.98,3.82,5.29,280.24,406.08,58.39,382.48,973.64,425.46,440.87,39.28,31.04,158.22,64.22,21.79,86.01,6.34,79.67,53.07,40.59,33.54,9.03,76.21,3.46,0.00,47.75,23.14
Zenotech Lab.,532039,,INE486F01012,Pharmaceuticals & Biotechnology,Pharmaceuticals,44.88,,273.91,,33.57,4.59,-1.17,0.00,3.40,,0.00,34.09,4.25,-150.48,68.84,0.00,0.00,0.00,0.01,0.00,30.17,-85.40,-39.39,405.88,19.69,19.69,-65.04,-93.09,-146.46,-0.08,0.16,4.49,10.69,3.47,14.18,43.05,8.77,15.73,32.94,0.92,9.64,2.46,0.59,3.05,1.77,1.28,0.99,25.52,10.27,61.03,1.28,0.00,0.00,0.99,0.29
Zensar Tech.,504067,ZENSARTECH,INE520A01027,IT - Software,Computers - Software & Consulting,518.00,463.34,11781.61,14.82,23.39,22.75,17.32,0.02,2.08,88.68,79.30,4673.80,8.06,18.00,49.00,-0.01,10.73,0.22,21.98,-1.68,17.94,-12.73,-10.15,-6.24,15.91,15.91,4.89,11.87,0.99,8.08,8.01,612.53,857.70,160.20,816.70,5280.60,845.00,946.90,15.47,28.61,1385.00,210.60,56.70,267.30,23.10,244.20,182.00,15.21,13.14,45.40,240.60,3.60,0.00,182.00,58.60
ZF Commercial,533023,ZFCVINDIA,INE342J01019,Auto Components,Auto Components & Equipments,2447.80,667.32,27864.80,56.70,30.39,19.08,14.36,0.01,4.62,128.96,54.82,3666.89,7.96,2.47,60.00,0.00,5.93,0.14,25.45,-0.76,8.62,-29.89,-29.69,-28.67,22.15,22.15,1.81,42.73,-17.53,8.71,10.56,452.52,606.80,109.14,626.06,3804.09,604.38,727.08,16.46,40.30,963.23,127.93,67.05,194.98,32.19,162.79,120.17,13.28,12.48,9.48,161.48,1.31,0.00,120.17,41.30
Zuari Agro Chem.,534742,ZUARI,INE840M01016,Fertilizers & Agrochemicals,Fertilizers,233.27,1163.32,979.59,3.16,15.20,16.38,15.06,0.31,0.52,5.32,641.64,2046.92,-43.98,21.60,65.20,0.00,2.34,-0.50,0.10,0.01,32.35,-572.87,-3057.14,-510.12,3.51,3.51,-57.98,-110.25,-6.82,28.17,23.54,160.84,303.13,195.34,377.60,4436.09,464.24,565.74,8.51,39.18,1246.05,140.74,72.41,213.15,24.51,188.64,127.38,11.29,10.22,42.06,154.29,34.35,0.00,98.99,26.91